year,round,event_name,country,event_date,circuit,driver_abbreviation,driver_number,constructor,grid_position,finish_position,points,dnf,status,q_position,q1_time,q2_time,q3_time,sprint_position,sprint_points
2014,1,Australian Grand Prix,Australia,2014-03-16 06:00:00,Australian Grand Prix,ROS,6,Mercedes,3.0,1.0,25.0,0,Finished,3.0,92.564,102.264,104.595,,0.0
2014,1,Australian Grand Prix,Australia,2014-03-16 06:00:00,Australian Grand Prix,MAG,20,McLaren,4.0,2.0,18.0,0,Finished,4.0,90.949,103.247,105.745,,0.0
2014,1,Australian Grand Prix,Australia,2014-03-16 06:00:00,Australian Grand Prix,BUT,22,McLaren,10.0,3.0,15.0,0,Finished,11.0,91.396,104.437,,,0.0
2014,1,Australian Grand Prix,Australia,2014-03-16 06:00:00,Australian Grand Prix,ALO,14,Ferrari,5.0,4.0,12.0,0,Finished,5.0,91.388,102.805,105.819,,0.0
2014,1,Australian Grand Prix,Australia,2014-03-16 06:00:00,Australian Grand Prix,BOT,77,Williams,15.0,5.0,10.0,0,Finished,10.0,91.601,103.852,108.147,,0.0
2014,1,Australian Grand Prix,Australia,2014-03-16 06:00:00,Australian Grand Prix,HUL,27,Force India,7.0,6.0,8.0,0,Finished,7.0,93.893,103.658,106.03,,0.0
2014,1,Australian Grand Prix,Australia,2014-03-16 06:00:00,Australian Grand Prix,RAI,7,Ferrari,11.0,7.0,6.0,0,Finished,12.0,92.439,104.494,,,0.0
2014,1,Australian Grand Prix,Australia,2014-03-16 06:00:00,Australian Grand Prix,VER,25,Toro Rosso,6.0,8.0,4.0,0,Finished,6.0,93.488,103.849,105.864,,0.0
2014,1,Australian Grand Prix,Australia,2014-03-16 06:00:00,Australian Grand Prix,KVY,26,Toro Rosso,8.0,9.0,2.0,0,Finished,8.0,93.777,104.331,107.368,,0.0
2014,1,Australian Grand Prix,Australia,2014-03-16 06:00:00,Australian Grand Prix,PER,11,Force India,16.0,10.0,1.0,0,Finished,16.0,94.141,107.293,,,0.0
2014,1,Australian Grand Prix,Australia,2014-03-16 06:00:00,Australian Grand Prix,SUT,99,Sauber,13.0,11.0,0.0,0,+1 Lap,14.0,93.673,105.655,,,0.0
2014,1,Australian Grand Prix,Australia,2014-03-16 06:00:00,Australian Grand Prix,GUT,21,Sauber,20.0,12.0,0.0,0,+1 Lap,19.0,95.117,,,,0.0
2014,1,Australian Grand Prix,Australia,2014-03-16 06:00:00,Australian Grand Prix,CHI,4,Marussia,17.0,13.0,0.0,0,+2 Laps,17.0,94.293,,,,0.0
2014,1,Australian Grand Prix,Australia,2014-03-16 06:00:00,Australian Grand Prix,BIA,17,Marussia,18.0,14.0,0.0,0,+8 Laps,18.0,94.794,,,,0.0
2014,1,Australian Grand Prix,Australia,2014-03-16 06:00:00,Australian Grand Prix,GRO,8,Lotus F1,22.0,15.0,0.0,1,ERS,21.0,96.993,,,,0.0
2014,1,Australian Grand Prix,Australia,2014-03-16 06:00:00,Australian Grand Prix,MAL,13,Lotus F1,21.0,16.0,0.0,1,ERS,22.0,,,,,0.0
2014,1,Australian Grand Prix,Australia,2014-03-16 06:00:00,Australian Grand Prix,ERI,9,Caterham,19.0,17.0,0.0,1,Oil pressure,20.0,95.157,,,,0.0
2014,1,Australian Grand Prix,Australia,2014-03-16 06:00:00,Australian Grand Prix,VET,1,Red Bull,12.0,18.0,0.0,1,Engine,13.0,91.931,104.688,,,0.0
2014,1,Australian Grand Prix,Australia,2014-03-16 06:00:00,Australian Grand Prix,HAM,44,Mercedes,1.0,19.0,0.0,1,Engine,1.0,91.699,102.89,104.231,,0.0
2014,1,Australian Grand Prix,Australia,2014-03-16 06:00:00,Australian Grand Prix,MAS,19,Williams,9.0,20.0,0.0,1,Collision,9.0,91.228,104.242,108.079,,0.0
2014,1,Australian Grand Prix,Australia,2014-03-16 06:00:00,Australian Grand Prix,KOB,10,Caterham,14.0,21.0,0.0,1,Collision,15.0,94.274,105.867,,,0.0
2014,1,Australian Grand Prix,Australia,2014-03-16 06:00:00,Australian Grand Prix,RIC,3,Red Bull,2.0,22.0,0.0,1,Disqualified,2.0,90.775,102.295,104.548,,0.0
2014,2,Malaysian Grand Prix,Malaysia,2014-03-30 08:00:00,Malaysian Grand Prix,HAM,44,Mercedes,1.0,1.0,25.0,0,Finished,1.0,117.202,119.041,119.431,,0.0
2014,2,Malaysian Grand Prix,Malaysia,2014-03-30 08:00:00,Malaysian Grand Prix,ROS,6,Mercedes,3.0,2.0,18.0,0,Finished,3.0,117.183,119.445,120.05,,0.0
2014,2,Malaysian Grand Prix,Malaysia,2014-03-30 08:00:00,Malaysian Grand Prix,VET,1,Red Bull,2.0,3.0,15.0,0,Finished,2.0,117.654,119.399,119.486,,0.0
2014,2,Malaysian Grand Prix,Malaysia,2014-03-30 08:00:00,Malaysian Grand Prix,ALO,14,Ferrari,4.0,4.0,12.0,0,Finished,4.0,118.889,121.356,120.175,,0.0
2014,2,Malaysian Grand Prix,Malaysia,2014-03-30 08:00:00,Malaysian Grand Prix,HUL,27,Force India,7.0,5.0,10.0,0,Finished,7.0,118.883,120.839,121.712,,0.0
2014,2,Malaysian Grand Prix,Malaysia,2014-03-30 08:00:00,Malaysian Grand Prix,BUT,22,McLaren,10.0,6.0,8.0,0,Finished,10.0,120.889,121.81,124.053,,0.0
2014,2,Malaysian Grand Prix,Malaysia,2014-03-30 08:00:00,Malaysian Grand Prix,MAS,19,Williams,13.0,7.0,6.0,0,Finished,13.0,120.047,122.46,,,0.0
2014,2,Malaysian Grand Prix,Malaysia,2014-03-30 08:00:00,Malaysian Grand Prix,BOT,77,Williams,18.0,8.0,4.0,0,Finished,15.0,119.709,122.756,,,0.0
2014,2,Malaysian Grand Prix,Malaysia,2014-03-30 08:00:00,Malaysian Grand Prix,MAG,20,McLaren,8.0,9.0,2.0,0,+1 Lap,8.0,120.356,122.094,122.213,,0.0
2014,2,Malaysian Grand Prix,Malaysia,2014-03-30 08:00:00,Malaysian Grand Prix,KVY,26,Toro Rosso,11.0,10.0,1.0,0,+1 Lap,11.0,121.175,122.351,,,0.0
2014,2,Malaysian Grand Prix,Malaysia,2014-03-30 08:00:00,Malaysian Grand Prix,GRO,8,Lotus F1,15.0,11.0,0.0,0,+1 Lap,16.0,120.202,122.885,,,0.0
2014,2,Malaysian Grand Prix,Malaysia,2014-03-30 08:00:00,Malaysian Grand Prix,RAI,7,Ferrari,6.0,12.0,0.0,0,+1 Lap,6.0,119.257,121.532,121.218,,0.0
2014,2,Malaysian Grand Prix,Malaysia,2014-03-30 08:00:00,Malaysian Grand Prix,KOB,10,Caterham,20.0,13.0,0.0,0,+1 Lap,20.0,123.595,,,,0.0
2014,2,Malaysian Grand Prix,Malaysia,2014-03-30 08:00:00,Malaysian Grand Prix,ERI,9,Caterham,22.0,14.0,0.0,0,+2 Laps,22.0,124.407,,,,0.0
2014,2,Malaysian Grand Prix,Malaysia,2014-03-30 08:00:00,Malaysian Grand Prix,CHI,4,Marussia,21.0,15.0,0.0,0,+2 Laps,21.0,124.388,,,,0.0
2014,2,Malaysian Grand Prix,Malaysia,2014-03-30 08:00:00,Malaysian Grand Prix,RIC,3,Red Bull,5.0,16.0,0.0,1,Technical,5.0,118.913,120.147,120.541,,0.0
2014,2,Malaysian Grand Prix,Malaysia,2014-03-30 08:00:00,Malaysian Grand Prix,GUT,21,Sauber,12.0,17.0,0.0,1,Gearbox,12.0,121.134,122.369,,,0.0
2014,2,Malaysian Grand Prix,Malaysia,2014-03-30 08:00:00,Malaysian Grand Prix,SUT,99,Sauber,17.0,18.0,0.0,1,Electrical,18.0,122.131,,,,0.0
2014,2,Malaysian Grand Prix,Malaysia,2014-03-30 08:00:00,Malaysian Grand Prix,VER,25,Toro Rosso,9.0,19.0,0.0,1,Power Unit,9.0,121.689,122.096,123.078,,0.0
2014,2,Malaysian Grand Prix,Malaysia,2014-03-30 08:00:00,Malaysian Grand Prix,BIA,17,Marussia,19.0,20.0,0.0,1,Brakes,19.0,122.702,,,,0.0
2014,2,Malaysian Grand Prix,Malaysia,2014-03-30 08:00:00,Malaysian Grand Prix,MAL,13,Lotus F1,16.0,21.0,0.0,1,Engine,17.0,122.074,,,,0.0
2014,2,Malaysian Grand Prix,Malaysia,2014-03-30 08:00:00,Malaysian Grand Prix,PER,11,Force India,14.0,22.0,0.0,1,Withdrew,14.0,120.076,122.511,,,0.0
2014,3,Bahrain Grand Prix,Bahrain,2014-04-06 15:00:00,Bahrain Grand Prix,HAM,44,Mercedes,2.0,1.0,25.0,0,Finished,2.0,95.323,93.872,93.464,,0.0
2014,3,Bahrain Grand Prix,Bahrain,2014-04-06 15:00:00,Bahrain Grand Prix,ROS,6,Mercedes,1.0,2.0,18.0,0,Finished,1.0,95.439,93.708,93.185,,0.0
2014,3,Bahrain Grand Prix,Bahrain,2014-04-06 15:00:00,Bahrain Grand Prix,PER,11,Force India,4.0,3.0,15.0,0,Finished,5.0,94.998,94.747,94.346,,0.0
2014,3,Bahrain Grand Prix,Bahrain,2014-04-06 15:00:00,Bahrain Grand Prix,RIC,3,Red Bull,13.0,4.0,12.0,0,Finished,3.0,96.22,94.592,94.051,,0.0
2014,3,Bahrain Grand Prix,Bahrain,2014-04-06 15:00:00,Bahrain Grand Prix,HUL,27,Force India,11.0,5.0,10.0,0,Finished,12.0,94.874,95.116,,,0.0
2014,3,Bahrain Grand Prix,Bahrain,2014-04-06 15:00:00,Bahrain Grand Prix,VET,1,Red Bull,10.0,6.0,8.0,0,Finished,11.0,95.549,94.985,,,0.0
2014,3,Bahrain Grand Prix,Bahrain,2014-04-06 15:00:00,Bahrain Grand Prix,MAS,19,Williams,7.0,7.0,6.0,0,Finished,8.0,95.085,94.842,94.511,,0.0
2014,3,Bahrain Grand Prix,Bahrain,2014-04-06 15:00:00,Bahrain Grand Prix,BOT,77,Williams,3.0,8.0,4.0,0,Finished,4.0,94.934,94.842,94.247,,0.0
2014,3,Bahrain Grand Prix,Bahrain,2014-04-06 15:00:00,Bahrain Grand Prix,ALO,14,Ferrari,9.0,9.0,2.0,0,Finished,10.0,95.251,94.723,94.992,,0.0
2014,3,Bahrain Grand Prix,Bahrain,2014-04-06 15:00:00,Bahrain Grand Prix,RAI,7,Ferrari,5.0,10.0,1.0,0,Finished,6.0,95.234,94.925,94.368,,0.0
2014,3,Bahrain Grand Prix,Bahrain,2014-04-06 15:00:00,Bahrain Grand Prix,KVY,26,Toro Rosso,12.0,11.0,0.0,0,Finished,13.0,95.395,95.145,,,0.0
2014,3,Bahrain Grand Prix,Bahrain,2014-04-06 15:00:00,Bahrain Grand Prix,GRO,8,Lotus F1,16.0,12.0,0.0,0,Finished,16.0,96.654,95.908,,,0.0
2014,3,Bahrain Grand Prix,Bahrain,2014-04-06 15:00:00,Bahrain Grand Prix,CHI,4,Marussia,21.0,13.0,0.0,0,Finished,22.0,97.913,,,,0.0
2014,3,Bahrain Grand Prix,Bahrain,2014-04-06 15:00:00,Bahrain Grand Prix,MAL,13,Lotus F1,17.0,14.0,0.0,0,Finished,17.0,96.663,,,,0.0
2014,3,Bahrain Grand Prix,Bahrain,2014-04-06 15:00:00,Bahrain Grand Prix,KOB,10,Caterham,18.0,15.0,0.0,0,Finished,19.0,97.085,,,,0.0
2014,3,Bahrain Grand Prix,Bahrain,2014-04-06 15:00:00,Bahrain Grand Prix,BIA,17,Marussia,19.0,16.0,0.0,0,+1 Lap,20.0,97.31,,,,0.0
2014,3,Bahrain Grand Prix,Bahrain,2014-04-06 15:00:00,Bahrain Grand Prix,BUT,22,McLaren,6.0,17.0,0.0,1,Clutch,7.0,95.699,94.714,94.387,,0.0
2014,3,Bahrain Grand Prix,Bahrain,2014-04-06 15:00:00,Bahrain Grand Prix,MAG,20,McLaren,8.0,18.0,0.0,1,Clutch,9.0,95.288,94.904,94.712,,0.0
2014,3,Bahrain Grand Prix,Bahrain,2014-04-06 15:00:00,Bahrain Grand Prix,GUT,21,Sauber,15.0,19.0,0.0,1,Collision,15.0,96.567,95.891,,,0.0
2014,3,Bahrain Grand Prix,Bahrain,2014-04-06 15:00:00,Bahrain Grand Prix,ERI,9,Caterham,20.0,20.0,0.0,1,Retired,21.0,97.875,,,,0.0
2014,3,Bahrain Grand Prix,Bahrain,2014-04-06 15:00:00,Bahrain Grand Prix,VER,25,Toro Rosso,14.0,21.0,0.0,1,Retired,14.0,95.815,95.286,,,0.0
2014,3,Bahrain Grand Prix,Bahrain,2014-04-06 15:00:00,Bahrain Grand Prix,SUT,99,Sauber,22.0,22.0,0.0,1,Collision,18.0,96.84,,,,0.0
2014,4,Chinese Grand Prix,China,2014-04-20 07:00:00,Chinese Grand Prix,HAM,44,Mercedes,1.0,1.0,25.0,0,Finished,1.0,115.516,114.029,113.86,,0.0
2014,4,Chinese Grand Prix,China,2014-04-20 07:00:00,Chinese Grand Prix,ROS,6,Mercedes,4.0,2.0,18.0,0,Finished,4.0,116.058,115.294,115.143,,0.0
2014,4,Chinese Grand Prix,China,2014-04-20 07:00:00,Chinese Grand Prix,ALO,14,Ferrari,5.0,3.0,15.0,0,Finished,5.0,116.961,115.765,115.637,,0.0
2014,4,Chinese Grand Prix,China,2014-04-20 07:00:00,Chinese Grand Prix,RIC,3,Red Bull,2.0,4.0,12.0,0,Finished,2.0,116.641,115.302,114.455,,0.0
2014,4,Chinese Grand Prix,China,2014-04-20 07:00:00,Chinese Grand Prix,VET,1,Red Bull,3.0,5.0,10.0,0,Finished,3.0,115.926,114.499,114.96,,0.0
2014,4,Chinese Grand Prix,China,2014-04-20 07:00:00,Chinese Grand Prix,HUL,27,Force India,8.0,6.0,8.0,0,Finished,8.0,115.913,116.847,116.366,,0.0
2014,4,Chinese Grand Prix,China,2014-04-20 07:00:00,Chinese Grand Prix,BOT,77,Williams,7.0,7.0,6.0,0,Finished,7.0,116.501,116.253,116.282,,0.0
2014,4,Chinese Grand Prix,China,2014-04-20 07:00:00,Chinese Grand Prix,RAI,7,Ferrari,11.0,8.0,4.0,0,Finished,11.0,118.279,116.86,,,0.0
2014,4,Chinese Grand Prix,China,2014-04-20 07:00:00,Chinese Grand Prix,PER,11,Force India,16.0,9.0,2.0,0,Finished,16.0,118.362,118.264,,,0.0
2014,4,Chinese Grand Prix,China,2014-04-20 07:00:00,Chinese Grand Prix,KVY,26,Toro Rosso,13.0,10.0,1.0,0,+1 Lap,13.0,117.261,117.289,,,0.0
2014,4,Chinese Grand Prix,China,2014-04-20 07:00:00,Chinese Grand Prix,BUT,22,McLaren,12.0,11.0,0.0,0,+1 Lap,12.0,117.783,116.963,,,0.0
2014,4,Chinese Grand Prix,China,2014-04-20 07:00:00,Chinese Grand Prix,VER,25,Toro Rosso,9.0,12.0,0.0,0,+1 Lap,9.0,117.477,116.584,116.773,,0.0
2014,4,Chinese Grand Prix,China,2014-04-20 07:00:00,Chinese Grand Prix,MAG,20,McLaren,15.0,13.0,0.0,0,+1 Lap,15.0,117.369,117.675,,,0.0
2014,4,Chinese Grand Prix,China,2014-04-20 07:00:00,Chinese Grand Prix,MAL,13,Lotus F1,22.0,14.0,0.0,0,+1 Lap,22.0,,,,,0.0
2014,4,Chinese Grand Prix,China,2014-04-20 07:00:00,Chinese Grand Prix,MAS,19,Williams,6.0,15.0,0.0,0,+1 Lap,6.0,116.85,116.757,116.147,,0.0
2014,4,Chinese Grand Prix,China,2014-04-20 07:00:00,Chinese Grand Prix,GUT,21,Sauber,17.0,16.0,0.0,0,+1 Lap,17.0,118.988,,,,0.0
2014,4,Chinese Grand Prix,China,2014-04-20 07:00:00,Chinese Grand Prix,BIA,17,Marussia,19.0,17.0,0.0,0,+1 Lap,19.0,119.326,,,,0.0
2014,4,Chinese Grand Prix,China,2014-04-20 07:00:00,Chinese Grand Prix,KOB,10,Caterham,18.0,18.0,0.0,0,+1 Lap,18.0,119.26,,,,0.0
2014,4,Chinese Grand Prix,China,2014-04-20 07:00:00,Chinese Grand Prix,CHI,4,Marussia,21.0,19.0,0.0,0,+2 Laps,21.0,120.865,,,,0.0
2014,4,Chinese Grand Prix,China,2014-04-20 07:00:00,Chinese Grand Prix,ERI,9,Caterham,20.0,20.0,0.0,0,+2 Laps,20.0,120.646,,,,0.0
2014,4,Chinese Grand Prix,China,2014-04-20 07:00:00,Chinese Grand Prix,GRO,8,Lotus F1,10.0,21.0,0.0,1,Gearbox,10.0,118.411,116.407,117.079,,0.0
2014,4,Chinese Grand Prix,China,2014-04-20 07:00:00,Chinese Grand Prix,SUT,99,Sauber,14.0,22.0,0.0,1,Engine,14.0,118.138,117.393,,,0.0
2014,5,Spanish Grand Prix,Spain,2014-05-11 12:00:00,Spanish Grand Prix,HAM,44,Mercedes,1.0,1.0,25.0,0,Finished,1.0,87.238,86.21,85.232,,0.0
2014,5,Spanish Grand Prix,Spain,2014-05-11 12:00:00,Spanish Grand Prix,ROS,6,Mercedes,2.0,2.0,18.0,0,Finished,2.0,86.764,86.088,85.4,,0.0
2014,5,Spanish Grand Prix,Spain,2014-05-11 12:00:00,Spanish Grand Prix,RIC,3,Red Bull,3.0,3.0,15.0,0,Finished,3.0,88.053,86.613,86.285,,0.0
2014,5,Spanish Grand Prix,Spain,2014-05-11 12:00:00,Spanish Grand Prix,VET,1,Red Bull,15.0,4.0,12.0,0,Finished,10.0,87.958,87.052,,,0.0
2014,5,Spanish Grand Prix,Spain,2014-05-11 12:00:00,Spanish Grand Prix,BOT,77,Williams,4.0,5.0,10.0,0,Finished,4.0,88.198,87.563,86.632,,0.0
2014,5,Spanish Grand Prix,Spain,2014-05-11 12:00:00,Spanish Grand Prix,ALO,14,Ferrari,7.0,6.0,8.0,0,Finished,7.0,88.329,87.602,87.14,,0.0
2014,5,Spanish Grand Prix,Spain,2014-05-11 12:00:00,Spanish Grand Prix,RAI,7,Ferrari,6.0,7.0,6.0,0,+1 Lap,6.0,88.308,87.335,87.104,,0.0
2014,5,Spanish Grand Prix,Spain,2014-05-11 12:00:00,Spanish Grand Prix,GRO,8,Lotus F1,5.0,8.0,4.0,0,+1 Lap,5.0,88.472,87.258,86.96,,0.0
2014,5,Spanish Grand Prix,Spain,2014-05-11 12:00:00,Spanish Grand Prix,PER,11,Force India,11.0,9.0,2.0,0,+1 Lap,12.0,88.469,88.002,,,0.0
2014,5,Spanish Grand Prix,Spain,2014-05-11 12:00:00,Spanish Grand Prix,HUL,27,Force India,10.0,10.0,1.0,0,+1 Lap,11.0,88.155,87.685,,,0.0
2014,5,Spanish Grand Prix,Spain,2014-05-11 12:00:00,Spanish Grand Prix,BUT,22,McLaren,8.0,11.0,0.0,0,+1 Lap,8.0,88.279,87.57,87.335,,0.0
2014,5,Spanish Grand Prix,Spain,2014-05-11 12:00:00,Spanish Grand Prix,MAG,20,McLaren,14.0,12.0,0.0,0,+1 Lap,15.0,88.389,,,,0.0
2014,5,Spanish Grand Prix,Spain,2014-05-11 12:00:00,Spanish Grand Prix,MAS,19,Williams,9.0,13.0,0.0,0,+1 Lap,9.0,88.061,87.016,87.402,,0.0
2014,5,Spanish Grand Prix,Spain,2014-05-11 12:00:00,Spanish Grand Prix,KVY,26,Toro Rosso,12.0,14.0,0.0,0,+1 Lap,13.0,88.074,88.039,,,0.0
2014,5,Spanish Grand Prix,Spain,2014-05-11 12:00:00,Spanish Grand Prix,MAL,13,Lotus F1,22.0,15.0,0.0,0,+1 Lap,22.0,,,,,0.0
2014,5,Spanish Grand Prix,Spain,2014-05-11 12:00:00,Spanish Grand Prix,GUT,21,Sauber,13.0,16.0,0.0,0,+1 Lap,14.0,88.374,88.28,,,0.0
2014,5,Spanish Grand Prix,Spain,2014-05-11 12:00:00,Spanish Grand Prix,SUT,99,Sauber,16.0,17.0,0.0,0,+1 Lap,17.0,88.563,,,,0.0
2014,5,Spanish Grand Prix,Spain,2014-05-11 12:00:00,Spanish Grand Prix,BIA,17,Marussia,18.0,18.0,0.0,0,+2 Laps,19.0,90.177,,,,0.0
2014,5,Spanish Grand Prix,Spain,2014-05-11 12:00:00,Spanish Grand Prix,CHI,4,Marussia,17.0,19.0,0.0,0,+2 Laps,18.0,89.586,,,,0.0
2014,5,Spanish Grand Prix,Spain,2014-05-11 12:00:00,Spanish Grand Prix,ERI,9,Caterham,19.0,20.0,0.0,0,+2 Laps,20.0,90.312,,,,0.0
2014,5,Spanish Grand Prix,Spain,2014-05-11 12:00:00,Spanish Grand Prix,KOB,10,Caterham,20.0,21.0,0.0,1,Brakes,21.0,90.375,,,,0.0
2014,5,Spanish Grand Prix,Spain,2014-05-11 12:00:00,Spanish Grand Prix,VER,25,Toro Rosso,21.0,22.0,0.0,1,Exhaust,16.0,88.194,,,,0.0
2014,6,Monaco Grand Prix,Monaco,2014-05-25 12:00:00,Monaco Grand Prix,ROS,6,Mercedes,1.0,1.0,25.0,0,Finished,1.0,77.678,76.465,75.989,,0.0
2014,6,Monaco Grand Prix,Monaco,2014-05-25 12:00:00,Monaco Grand Prix,HAM,44,Mercedes,2.0,2.0,18.0,0,Finished,2.0,77.823,76.354,76.048,,0.0
2014,6,Monaco Grand Prix,Monaco,2014-05-25 12:00:00,Monaco Grand Prix,RIC,3,Red Bull,3.0,3.0,15.0,0,Finished,3.0,77.9,77.233,76.384,,0.0
2014,6,Monaco Grand Prix,Monaco,2014-05-25 12:00:00,Monaco Grand Prix,ALO,14,Ferrari,5.0,4.0,12.0,0,Finished,5.0,77.853,77.2,76.686,,0.0
2014,6,Monaco Grand Prix,Monaco,2014-05-25 12:00:00,Monaco Grand Prix,HUL,27,Force India,11.0,5.0,10.0,0,+1 Lap,11.0,78.432,77.846,,,0.0
2014,6,Monaco Grand Prix,Monaco,2014-05-25 12:00:00,Monaco Grand Prix,BUT,22,McLaren,12.0,6.0,8.0,0,+1 Lap,12.0,77.89,77.988,,,0.0
2014,6,Monaco Grand Prix,Monaco,2014-05-25 12:00:00,Monaco Grand Prix,MAS,19,Williams,16.0,7.0,6.0,0,+1 Lap,16.0,78.209,,,,0.0
2014,6,Monaco Grand Prix,Monaco,2014-05-25 12:00:00,Monaco Grand Prix,GRO,8,Lotus F1,14.0,8.0,4.0,0,+1 Lap,14.0,78.335,78.196,,,0.0
2014,6,Monaco Grand Prix,Monaco,2014-05-25 12:00:00,Monaco Grand Prix,BIA,17,Marussia,21.0,9.0,2.0,0,+1 Lap,19.0,79.332,,,,0.0
2014,6,Monaco Grand Prix,Monaco,2014-05-25 12:00:00,Monaco Grand Prix,MAG,20,McLaren,8.0,10.0,1.0,0,+1 Lap,8.0,77.978,77.609,77.555,,0.0
2014,6,Monaco Grand Prix,Monaco,2014-05-25 12:00:00,Monaco Grand Prix,ERI,9,Caterham,22.0,11.0,0.0,0,+1 Lap,22.0,81.732,,,,0.0
2014,6,Monaco Grand Prix,Monaco,2014-05-25 12:00:00,Monaco Grand Prix,RAI,7,Ferrari,6.0,12.0,0.0,0,+1 Lap,6.0,77.902,77.398,77.389,,0.0
2014,6,Monaco Grand Prix,Monaco,2014-05-25 12:00:00,Monaco Grand Prix,KOB,10,Caterham,20.0,13.0,0.0,0,+2 Laps,21.0,80.133,,,,0.0
2014,6,Monaco Grand Prix,Monaco,2014-05-25 12:00:00,Monaco Grand Prix,CHI,4,Marussia,19.0,14.0,0.0,0,+3 Laps,20.0,79.928,,,,0.0
2014,6,Monaco Grand Prix,Monaco,2014-05-25 12:00:00,Monaco Grand Prix,GUT,21,Sauber,17.0,15.0,0.0,1,Accident,17.0,78.741,,,,0.0
2014,6,Monaco Grand Prix,Monaco,2014-05-25 12:00:00,Monaco Grand Prix,BOT,77,Williams,13.0,16.0,0.0,1,Engine,13.0,78.407,78.082,,,0.0
2014,6,Monaco Grand Prix,Monaco,2014-05-25 12:00:00,Monaco Grand Prix,VER,25,Toro Rosso,7.0,17.0,0.0,1,Engine,7.0,77.557,77.657,77.54,,0.0
2014,6,Monaco Grand Prix,Monaco,2014-05-25 12:00:00,Monaco Grand Prix,SUT,99,Sauber,18.0,18.0,0.0,1,Accident,18.0,78.745,,,,0.0
2014,6,Monaco Grand Prix,Monaco,2014-05-25 12:00:00,Monaco Grand Prix,KVY,26,Toro Rosso,9.0,19.0,0.0,1,Mechanical,9.0,78.616,77.594,78.09,,0.0
2014,6,Monaco Grand Prix,Monaco,2014-05-25 12:00:00,Monaco Grand Prix,VET,1,Red Bull,4.0,20.0,0.0,1,Turbo,4.0,78.383,77.074,76.547,,0.0
2014,6,Monaco Grand Prix,Monaco,2014-05-25 12:00:00,Monaco Grand Prix,PER,11,Force India,10.0,21.0,0.0,1,Collision,10.0,78.108,77.755,78.327,,0.0
2014,6,Monaco Grand Prix,Monaco,2014-05-25 12:00:00,Monaco Grand Prix,MAL,13,Lotus F1,15.0,22.0,0.0,1,Withdrew,15.0,78.585,78.356,,,0.0
2014,7,Canadian Grand Prix,Canada,2014-06-08 18:00:00,Canadian Grand Prix,RIC,3,Red Bull,6.0,1.0,25.0,0,Finished,6.0,77.113,75.897,75.589,,0.0
2014,7,Canadian Grand Prix,Canada,2014-06-08 18:00:00,Canadian Grand Prix,ROS,6,Mercedes,1.0,2.0,18.0,0,Finished,1.0,76.471,75.289,74.874,,0.0
2014,7,Canadian Grand Prix,Canada,2014-06-08 18:00:00,Canadian Grand Prix,VET,1,Red Bull,3.0,3.0,15.0,0,Finished,3.0,77.47,76.109,75.548,,0.0
2014,7,Canadian Grand Prix,Canada,2014-06-08 18:00:00,Canadian Grand Prix,BUT,22,McLaren,9.0,4.0,12.0,0,Finished,9.0,76.631,76.214,76.182,,0.0
2014,7,Canadian Grand Prix,Canada,2014-06-08 18:00:00,Canadian Grand Prix,HUL,27,Force India,11.0,5.0,10.0,0,Finished,11.0,76.897,76.3,,,0.0
2014,7,Canadian Grand Prix,Canada,2014-06-08 18:00:00,Canadian Grand Prix,ALO,14,Ferrari,7.0,6.0,8.0,0,Finished,7.0,77.01,76.131,75.814,,0.0
2014,7,Canadian Grand Prix,Canada,2014-06-08 18:00:00,Canadian Grand Prix,BOT,77,Williams,4.0,7.0,6.0,0,Finished,4.0,76.772,75.806,75.55,,0.0
2014,7,Canadian Grand Prix,Canada,2014-06-08 18:00:00,Canadian Grand Prix,VER,25,Toro Rosso,8.0,8.0,4.0,0,Finished,8.0,77.178,76.255,76.162,,0.0
2014,7,Canadian Grand Prix,Canada,2014-06-08 18:00:00,Canadian Grand Prix,MAG,20,McLaren,12.0,9.0,2.0,0,Finished,12.0,76.446,76.31,,,0.0
2014,7,Canadian Grand Prix,Canada,2014-06-08 18:00:00,Canadian Grand Prix,RAI,7,Ferrari,10.0,10.0,1.0,0,Finished,10.0,77.013,76.245,76.214,,0.0
2014,7,Canadian Grand Prix,Canada,2014-06-08 18:00:00,Canadian Grand Prix,PER,11,Force India,13.0,11.0,0.0,1,Collision,13.0,78.235,76.472,,,0.0
2014,7,Canadian Grand Prix,Canada,2014-06-08 18:00:00,Canadian Grand Prix,MAS,19,Williams,5.0,12.0,0.0,1,Collision,5.0,76.666,75.773,75.578,,0.0
2014,7,Canadian Grand Prix,Canada,2014-06-08 18:00:00,Canadian Grand Prix,SUT,99,Sauber,16.0,13.0,0.0,0,+1 Lap,16.0,77.519,77.314,,,0.0
2014,7,Canadian Grand Prix,Canada,2014-06-08 18:00:00,Canadian Grand Prix,GUT,21,Sauber,22.0,14.0,0.0,1,ERS,22.0,,,,,0.0
2014,7,Canadian Grand Prix,Canada,2014-06-08 18:00:00,Canadian Grand Prix,GRO,8,Lotus F1,14.0,15.0,0.0,1,Rear wing,14.0,77.732,76.687,,,0.0
2014,7,Canadian Grand Prix,Canada,2014-06-08 18:00:00,Canadian Grand Prix,KVY,26,Toro Rosso,15.0,16.0,0.0,1,Drivetrain,15.0,76.938,76.713,,,0.0
2014,7,Canadian Grand Prix,Canada,2014-06-08 18:00:00,Canadian Grand Prix,HAM,44,Mercedes,2.0,17.0,0.0,1,Brakes,2.0,75.75,75.054,74.953,,0.0
2014,7,Canadian Grand Prix,Canada,2014-06-08 18:00:00,Canadian Grand Prix,KOB,10,Caterham,21.0,18.0,0.0,1,Suspension,20.0,79.278,,,,0.0
2014,7,Canadian Grand Prix,Canada,2014-06-08 18:00:00,Canadian Grand Prix,MAL,13,Lotus F1,17.0,19.0,0.0,1,Power Unit,17.0,78.328,,,,0.0
2014,7,Canadian Grand Prix,Canada,2014-06-08 18:00:00,Canadian Grand Prix,ERI,9,Caterham,20.0,20.0,0.0,1,Turbo,21.0,79.82,,,,0.0
2014,7,Canadian Grand Prix,Canada,2014-06-08 18:00:00,Canadian Grand Prix,CHI,4,Marussia,18.0,21.0,0.0,1,Collision,18.0,78.348,,,,0.0
2014,7,Canadian Grand Prix,Canada,2014-06-08 18:00:00,Canadian Grand Prix,BIA,17,Marussia,19.0,22.0,0.0,1,Collision,19.0,78.359,,,,0.0
2014,8,Austrian Grand Prix,Austria,2014-06-22 12:00:00,Austrian Grand Prix,ROS,6,Mercedes,3.0,1.0,25.0,0,Finished,3.0,69.695,68.974,68.944,,0.0
2014,8,Austrian Grand Prix,Austria,2014-06-22 12:00:00,Austrian Grand Prix,HAM,44,Mercedes,9.0,2.0,18.0,0,Finished,9.0,69.514,69.092,,,0.0
2014,8,Austrian Grand Prix,Austria,2014-06-22 12:00:00,Austrian Grand Prix,BOT,77,Williams,2.0,3.0,15.0,0,Finished,2.0,70.356,69.096,68.846,,0.0
2014,8,Austrian Grand Prix,Austria,2014-06-22 12:00:00,Austrian Grand Prix,MAS,19,Williams,1.0,4.0,12.0,0,Finished,1.0,70.292,69.239,68.759,,0.0
2014,8,Austrian Grand Prix,Austria,2014-06-22 12:00:00,Austrian Grand Prix,ALO,14,Ferrari,4.0,5.0,10.0,0,Finished,4.0,70.405,69.479,69.285,,0.0
2014,8,Austrian Grand Prix,Austria,2014-06-22 12:00:00,Austrian Grand Prix,PER,11,Force India,15.0,6.0,8.0,0,Finished,11.0,70.124,69.754,,,0.0
2014,8,Austrian Grand Prix,Austria,2014-06-22 12:00:00,Austrian Grand Prix,MAG,20,McLaren,6.0,7.0,6.0,0,Finished,6.0,70.081,69.473,69.515,,0.0
2014,8,Austrian Grand Prix,Austria,2014-06-22 12:00:00,Austrian Grand Prix,RIC,3,Red Bull,5.0,8.0,4.0,0,Finished,5.0,70.395,69.638,69.466,,0.0
2014,8,Austrian Grand Prix,Austria,2014-06-22 12:00:00,Austrian Grand Prix,HUL,27,Force India,10.0,9.0,2.0,0,Finished,10.0,70.389,69.624,,,0.0
2014,8,Austrian Grand Prix,Austria,2014-06-22 12:00:00,Austrian Grand Prix,RAI,7,Ferrari,8.0,10.0,1.0,0,Finished,8.0,70.285,69.657,70.795,,0.0
2014,8,Austrian Grand Prix,Austria,2014-06-22 12:00:00,Austrian Grand Prix,BUT,22,McLaren,11.0,11.0,0.0,0,Finished,12.0,70.252,69.78,,,0.0
2014,8,Austrian Grand Prix,Austria,2014-06-22 12:00:00,Austrian Grand Prix,MAL,13,Lotus F1,13.0,12.0,0.0,0,+1 Lap,14.0,70.821,69.939,,,0.0
2014,8,Austrian Grand Prix,Austria,2014-06-22 12:00:00,Austrian Grand Prix,SUT,99,Sauber,16.0,13.0,0.0,0,+1 Lap,17.0,70.825,,,,0.0
2014,8,Austrian Grand Prix,Austria,2014-06-22 12:00:00,Austrian Grand Prix,GRO,8,Lotus F1,22.0,14.0,0.0,0,+1 Lap,16.0,70.461,70.642,,,0.0
2014,8,Austrian Grand Prix,Austria,2014-06-22 12:00:00,Austrian Grand Prix,BIA,17,Marussia,18.0,15.0,0.0,0,+2 Laps,19.0,71.412,,,,0.0
2014,8,Austrian Grand Prix,Austria,2014-06-22 12:00:00,Austrian Grand Prix,KOB,10,Caterham,19.0,16.0,0.0,0,+2 Laps,20.0,71.673,,,,0.0
2014,8,Austrian Grand Prix,Austria,2014-06-22 12:00:00,Austrian Grand Prix,CHI,4,Marussia,21.0,17.0,0.0,0,+2 Laps,21.0,71.775,,,,0.0
2014,8,Austrian Grand Prix,Austria,2014-06-22 12:00:00,Austrian Grand Prix,ERI,9,Caterham,20.0,18.0,0.0,0,+2 Laps,22.0,72.673,,,,0.0
2014,8,Austrian Grand Prix,Austria,2014-06-22 12:00:00,Austrian Grand Prix,GUT,21,Sauber,17.0,19.0,0.0,0,+2 Laps,18.0,71.349,,,,0.0
2014,8,Austrian Grand Prix,Austria,2014-06-22 12:00:00,Austrian Grand Prix,VER,25,Toro Rosso,14.0,20.0,0.0,1,Brakes,15.0,70.161,70.073,,,0.0
2014,8,Austrian Grand Prix,Austria,2014-06-22 12:00:00,Austrian Grand Prix,VET,1,Red Bull,12.0,21.0,0.0,1,Electrical,13.0,70.63,69.801,,,0.0
2014,8,Austrian Grand Prix,Austria,2014-06-22 12:00:00,Austrian Grand Prix,KVY,26,Toro Rosso,7.0,22.0,0.0,1,Suspension,7.0,69.678,69.49,69.619,,0.0
2014,9,British Grand Prix,UK,2014-07-06 12:00:00,British Grand Prix,HAM,44,Mercedes,6.0,1.0,25.0,0,Finished,6.0,101.058,94.87,99.232,,0.0
2014,9,British Grand Prix,UK,2014-07-06 12:00:00,British Grand Prix,BOT,77,Williams,14.0,2.0,18.0,0,Finished,17.0,105.318,,,,0.0
2014,9,British Grand Prix,UK,2014-07-06 12:00:00,British Grand Prix,RIC,3,Red Bull,8.0,3.0,15.0,0,Finished,8.0,104.71,98.166,100.606,,0.0
2014,9,British Grand Prix,UK,2014-07-06 12:00:00,British Grand Prix,BUT,22,McLaren,3.0,4.0,12.0,0,Finished,3.0,104.425,96.579,98.2,,0.0
2014,9,British Grand Prix,UK,2014-07-06 12:00:00,British Grand Prix,VET,1,Red Bull,2.0,5.0,10.0,0,Finished,2.0,105.086,96.41,97.386,,0.0
2014,9,British Grand Prix,UK,2014-07-06 12:00:00,British Grand Prix,ALO,14,Ferrari,16.0,6.0,8.0,0,Finished,19.0,105.935,,,,0.0
2014,9,British Grand Prix,UK,2014-07-06 12:00:00,British Grand Prix,MAG,20,McLaren,5.0,7.0,6.0,0,Finished,5.0,102.507,97.37,98.417,,0.0
2014,9,British Grand Prix,UK,2014-07-06 12:00:00,British Grand Prix,HUL,27,Force India,4.0,8.0,4.0,0,Finished,4.0,101.271,97.112,98.329,,0.0
2014,9,British Grand Prix,UK,2014-07-06 12:00:00,British Grand Prix,KVY,26,Toro Rosso,9.0,9.0,2.0,0,Finished,9.0,101.032,96.813,100.707,,0.0
2014,9,British Grand Prix,UK,2014-07-06 12:00:00,British Grand Prix,VER,25,Toro Rosso,10.0,10.0,1.0,0,+1 Lap,10.0,103.04,97.8,100.855,,0.0
2014,9,British Grand Prix,UK,2014-07-06 12:00:00,British Grand Prix,PER,11,Force India,7.0,11.0,0.0,0,+1 Lap,7.0,102.146,97.35,100.457,,0.0
2014,9,British Grand Prix,UK,2014-07-06 12:00:00,British Grand Prix,GRO,8,Lotus F1,11.0,12.0,0.0,0,+1 Lap,11.0,103.121,98.496,,,0.0
2014,9,British Grand Prix,UK,2014-07-06 12:00:00,British Grand Prix,SUT,99,Sauber,13.0,13.0,0.0,0,+1 Lap,16.0,102.603,,,,0.0
2014,9,British Grand Prix,UK,2014-07-06 12:00:00,British Grand Prix,BIA,17,Marussia,12.0,14.0,0.0,0,+1 Lap,12.0,101.169,98.709,,,0.0
2014,9,British Grand Prix,UK,2014-07-06 12:00:00,British Grand Prix,KOB,10,Caterham,22.0,15.0,0.0,0,+2 Laps,22.0,109.625,,,,0.0
2014,9,British Grand Prix,UK,2014-07-06 12:00:00,British Grand Prix,CHI,4,Marussia,17.0,16.0,0.0,0,+2 Laps,13.0,102.082,99.8,,,0.0
2014,9,British Grand Prix,UK,2014-07-06 12:00:00,British Grand Prix,MAL,13,Lotus F1,20.0,17.0,0.0,0,+3 Laps,15.0,103.892,104.018,,,0.0
2014,9,British Grand Prix,UK,2014-07-06 12:00:00,British Grand Prix,ROS,6,Mercedes,1.0,18.0,0.0,1,Gearbox,1.0,100.38,95.179,95.766,,0.0
2014,9,British Grand Prix,UK,2014-07-06 12:00:00,British Grand Prix,ERI,9,Caterham,21.0,19.0,0.0,1,Suspension,21.0,109.421,,,,0.0
2014,9,British Grand Prix,UK,2014-07-06 12:00:00,British Grand Prix,GUT,21,Sauber,19.0,20.0,0.0,1,Collision,14.0,103.285,100.912,,,0.0
2014,9,British Grand Prix,UK,2014-07-06 12:00:00,British Grand Prix,MAS,19,Williams,15.0,21.0,0.0,1,Collision,18.0,105.695,,,,0.0
2014,9,British Grand Prix,UK,2014-07-06 12:00:00,British Grand Prix,RAI,7,Ferrari,18.0,22.0,0.0,1,Collision,20.0,106.684,,,,0.0
2014,10,German Grand Prix,Germany,2014-07-20 12:00:00,German Grand Prix,ROS,6,Mercedes,1.0,1.0,25.0,0,Finished,1.0,77.631,77.109,76.54,,0.0
2014,10,German Grand Prix,Germany,2014-07-20 12:00:00,German Grand Prix,BOT,77,Williams,2.0,2.0,18.0,0,Finished,2.0,78.215,77.353,76.759,,0.0
2014,10,German Grand Prix,Germany,2014-07-20 12:00:00,German Grand Prix,HAM,44,Mercedes,20.0,3.0,15.0,0,Finished,16.0,78.683,,,,0.0
2014,10,German Grand Prix,Germany,2014-07-20 12:00:00,German Grand Prix,VET,1,Red Bull,6.0,4.0,12.0,0,Finished,6.0,78.194,77.646,77.577,,0.0
2014,10,German Grand Prix,Germany,2014-07-20 12:00:00,German Grand Prix,ALO,14,Ferrari,7.0,5.0,10.0,0,Finished,7.0,78.389,77.866,77.649,,0.0
2014,10,German Grand Prix,Germany,2014-07-20 12:00:00,German Grand Prix,RIC,3,Red Bull,5.0,6.0,8.0,0,Finished,5.0,78.117,77.855,77.273,,0.0
2014,10,German Grand Prix,Germany,2014-07-20 12:00:00,German Grand Prix,HUL,27,Force India,9.0,7.0,6.0,0,Finished,9.0,78.927,78.017,78.014,,0.0
2014,10,German Grand Prix,Germany,2014-07-20 12:00:00,German Grand Prix,BUT,22,McLaren,11.0,8.0,4.0,0,Finished,11.0,78.425,78.193,,,0.0
2014,10,German Grand Prix,Germany,2014-07-20 12:00:00,German Grand Prix,MAG,20,McLaren,4.0,9.0,2.0,0,+1 Lap,4.0,78.26,77.788,77.214,,0.0
2014,10,German Grand Prix,Germany,2014-07-20 12:00:00,German Grand Prix,PER,11,Force India,10.0,10.0,1.0,0,+1 Lap,10.0,78.916,78.161,78.035,,0.0
2014,10,German Grand Prix,Germany,2014-07-20 12:00:00,German Grand Prix,RAI,7,Ferrari,12.0,11.0,0.0,0,+1 Lap,12.0,78.534,78.273,,,0.0
2014,10,German Grand Prix,Germany,2014-07-20 12:00:00,German Grand Prix,MAL,13,Lotus F1,18.0,12.0,0.0,0,+1 Lap,19.0,80.195,,,,0.0
2014,10,German Grand Prix,Germany,2014-07-20 12:00:00,German Grand Prix,VER,25,Toro Rosso,13.0,13.0,0.0,0,+1 Lap,13.0,78.496,78.285,,,0.0
2014,10,German Grand Prix,Germany,2014-07-20 12:00:00,German Grand Prix,GUT,21,Sauber,16.0,14.0,0.0,0,+1 Lap,14.0,78.739,78.787,,,0.0
2014,10,German Grand Prix,Germany,2014-07-20 12:00:00,German Grand Prix,BIA,17,Marussia,17.0,15.0,0.0,0,+1 Lap,18.0,79.676,,,,0.0
2014,10,German Grand Prix,Germany,2014-07-20 12:00:00,German Grand Prix,KOB,10,Caterham,19.0,16.0,0.0,0,+2 Laps,20.0,80.408,,,,0.0
2014,10,German Grand Prix,Germany,2014-07-20 12:00:00,German Grand Prix,CHI,4,Marussia,21.0,17.0,0.0,0,+2 Laps,21.0,80.489,,,,0.0
2014,10,German Grand Prix,Germany,2014-07-20 12:00:00,German Grand Prix,ERI,9,Caterham,22.0,18.0,0.0,0,+2 Laps,22.0,,,,,0.0
2014,10,German Grand Prix,Germany,2014-07-20 12:00:00,German Grand Prix,SUT,99,Sauber,15.0,19.0,0.0,1,Brakes,17.0,79.142,,,,0.0
2014,10,German Grand Prix,Germany,2014-07-20 12:00:00,German Grand Prix,KVY,26,Toro Rosso,8.0,20.0,0.0,1,Oil leak,8.0,78.53,78.103,77.965,,0.0
2014,10,German Grand Prix,Germany,2014-07-20 12:00:00,German Grand Prix,GRO,8,Lotus F1,14.0,21.0,0.0,1,Water leak,15.0,78.894,78.983,,,0.0
2014,10,German Grand Prix,Germany,2014-07-20 12:00:00,German Grand Prix,MAS,19,Williams,3.0,22.0,0.0,1,Collision,3.0,78.381,77.37,77.078,,0.0
2014,11,Hungarian Grand Prix,Hungary,2014-07-27 12:00:00,Hungarian Grand Prix,RIC,3,Red Bull,4.0,1.0,25.0,0,Finished,4.0,85.495,83.676,83.391,,0.0
2014,11,Hungarian Grand Prix,Hungary,2014-07-27 12:00:00,Hungarian Grand Prix,ALO,14,Ferrari,5.0,2.0,18.0,0,Finished,5.0,86.087,84.249,83.909,,0.0
2014,11,Hungarian Grand Prix,Hungary,2014-07-27 12:00:00,Hungarian Grand Prix,HAM,44,Mercedes,22.0,3.0,15.0,0,Finished,21.0,,,,,0.0
2014,11,Hungarian Grand Prix,Hungary,2014-07-27 12:00:00,Hungarian Grand Prix,ROS,6,Mercedes,1.0,4.0,12.0,0,Finished,1.0,85.227,83.31,82.715,,0.0
2014,11,Hungarian Grand Prix,Hungary,2014-07-27 12:00:00,Hungarian Grand Prix,MAS,19,Williams,6.0,5.0,10.0,0,Finished,6.0,86.592,84.03,84.223,,0.0
2014,11,Hungarian Grand Prix,Hungary,2014-07-27 12:00:00,Hungarian Grand Prix,RAI,7,Ferrari,16.0,6.0,8.0,0,Finished,17.0,86.792,,,,0.0
2014,11,Hungarian Grand Prix,Hungary,2014-07-27 12:00:00,Hungarian Grand Prix,VET,1,Red Bull,2.0,7.0,6.0,0,Finished,2.0,85.662,83.606,83.201,,0.0
2014,11,Hungarian Grand Prix,Hungary,2014-07-27 12:00:00,Hungarian Grand Prix,BOT,77,Williams,3.0,8.0,4.0,0,Finished,3.0,85.69,83.776,83.354,,0.0
2014,11,Hungarian Grand Prix,Hungary,2014-07-27 12:00:00,Hungarian Grand Prix,VER,25,Toro Rosso,8.0,9.0,2.0,0,Finished,8.0,84.941,84.637,84.72,,0.0
2014,11,Hungarian Grand Prix,Hungary,2014-07-27 12:00:00,Hungarian Grand Prix,BUT,22,McLaren,7.0,10.0,1.0,0,Finished,7.0,86.612,84.502,84.294,,0.0
2014,11,Hungarian Grand Prix,Hungary,2014-07-27 12:00:00,Hungarian Grand Prix,SUT,99,Sauber,11.0,11.0,0.0,0,Finished,12.0,86.027,85.136,,,0.0
2014,11,Hungarian Grand Prix,Hungary,2014-07-27 12:00:00,Hungarian Grand Prix,MAG,20,McLaren,21.0,12.0,0.0,0,Finished,10.0,86.578,84.585,,,0.0
2014,11,Hungarian Grand Prix,Hungary,2014-07-27 12:00:00,Hungarian Grand Prix,MAL,13,Lotus F1,20.0,13.0,0.0,0,Finished,22.0,,,,,0.0
2014,11,Hungarian Grand Prix,Hungary,2014-07-27 12:00:00,Hungarian Grand Prix,KVY,26,Toro Rosso,10.0,14.0,0.0,0,+1 Lap,11.0,85.361,84.706,,,0.0
2014,11,Hungarian Grand Prix,Hungary,2014-07-27 12:00:00,Hungarian Grand Prix,BIA,17,Marussia,15.0,15.0,0.0,0,+1 Lap,16.0,86.728,87.419,,,0.0
2014,11,Hungarian Grand Prix,Hungary,2014-07-27 12:00:00,Hungarian Grand Prix,CHI,4,Marussia,18.0,16.0,0.0,0,+1 Lap,19.0,87.819,,,,0.0
2014,11,Hungarian Grand Prix,Hungary,2014-07-27 12:00:00,Hungarian Grand Prix,GUT,21,Sauber,13.0,17.0,0.0,1,Retired,14.0,85.709,85.26,,,0.0
2014,11,Hungarian Grand Prix,Hungary,2014-07-27 12:00:00,Hungarian Grand Prix,KOB,10,Caterham,17.0,18.0,0.0,1,Retired,18.0,87.139,,,,0.0
2014,11,Hungarian Grand Prix,Hungary,2014-07-27 12:00:00,Hungarian Grand Prix,PER,11,Force India,12.0,19.0,0.0,1,Accident,13.0,85.91,85.211,,,0.0
2014,11,Hungarian Grand Prix,Hungary,2014-07-27 12:00:00,Hungarian Grand Prix,HUL,27,Force India,9.0,20.0,0.0,1,Accident,9.0,86.149,84.647,84.775,,0.0
2014,11,Hungarian Grand Prix,Hungary,2014-07-27 12:00:00,Hungarian Grand Prix,GRO,8,Lotus F1,14.0,21.0,0.0,1,Accident,15.0,86.136,85.337,,,0.0
2014,11,Hungarian Grand Prix,Hungary,2014-07-27 12:00:00,Hungarian Grand Prix,ERI,9,Caterham,19.0,22.0,0.0,1,Accident,20.0,88.643,,,,0.0
2014,12,Belgian Grand Prix,Belgium,2014-08-24 12:00:00,Belgian Grand Prix,RIC,3,Red Bull,5.0,1.0,25.0,0,Finished,5.0,130.089,128.989,127.911,,0.0
2014,12,Belgian Grand Prix,Belgium,2014-08-24 12:00:00,Belgian Grand Prix,ROS,6,Mercedes,1.0,2.0,18.0,0,Finished,1.0,127.13,126.723,125.591,,0.0
2014,12,Belgian Grand Prix,Belgium,2014-08-24 12:00:00,Belgian Grand Prix,BOT,77,Williams,6.0,3.0,15.0,0,Finished,6.0,129.25,128.451,128.049,,0.0
2014,12,Belgian Grand Prix,Belgium,2014-08-24 12:00:00,Belgian Grand Prix,RAI,7,Ferrari,8.0,4.0,12.0,0,Finished,8.0,129.885,128.646,128.78,,0.0
2014,12,Belgian Grand Prix,Belgium,2014-08-24 12:00:00,Belgian Grand Prix,VET,1,Red Bull,3.0,5.0,10.0,0,Finished,3.0,130.105,128.868,127.717,,0.0
2014,12,Belgian Grand Prix,Belgium,2014-08-24 12:00:00,Belgian Grand Prix,BUT,22,McLaren,10.0,6.0,8.0,0,Finished,10.0,130.529,129.272,129.776,,0.0
2014,12,Belgian Grand Prix,Belgium,2014-08-24 12:00:00,Belgian Grand Prix,ALO,14,Ferrari,4.0,7.0,6.0,0,Finished,4.0,130.197,128.45,127.786,,0.0
2014,12,Belgian Grand Prix,Belgium,2014-08-24 12:00:00,Belgian Grand Prix,PER,11,Force India,13.0,8.0,4.0,0,Finished,13.0,130.666,130.084,,,0.0
2014,12,Belgian Grand Prix,Belgium,2014-08-24 12:00:00,Belgian Grand Prix,KVY,26,Toro Rosso,11.0,9.0,2.0,0,Finished,11.0,130.445,129.377,,,0.0
2014,12,Belgian Grand Prix,Belgium,2014-08-24 12:00:00,Belgian Grand Prix,HUL,27,Force India,18.0,10.0,1.0,0,Finished,18.0,131.267,,,,0.0
2014,12,Belgian Grand Prix,Belgium,2014-08-24 12:00:00,Belgian Grand Prix,VER,25,Toro Rosso,12.0,11.0,0.0,0,Finished,12.0,129.811,129.805,,,0.0
2014,12,Belgian Grand Prix,Belgium,2014-08-24 12:00:00,Belgian Grand Prix,MAG,20,McLaren,7.0,12.0,0.0,0,Finished,7.0,131.081,128.901,128.679,,0.0
2014,12,Belgian Grand Prix,Belgium,2014-08-24 12:00:00,Belgian Grand Prix,MAS,19,Williams,9.0,13.0,0.0,0,Finished,9.0,128.403,128.833,129.178,,0.0
2014,12,Belgian Grand Prix,Belgium,2014-08-24 12:00:00,Belgian Grand Prix,SUT,99,Sauber,14.0,14.0,0.0,0,Finished,14.0,131.051,130.238,,,0.0
2014,12,Belgian Grand Prix,Belgium,2014-08-24 12:00:00,Belgian Grand Prix,GUT,21,Sauber,20.0,15.0,0.0,0,Finished,20.0,133.414,,,,0.0
2014,12,Belgian Grand Prix,Belgium,2014-08-24 12:00:00,Belgian Grand Prix,CHI,4,Marussia,19.0,16.0,0.0,0,+1 Lap,19.0,132.566,,,,0.0
2014,12,Belgian Grand Prix,Belgium,2014-08-24 12:00:00,Belgian Grand Prix,ERI,9,Caterham,22.0,17.0,0.0,0,+1 Lap,22.0,134.438,,,,0.0
2014,12,Belgian Grand Prix,Belgium,2014-08-24 12:00:00,Belgian Grand Prix,BIA,17,Marussia,16.0,18.0,0.0,1,Gearbox,16.0,131.051,132.47,,,0.0
2014,12,Belgian Grand Prix,Belgium,2014-08-24 12:00:00,Belgian Grand Prix,HAM,44,Mercedes,2.0,19.0,0.0,1,Retired,2.0,127.28,126.609,125.819,,0.0
2014,12,Belgian Grand Prix,Belgium,2014-08-24 12:00:00,Belgian Grand Prix,GRO,8,Lotus F1,15.0,20.0,0.0,1,Retired,15.0,130.898,131.087,,,0.0
2014,12,Belgian Grand Prix,Belgium,2014-08-24 12:00:00,Belgian Grand Prix,MAL,13,Lotus F1,17.0,21.0,0.0,1,Mechanical,17.0,131.261,,,,0.0
2014,12,Belgian Grand Prix,Belgium,2014-08-24 12:00:00,Belgian Grand Prix,LOT,45,Caterham,21.0,22.0,0.0,1,Power Unit,21.0,133.469,,,,0.0
2014,13,Italian Grand Prix,Italy,2014-09-07 12:00:00,Italian Grand Prix,HAM,44,Mercedes,1.0,1.0,25.0,0,Finished,1.0,85.363,84.56,84.109,,0.0
2014,13,Italian Grand Prix,Italy,2014-09-07 12:00:00,Italian Grand Prix,ROS,6,Mercedes,2.0,2.0,18.0,0,Finished,2.0,85.493,84.6,84.383,,0.0
2014,13,Italian Grand Prix,Italy,2014-09-07 12:00:00,Italian Grand Prix,MAS,19,Williams,4.0,3.0,15.0,0,Finished,4.0,85.528,85.046,84.865,,0.0
2014,13,Italian Grand Prix,Italy,2014-09-07 12:00:00,Italian Grand Prix,BOT,77,Williams,3.0,4.0,12.0,0,Finished,3.0,86.012,84.858,84.697,,0.0
2014,13,Italian Grand Prix,Italy,2014-09-07 12:00:00,Italian Grand Prix,RIC,3,Red Bull,9.0,5.0,10.0,0,Finished,9.0,86.721,85.946,85.709,,0.0
2014,13,Italian Grand Prix,Italy,2014-09-07 12:00:00,Italian Grand Prix,VET,1,Red Bull,8.0,6.0,8.0,0,Finished,8.0,86.631,85.769,85.436,,0.0
2014,13,Italian Grand Prix,Italy,2014-09-07 12:00:00,Italian Grand Prix,PER,11,Force India,10.0,7.0,6.0,0,Finished,10.0,86.569,85.863,85.944,,0.0
2014,13,Italian Grand Prix,Italy,2014-09-07 12:00:00,Italian Grand Prix,BUT,22,McLaren,6.0,8.0,4.0,0,Finished,6.0,86.328,85.63,85.379,,0.0
2014,13,Italian Grand Prix,Italy,2014-09-07 12:00:00,Italian Grand Prix,RAI,7,Ferrari,11.0,9.0,2.0,0,Finished,12.0,86.689,86.11,,,0.0
2014,13,Italian Grand Prix,Italy,2014-09-07 12:00:00,Italian Grand Prix,MAG,20,McLaren,5.0,10.0,1.0,0,Finished,5.0,86.337,85.973,85.314,,0.0
2014,13,Italian Grand Prix,Italy,2014-09-07 12:00:00,Italian Grand Prix,KVY,26,Toro Rosso,21.0,11.0,0.0,0,Finished,11.0,86.261,86.07,,,0.0
2014,13,Italian Grand Prix,Italy,2014-09-07 12:00:00,Italian Grand Prix,HUL,27,Force India,13.0,12.0,0.0,0,Finished,14.0,86.371,86.279,,,0.0
2014,13,Italian Grand Prix,Italy,2014-09-07 12:00:00,Italian Grand Prix,VER,25,Toro Rosso,12.0,13.0,0.0,0,Finished,13.0,86.14,86.157,,,0.0
2014,13,Italian Grand Prix,Italy,2014-09-07 12:00:00,Italian Grand Prix,MAL,13,Lotus F1,16.0,14.0,0.0,0,+1 Lap,17.0,87.52,,,,0.0
2014,13,Italian Grand Prix,Italy,2014-09-07 12:00:00,Italian Grand Prix,SUT,99,Sauber,14.0,15.0,0.0,0,+1 Lap,15.0,87.034,86.588,,,0.0
2014,13,Italian Grand Prix,Italy,2014-09-07 12:00:00,Italian Grand Prix,GRO,8,Lotus F1,17.0,16.0,0.0,0,+1 Lap,18.0,87.632,,,,0.0
2014,13,Italian Grand Prix,Italy,2014-09-07 12:00:00,Italian Grand Prix,KOB,10,Caterham,18.0,17.0,0.0,0,+1 Lap,19.0,87.671,,,,0.0
2014,13,Italian Grand Prix,Italy,2014-09-07 12:00:00,Italian Grand Prix,BIA,17,Marussia,19.0,18.0,0.0,0,+1 Lap,20.0,87.738,,,,0.0
2014,13,Italian Grand Prix,Italy,2014-09-07 12:00:00,Italian Grand Prix,GUT,21,Sauber,15.0,19.0,0.0,0,+2 Laps,16.0,86.999,86.692,,,0.0
2014,13,Italian Grand Prix,Italy,2014-09-07 12:00:00,Italian Grand Prix,ERI,9,Caterham,22.0,20.0,0.0,0,+2 Laps,22.0,88.562,,,,0.0
2014,13,Italian Grand Prix,Italy,2014-09-07 12:00:00,Italian Grand Prix,ALO,14,Ferrari,7.0,21.0,0.0,1,Engine,7.0,86.514,85.525,85.43,,0.0
2014,13,Italian Grand Prix,Italy,2014-09-07 12:00:00,Italian Grand Prix,CHI,4,Marussia,20.0,22.0,0.0,1,Accident,21.0,88.247,,,,0.0
2014,14,Singapore Grand Prix,Singapore,2014-09-21 12:00:00,Singapore Grand Prix,HAM,44,Mercedes,1.0,1.0,25.0,0,Finished,1.0,106.921,106.287,105.681,,0.0
2014,14,Singapore Grand Prix,Singapore,2014-09-21 12:00:00,Singapore Grand Prix,VET,1,Red Bull,4.0,2.0,18.0,0,Finished,4.0,107.476,106.586,105.902,,0.0
2014,14,Singapore Grand Prix,Singapore,2014-09-21 12:00:00,Singapore Grand Prix,RIC,3,Red Bull,3.0,3.0,15.0,0,Finished,3.0,107.488,106.493,105.854,,0.0
2014,14,Singapore Grand Prix,Singapore,2014-09-21 12:00:00,Singapore Grand Prix,ALO,14,Ferrari,5.0,4.0,12.0,0,Finished,5.0,106.889,106.328,105.907,,0.0
2014,14,Singapore Grand Prix,Singapore,2014-09-21 12:00:00,Singapore Grand Prix,MAS,19,Williams,6.0,5.0,10.0,0,Finished,6.0,107.615,106.472,106.0,,0.0
2014,14,Singapore Grand Prix,Singapore,2014-09-21 12:00:00,Singapore Grand Prix,VER,25,Toro Rosso,12.0,6.0,8.0,0,Finished,12.0,107.407,106.989,,,0.0
2014,14,Singapore Grand Prix,Singapore,2014-09-21 12:00:00,Singapore Grand Prix,PER,11,Force India,15.0,7.0,6.0,0,Finished,15.0,108.143,107.575,,,0.0
2014,14,Singapore Grand Prix,Singapore,2014-09-21 12:00:00,Singapore Grand Prix,RAI,7,Ferrari,7.0,8.0,4.0,0,Finished,7.0,106.685,106.359,106.17,,0.0
2014,14,Singapore Grand Prix,Singapore,2014-09-21 12:00:00,Singapore Grand Prix,HUL,27,Force India,13.0,9.0,2.0,0,Finished,13.0,107.37,107.308,,,0.0
2014,14,Singapore Grand Prix,Singapore,2014-09-21 12:00:00,Singapore Grand Prix,MAG,20,McLaren,9.0,10.0,1.0,0,Finished,9.0,107.976,106.7,106.25,,0.0
2014,14,Singapore Grand Prix,Singapore,2014-09-21 12:00:00,Singapore Grand Prix,BOT,77,Williams,8.0,11.0,0.0,0,Finished,8.0,107.196,106.622,106.187,,0.0
2014,14,Singapore Grand Prix,Singapore,2014-09-21 12:00:00,Singapore Grand Prix,MAL,13,Lotus F1,18.0,12.0,0.0,0,Finished,18.0,109.063,,,,0.0
2014,14,Singapore Grand Prix,Singapore,2014-09-21 12:00:00,Singapore Grand Prix,GRO,8,Lotus F1,16.0,13.0,0.0,0,Finished,16.0,107.862,107.812,,,0.0
2014,14,Singapore Grand Prix,Singapore,2014-09-21 12:00:00,Singapore Grand Prix,KVY,26,Toro Rosso,10.0,14.0,0.0,0,Finished,10.0,107.656,106.926,107.362,,0.0
2014,14,Singapore Grand Prix,Singapore,2014-09-21 12:00:00,Singapore Grand Prix,ERI,9,Caterham,22.0,15.0,0.0,0,Finished,22.0,112.287,,,,0.0
2014,14,Singapore Grand Prix,Singapore,2014-09-21 12:00:00,Singapore Grand Prix,BIA,17,Marussia,19.0,16.0,0.0,0,Finished,19.0,109.44,,,,0.0
2014,14,Singapore Grand Prix,Singapore,2014-09-21 12:00:00,Singapore Grand Prix,CHI,4,Marussia,21.0,17.0,0.0,0,+1 Lap,21.0,110.473,,,,0.0
2014,14,Singapore Grand Prix,Singapore,2014-09-21 12:00:00,Singapore Grand Prix,BUT,22,McLaren,11.0,18.0,0.0,1,Retired,11.0,107.161,106.943,,,0.0
2014,14,Singapore Grand Prix,Singapore,2014-09-21 12:00:00,Singapore Grand Prix,SUT,99,Sauber,17.0,19.0,0.0,1,Water pressure,17.0,108.324,,,,0.0
2014,14,Singapore Grand Prix,Singapore,2014-09-21 12:00:00,Singapore Grand Prix,GUT,21,Sauber,14.0,20.0,0.0,1,Electrical,14.0,107.97,107.333,,,0.0
2014,14,Singapore Grand Prix,Singapore,2014-09-21 12:00:00,Singapore Grand Prix,ROS,6,Mercedes,2.0,21.0,0.0,1,Electrical,2.0,107.244,105.825,105.688,,0.0
2014,14,Singapore Grand Prix,Singapore,2014-09-21 12:00:00,Singapore Grand Prix,KOB,10,Caterham,20.0,22.0,0.0,1,Power Unit,20.0,110.405,,,,0.0
2014,15,Japanese Grand Prix,Japan,2014-10-05 06:00:00,Japanese Grand Prix,HAM,44,Mercedes,2.0,1.0,25.0,0,Finished,2.0,93.611,92.982,92.703,,0.0
2014,15,Japanese Grand Prix,Japan,2014-10-05 06:00:00,Japanese Grand Prix,ROS,6,Mercedes,1.0,2.0,18.0,0,Finished,1.0,93.671,92.95,92.506,,0.0
2014,15,Japanese Grand Prix,Japan,2014-10-05 06:00:00,Japanese Grand Prix,VET,1,Red Bull,9.0,3.0,15.0,0,Finished,9.0,95.517,94.784,94.432,,0.0
2014,15,Japanese Grand Prix,Japan,2014-10-05 06:00:00,Japanese Grand Prix,RIC,3,Red Bull,6.0,4.0,12.0,0,Finished,6.0,95.593,94.466,94.075,,0.0
2014,15,Japanese Grand Prix,Japan,2014-10-05 06:00:00,Japanese Grand Prix,BUT,22,McLaren,8.0,5.0,10.0,0,Finished,8.0,95.15,94.648,94.317,,0.0
2014,15,Japanese Grand Prix,Japan,2014-10-05 06:00:00,Japanese Grand Prix,BOT,77,Williams,3.0,6.0,8.0,0,Finished,3.0,94.301,93.443,93.128,,0.0
2014,15,Japanese Grand Prix,Japan,2014-10-05 06:00:00,Japanese Grand Prix,MAS,19,Williams,4.0,7.0,6.0,0,Finished,4.0,94.483,93.551,93.527,,0.0
2014,15,Japanese Grand Prix,Japan,2014-10-05 06:00:00,Japanese Grand Prix,HUL,27,Force India,13.0,8.0,4.0,0,Finished,14.0,95.0,95.099,,,0.0
2014,15,Japanese Grand Prix,Japan,2014-10-05 06:00:00,Japanese Grand Prix,VER,25,Toro Rosso,20.0,9.0,2.0,0,Finished,11.0,95.155,94.984,,,0.0
2014,15,Japanese Grand Prix,Japan,2014-10-05 06:00:00,Japanese Grand Prix,PER,11,Force India,11.0,10.0,1.0,0,+1 Lap,12.0,95.439,95.089,,,0.0
2014,15,Japanese Grand Prix,Japan,2014-10-05 06:00:00,Japanese Grand Prix,KVY,26,Toro Rosso,12.0,11.0,0.0,0,+1 Lap,13.0,95.21,95.092,,,0.0
2014,15,Japanese Grand Prix,Japan,2014-10-05 06:00:00,Japanese Grand Prix,RAI,7,Ferrari,10.0,12.0,0.0,0,+1 Lap,10.0,94.984,94.771,94.548,,0.0
2014,15,Japanese Grand Prix,Japan,2014-10-05 06:00:00,Japanese Grand Prix,GUT,21,Sauber,15.0,13.0,0.0,0,+1 Lap,16.0,95.308,95.681,,,0.0
2014,15,Japanese Grand Prix,Japan,2014-10-05 06:00:00,Japanese Grand Prix,MAG,20,McLaren,7.0,14.0,0.0,0,+1 Lap,7.0,94.93,94.229,94.242,,0.0
2014,15,Japanese Grand Prix,Japan,2014-10-05 06:00:00,Japanese Grand Prix,GRO,8,Lotus F1,16.0,15.0,0.0,0,+1 Lap,18.0,95.984,,,,0.0
2014,15,Japanese Grand Prix,Japan,2014-10-05 06:00:00,Japanese Grand Prix,MAL,13,Lotus F1,22.0,16.0,0.0,0,+1 Lap,17.0,95.917,,,,0.0
2014,15,Japanese Grand Prix,Japan,2014-10-05 06:00:00,Japanese Grand Prix,ERI,9,Caterham,17.0,17.0,0.0,0,+1 Lap,19.0,96.813,,,,0.0
2014,15,Japanese Grand Prix,Japan,2014-10-05 06:00:00,Japanese Grand Prix,CHI,4,Marussia,21.0,18.0,0.0,0,+1 Lap,22.0,97.481,,,,0.0
2014,15,Japanese Grand Prix,Japan,2014-10-05 06:00:00,Japanese Grand Prix,KOB,10,Caterham,19.0,19.0,0.0,0,+1 Lap,21.0,97.015,,,,0.0
2014,15,Japanese Grand Prix,Japan,2014-10-05 06:00:00,Japanese Grand Prix,BIA,17,Marussia,18.0,20.0,0.0,1,Accident,20.0,96.943,,,,0.0
2014,15,Japanese Grand Prix,Japan,2014-10-05 06:00:00,Japanese Grand Prix,SUT,99,Sauber,14.0,21.0,0.0,1,Accident,15.0,95.736,95.364,,,0.0
2014,15,Japanese Grand Prix,Japan,2014-10-05 06:00:00,Japanese Grand Prix,ALO,14,Ferrari,5.0,22.0,0.0,1,Electronics,5.0,94.497,93.675,93.74,,0.0
2014,16,Russian Grand Prix,Russia,2014-10-12 11:00:00,Russian Grand Prix,HAM,44,Mercedes,1.0,1.0,25.0,0,Finished,1.0,98.759,98.338,98.513,,0.0
2014,16,Russian Grand Prix,Russia,2014-10-12 11:00:00,Russian Grand Prix,ROS,6,Mercedes,2.0,2.0,18.0,0,Finished,2.0,99.076,98.606,98.713,,0.0
2014,16,Russian Grand Prix,Russia,2014-10-12 11:00:00,Russian Grand Prix,BOT,77,Williams,3.0,3.0,15.0,0,Finished,3.0,99.125,98.971,98.92,,0.0
2014,16,Russian Grand Prix,Russia,2014-10-12 11:00:00,Russian Grand Prix,BUT,22,McLaren,4.0,4.0,12.0,0,Finished,4.0,99.56,99.381,99.121,,0.0
2014,16,Russian Grand Prix,Russia,2014-10-12 11:00:00,Russian Grand Prix,MAG,20,McLaren,11.0,5.0,10.0,0,Finished,6.0,99.735,99.022,99.629,,0.0
2014,16,Russian Grand Prix,Russia,2014-10-12 11:00:00,Russian Grand Prix,ALO,14,Ferrari,7.0,6.0,8.0,0,Finished,8.0,100.255,99.786,99.709,,0.0
2014,16,Russian Grand Prix,Russia,2014-10-12 11:00:00,Russian Grand Prix,RIC,3,Red Bull,6.0,7.0,6.0,0,Finished,7.0,100.519,99.666,99.635,,0.0
2014,16,Russian Grand Prix,Russia,2014-10-12 11:00:00,Russian Grand Prix,VET,1,Red Bull,10.0,8.0,4.0,0,Finished,11.0,100.382,100.052,,,0.0
2014,16,Russian Grand Prix,Russia,2014-10-12 11:00:00,Russian Grand Prix,RAI,7,Ferrari,8.0,9.0,2.0,0,Finished,9.0,100.098,99.838,99.771,,0.0
2014,16,Russian Grand Prix,Russia,2014-10-12 11:00:00,Russian Grand Prix,PER,11,Force India,12.0,10.0,1.0,0,Finished,13.0,100.723,100.163,,,0.0
2014,16,Russian Grand Prix,Russia,2014-10-12 11:00:00,Russian Grand Prix,MAS,19,Williams,18.0,11.0,0.0,0,Finished,18.0,103.064,,,,0.0
2014,16,Russian Grand Prix,Russia,2014-10-12 11:00:00,Russian Grand Prix,HUL,27,Force India,17.0,12.0,0.0,0,Finished,12.0,100.273,100.058,,,0.0
2014,16,Russian Grand Prix,Russia,2014-10-12 11:00:00,Russian Grand Prix,VER,25,Toro Rosso,9.0,13.0,0.0,0,Finished,10.0,100.354,99.929,100.02,,0.0
2014,16,Russian Grand Prix,Russia,2014-10-12 11:00:00,Russian Grand Prix,KVY,26,Toro Rosso,5.0,14.0,0.0,0,+1 Lap,5.0,100.074,99.296,99.277,,0.0
2014,16,Russian Grand Prix,Russia,2014-10-12 11:00:00,Russian Grand Prix,GUT,21,Sauber,13.0,15.0,0.0,0,+1 Lap,14.0,101.159,100.536,,,0.0
2014,16,Russian Grand Prix,Russia,2014-10-12 11:00:00,Russian Grand Prix,SUT,99,Sauber,14.0,16.0,0.0,0,+1 Lap,15.0,100.766,100.984,,,0.0
2014,16,Russian Grand Prix,Russia,2014-10-12 11:00:00,Russian Grand Prix,GRO,8,Lotus F1,15.0,17.0,0.0,0,+1 Lap,16.0,102.526,101.397,,,0.0
2014,16,Russian Grand Prix,Russia,2014-10-12 11:00:00,Russian Grand Prix,MAL,13,Lotus F1,21.0,18.0,0.0,0,+1 Lap,20.0,103.205,,,,0.0
2014,16,Russian Grand Prix,Russia,2014-10-12 11:00:00,Russian Grand Prix,ERI,9,Caterham,16.0,19.0,0.0,0,+2 Laps,17.0,102.648,,,,0.0
2014,16,Russian Grand Prix,Russia,2014-10-12 11:00:00,Russian Grand Prix,KOB,10,Caterham,19.0,20.0,0.0,1,Brakes,19.0,103.166,,,,0.0
2014,16,Russian Grand Prix,Russia,2014-10-12 11:00:00,Russian Grand Prix,CHI,4,Marussia,20.0,21.0,0.0,1,Suspension,21.0,103.649,,,,0.0
2014,17,United States Grand Prix,USA,2014-11-02 20:00:00,United States Grand Prix,HAM,44,Mercedes,2.0,1.0,25.0,0,Finished,2.0,97.196,97.287,96.443,,0.0
2014,17,United States Grand Prix,USA,2014-11-02 20:00:00,United States Grand Prix,ROS,6,Mercedes,1.0,2.0,18.0,0,Finished,1.0,98.303,96.29,96.067,,0.0
2014,17,United States Grand Prix,USA,2014-11-02 20:00:00,United States Grand Prix,RIC,3,Red Bull,5.0,3.0,15.0,0,Finished,5.0,98.814,97.873,97.244,,0.0
2014,17,United States Grand Prix,USA,2014-11-02 20:00:00,United States Grand Prix,MAS,19,Williams,4.0,4.0,12.0,0,Finished,4.0,97.877,97.347,97.205,,0.0
2014,17,United States Grand Prix,USA,2014-11-02 20:00:00,United States Grand Prix,BOT,77,Williams,3.0,5.0,10.0,0,Finished,3.0,98.249,97.499,96.906,,0.0
2014,17,United States Grand Prix,USA,2014-11-02 20:00:00,United States Grand Prix,ALO,14,Ferrari,6.0,6.0,8.0,0,Finished,6.0,98.349,98.01,97.61,,0.0
2014,17,United States Grand Prix,USA,2014-11-02 20:00:00,United States Grand Prix,VET,1,Red Bull,18.0,7.0,6.0,0,Finished,17.0,99.621,,,,0.0
2014,17,United States Grand Prix,USA,2014-11-02 20:00:00,United States Grand Prix,MAG,20,McLaren,7.0,8.0,4.0,0,Finished,8.0,98.557,98.047,97.706,,0.0
2014,17,United States Grand Prix,USA,2014-11-02 20:00:00,United States Grand Prix,MAL,13,Lotus F1,10.0,9.0,2.0,0,Finished,11.0,98.608,98.467,,,0.0
2014,17,United States Grand Prix,USA,2014-11-02 20:00:00,United States Grand Prix,VER,25,Toro Rosso,14.0,10.0,1.0,0,Finished,15.0,99.25,,,,0.0
2014,17,United States Grand Prix,USA,2014-11-02 20:00:00,United States Grand Prix,GRO,8,Lotus F1,16.0,11.0,0.0,0,+1 Lap,18.0,99.679,,,,0.0
2014,17,United States Grand Prix,USA,2014-11-02 20:00:00,United States Grand Prix,BUT,22,McLaren,12.0,12.0,0.0,0,+1 Lap,7.0,98.574,98.024,97.655,,0.0
2014,17,United States Grand Prix,USA,2014-11-02 20:00:00,United States Grand Prix,RAI,7,Ferrari,8.0,13.0,0.0,0,+1 Lap,9.0,98.669,98.263,97.804,,0.0
2014,17,United States Grand Prix,USA,2014-11-02 20:00:00,United States Grand Prix,GUT,21,Sauber,15.0,14.0,0.0,0,+1 Lap,16.0,99.555,,,,0.0
2014,17,United States Grand Prix,USA,2014-11-02 20:00:00,United States Grand Prix,KVY,26,Toro Rosso,17.0,15.0,0.0,0,+1 Lap,14.0,98.936,98.699,,,0.0
2014,17,United States Grand Prix,USA,2014-11-02 20:00:00,United States Grand Prix,HUL,27,Force India,13.0,16.0,0.0,1,Engine,13.0,98.931,98.598,,,0.0
2014,17,United States Grand Prix,USA,2014-11-02 20:00:00,United States Grand Prix,PER,11,Force India,11.0,17.0,0.0,1,Collision damage,12.0,99.2,98.554,,,0.0
2014,17,United States Grand Prix,USA,2014-11-02 20:00:00,United States Grand Prix,SUT,99,Sauber,9.0,18.0,0.0,1,Collision,10.0,98.855,98.378,98.81,,0.0
2014,18,Brazilian Grand Prix,Brazil,2014-11-09 16:00:00,Brazilian Grand Prix,ROS,6,Mercedes,1.0,1.0,25.0,0,Finished,1.0,70.347,70.303,70.023,,0.0
2014,18,Brazilian Grand Prix,Brazil,2014-11-09 16:00:00,Brazilian Grand Prix,HAM,44,Mercedes,2.0,2.0,18.0,0,Finished,2.0,70.457,70.712,70.056,,0.0
2014,18,Brazilian Grand Prix,Brazil,2014-11-09 16:00:00,Brazilian Grand Prix,MAS,19,Williams,3.0,3.0,15.0,0,Finished,3.0,70.602,70.343,70.247,,0.0
2014,18,Brazilian Grand Prix,Brazil,2014-11-09 16:00:00,Brazilian Grand Prix,BUT,22,McLaren,5.0,4.0,12.0,0,Finished,5.0,71.097,71.127,70.93,,0.0
2014,18,Brazilian Grand Prix,Brazil,2014-11-09 16:00:00,Brazilian Grand Prix,VET,1,Red Bull,6.0,5.0,10.0,0,Finished,6.0,71.88,71.129,70.938,,0.0
2014,18,Brazilian Grand Prix,Brazil,2014-11-09 16:00:00,Brazilian Grand Prix,ALO,14,Ferrari,8.0,6.0,8.0,0,Finished,8.0,71.558,71.215,70.977,,0.0
2014,18,Brazilian Grand Prix,Brazil,2014-11-09 16:00:00,Brazilian Grand Prix,RAI,7,Ferrari,10.0,7.0,6.0,0,Finished,10.0,71.193,71.188,71.099,,0.0
2014,18,Brazilian Grand Prix,Brazil,2014-11-09 16:00:00,Brazilian Grand Prix,HUL,27,Force India,12.0,8.0,4.0,0,Finished,12.0,71.848,71.976,,,0.0
2014,18,Brazilian Grand Prix,Brazil,2014-11-09 16:00:00,Brazilian Grand Prix,MAG,20,McLaren,7.0,9.0,2.0,0,Finished,7.0,71.134,71.211,70.969,,0.0
2014,18,Brazilian Grand Prix,Brazil,2014-11-09 16:00:00,Brazilian Grand Prix,BOT,77,Williams,4.0,10.0,1.0,0,+1 Lap,4.0,70.832,70.421,70.305,,0.0
2014,18,Brazilian Grand Prix,Brazil,2014-11-09 16:00:00,Brazilian Grand Prix,KVY,26,Toro Rosso,17.0,11.0,0.0,0,+1 Lap,14.0,71.423,,,,0.0
2014,18,Brazilian Grand Prix,Brazil,2014-11-09 16:00:00,Brazilian Grand Prix,MAL,13,Lotus F1,16.0,12.0,0.0,0,+1 Lap,18.0,72.233,,,,0.0
2014,18,Brazilian Grand Prix,Brazil,2014-11-09 16:00:00,Brazilian Grand Prix,VER,25,Toro Rosso,15.0,13.0,0.0,0,+1 Lap,16.0,72.04,,,,0.0
2014,18,Brazilian Grand Prix,Brazil,2014-11-09 16:00:00,Brazilian Grand Prix,GUT,21,Sauber,11.0,14.0,0.0,0,+1 Lap,11.0,71.52,71.591,,,0.0
2014,18,Brazilian Grand Prix,Brazil,2014-11-09 16:00:00,Brazilian Grand Prix,PER,11,Force India,18.0,15.0,0.0,0,+1 Lap,17.0,72.076,,,,0.0
2014,18,Brazilian Grand Prix,Brazil,2014-11-09 16:00:00,Brazilian Grand Prix,SUT,99,Sauber,13.0,16.0,0.0,0,+1 Lap,13.0,71.943,72.099,,,0.0
2014,18,Brazilian Grand Prix,Brazil,2014-11-09 16:00:00,Brazilian Grand Prix,GRO,8,Lotus F1,14.0,17.0,0.0,0,+8 Laps,15.0,72.037,,,,0.0
2014,18,Brazilian Grand Prix,Brazil,2014-11-09 16:00:00,Brazilian Grand Prix,RIC,3,Red Bull,9.0,18.0,0.0,1,Suspension,9.0,71.593,71.208,71.075,,0.0
2014,19,Abu Dhabi Grand Prix,UAE,2014-11-23 13:00:00,Abu Dhabi Grand Prix,HAM,44,Mercedes,2.0,1.0,50.0,0,Finished,2.0,101.207,100.92,100.866,,0.0
2014,19,Abu Dhabi Grand Prix,UAE,2014-11-23 13:00:00,Abu Dhabi Grand Prix,MAS,19,Williams,4.0,2.0,36.0,0,Finished,4.0,101.475,101.144,101.119,,0.0
2014,19,Abu Dhabi Grand Prix,UAE,2014-11-23 13:00:00,Abu Dhabi Grand Prix,BOT,77,Williams,3.0,3.0,30.0,0,Finished,3.0,102.346,101.376,101.025,,0.0
2014,19,Abu Dhabi Grand Prix,UAE,2014-11-23 13:00:00,Abu Dhabi Grand Prix,RIC,3,Red Bull,20.0,4.0,24.0,0,Finished,,,,,,0.0
2014,19,Abu Dhabi Grand Prix,UAE,2014-11-23 13:00:00,Abu Dhabi Grand Prix,BUT,22,McLaren,6.0,5.0,20.0,0,Finished,6.0,102.137,101.875,101.964,,0.0
2014,19,Abu Dhabi Grand Prix,UAE,2014-11-23 13:00:00,Abu Dhabi Grand Prix,HUL,27,Force India,12.0,6.0,16.0,0,Finished,12.0,102.444,102.384,,,0.0
2014,19,Abu Dhabi Grand Prix,UAE,2014-11-23 13:00:00,Abu Dhabi Grand Prix,PER,11,Force India,11.0,7.0,12.0,0,Finished,11.0,102.654,102.239,,,0.0
2014,19,Abu Dhabi Grand Prix,UAE,2014-11-23 13:00:00,Abu Dhabi Grand Prix,VET,1,Red Bull,19.0,8.0,8.0,0,Finished,,,,,,0.0
2014,19,Abu Dhabi Grand Prix,UAE,2014-11-23 13:00:00,Abu Dhabi Grand Prix,ALO,14,Ferrari,8.0,9.0,4.0,0,Finished,8.0,102.467,101.94,102.866,,0.0
2014,19,Abu Dhabi Grand Prix,UAE,2014-11-23 13:00:00,Abu Dhabi Grand Prix,RAI,7,Ferrari,7.0,10.0,2.0,0,Finished,7.0,102.439,102.168,102.236,,0.0
2014,19,Abu Dhabi Grand Prix,UAE,2014-11-23 13:00:00,Abu Dhabi Grand Prix,MAG,20,McLaren,9.0,11.0,0.0,0,Finished,9.0,102.104,102.198,,,0.0
2014,19,Abu Dhabi Grand Prix,UAE,2014-11-23 13:00:00,Abu Dhabi Grand Prix,VER,25,Toro Rosso,10.0,12.0,0.0,0,Finished,10.0,102.413,102.207,,,0.0
2014,19,Abu Dhabi Grand Prix,UAE,2014-11-23 13:00:00,Abu Dhabi Grand Prix,GRO,8,Lotus F1,18.0,13.0,0.0,0,+1 Lap,14.0,102.768,,,,0.0
2014,19,Abu Dhabi Grand Prix,UAE,2014-11-23 13:00:00,Abu Dhabi Grand Prix,ROS,6,Mercedes,1.0,14.0,0.0,0,+1 Lap,1.0,101.308,101.459,100.48,,0.0
2014,19,Abu Dhabi Grand Prix,UAE,2014-11-23 13:00:00,Abu Dhabi Grand Prix,GUT,21,Sauber,14.0,15.0,0.0,0,+1 Lap,15.0,102.819,,,,0.0
2014,19,Abu Dhabi Grand Prix,UAE,2014-11-23 13:00:00,Abu Dhabi Grand Prix,SUT,99,Sauber,13.0,16.0,0.0,0,+1 Lap,13.0,102.746,103.074,,,0.0
2014,19,Abu Dhabi Grand Prix,UAE,2014-11-23 13:00:00,Abu Dhabi Grand Prix,STE,46,Caterham,17.0,17.0,0.0,0,+1 Lap,18.0,105.095,,,,0.0
2014,19,Abu Dhabi Grand Prix,UAE,2014-11-23 13:00:00,Abu Dhabi Grand Prix,KOB,10,Caterham,16.0,18.0,0.0,1,Retired,17.0,104.54,,,,0.0
2014,19,Abu Dhabi Grand Prix,UAE,2014-11-23 13:00:00,Abu Dhabi Grand Prix,MAL,13,Lotus F1,15.0,19.0,0.0,1,Power Unit,16.0,102.86,,,,0.0
2014,19,Abu Dhabi Grand Prix,UAE,2014-11-23 13:00:00,Abu Dhabi Grand Prix,KVY,26,Toro Rosso,5.0,20.0,0.0,1,Power Unit,5.0,102.302,102.082,101.908,,0.0
2015,1,Australian Grand Prix,Australia,2015-03-15 05:00:00,Australian Grand Prix,HAM,44,Mercedes,1.0,1.0,25.0,0,Finished,1.0,88.586,86.894,86.327,,0.0
2015,1,Australian Grand Prix,Australia,2015-03-15 05:00:00,Australian Grand Prix,ROS,6,Mercedes,2.0,2.0,18.0,0,Finished,2.0,88.906,87.097,86.921,,0.0
2015,1,Australian Grand Prix,Australia,2015-03-15 05:00:00,Australian Grand Prix,VET,5,Ferrari,4.0,3.0,15.0,0,Finished,4.0,89.307,87.742,87.757,,0.0
2015,1,Australian Grand Prix,Australia,2015-03-15 05:00:00,Australian Grand Prix,MAS,19,Williams,3.0,4.0,12.0,0,Finished,3.0,89.246,87.895,87.718,,0.0
2015,1,Australian Grand Prix,Australia,2015-03-15 05:00:00,Australian Grand Prix,NAS,12,Sauber,10.0,5.0,10.0,0,Finished,11.0,90.43,88.8,,,0.0
2015,1,Australian Grand Prix,Australia,2015-03-15 05:00:00,Australian Grand Prix,RIC,3,Red Bull,6.0,6.0,8.0,0,+1 Lap,7.0,89.788,88.679,88.329,,0.0
2015,1,Australian Grand Prix,Australia,2015-03-15 05:00:00,Australian Grand Prix,HUL,27,Force India,13.0,7.0,6.0,0,+1 Lap,14.0,89.651,89.208,,,0.0
2015,1,Australian Grand Prix,Australia,2015-03-15 05:00:00,Australian Grand Prix,ERI,9,Sauber,15.0,8.0,4.0,0,+1 Lap,16.0,91.376,,,,0.0
2015,1,Australian Grand Prix,Australia,2015-03-15 05:00:00,Australian Grand Prix,SAI,55,Toro Rosso,7.0,9.0,2.0,0,+1 Lap,8.0,89.597,88.601,88.51,,0.0
2015,1,Australian Grand Prix,Australia,2015-03-15 05:00:00,Australian Grand Prix,PER,11,Force India,14.0,10.0,1.0,0,+1 Lap,15.0,89.99,89.209,,,0.0
2015,1,Australian Grand Prix,Australia,2015-03-15 05:00:00,Australian Grand Prix,BUT,22,McLaren,16.0,11.0,0.0,0,+2 Laps,17.0,91.422,,,,0.0
2015,1,Australian Grand Prix,Australia,2015-03-15 05:00:00,Australian Grand Prix,RAI,7,Ferrari,5.0,12.0,0.0,1,Wheel,5.0,89.754,87.807,87.79,,0.0
2015,1,Australian Grand Prix,Australia,2015-03-15 05:00:00,Australian Grand Prix,VER,33,Toro Rosso,11.0,13.0,0.0,1,Engine,12.0,89.248,88.868,,,0.0
2015,1,Australian Grand Prix,Australia,2015-03-15 05:00:00,Australian Grand Prix,GRO,8,Lotus F1,8.0,14.0,0.0,1,Power loss,9.0,89.537,88.589,88.56,,0.0
2015,1,Australian Grand Prix,Australia,2015-03-15 05:00:00,Australian Grand Prix,MAL,13,Lotus F1,9.0,15.0,0.0,1,Accident,10.0,89.847,88.726,89.48,,0.0
2015,1,Australian Grand Prix,Australia,2015-03-15 05:00:00,Australian Grand Prix,KVY,26,Red Bull,12.0,16.0,0.0,1,Withdrew,13.0,90.402,89.07,,,0.0
2015,1,Australian Grand Prix,Australia,2015-03-15 05:00:00,Australian Grand Prix,MAG,20,McLaren,17.0,17.0,0.0,1,Withdrew,18.0,92.037,,,,0.0
2015,1,Australian Grand Prix,Australia,2015-03-15 05:00:00,Australian Grand Prix,BOT,77,Williams,20.0,18.0,0.0,1,Withdrew,6.0,89.641,87.796,88.087,,0.0
2015,2,Malaysian Grand Prix,Malaysia,2015-03-29 07:00:00,Malaysian Grand Prix,VET,5,Ferrari,2.0,1.0,25.0,0,Finished,2.0,99.814,99.632,109.908,,0.0
2015,2,Malaysian Grand Prix,Malaysia,2015-03-29 07:00:00,Malaysian Grand Prix,HAM,44,Mercedes,1.0,2.0,18.0,0,Finished,1.0,99.269,101.517,109.834,,0.0
2015,2,Malaysian Grand Prix,Malaysia,2015-03-29 07:00:00,Malaysian Grand Prix,ROS,6,Mercedes,3.0,3.0,15.0,0,Finished,3.0,99.374,99.377,110.299,,0.0
2015,2,Malaysian Grand Prix,Malaysia,2015-03-29 07:00:00,Malaysian Grand Prix,RAI,7,Ferrari,11.0,4.0,12.0,0,Finished,11.0,100.415,102.173,,,0.0
2015,2,Malaysian Grand Prix,Malaysia,2015-03-29 07:00:00,Malaysian Grand Prix,BOT,77,Williams,8.0,5.0,10.0,0,Finished,9.0,100.249,100.65,113.179,,0.0
2015,2,Malaysian Grand Prix,Malaysia,2015-03-29 07:00:00,Malaysian Grand Prix,MAS,19,Williams,7.0,6.0,8.0,0,Finished,7.0,100.543,101.23,112.473,,0.0
2015,2,Malaysian Grand Prix,Malaysia,2015-03-29 07:00:00,Malaysian Grand Prix,VER,33,Toro Rosso,6.0,7.0,6.0,0,Finished,6.0,100.793,101.43,111.981,,0.0
2015,2,Malaysian Grand Prix,Malaysia,2015-03-29 07:00:00,Malaysian Grand Prix,SAI,55,Toro Rosso,15.0,8.0,4.0,0,+1 Lap,15.0,99.814,103.701,,,0.0
2015,2,Malaysian Grand Prix,Malaysia,2015-03-29 07:00:00,Malaysian Grand Prix,KVY,26,Red Bull,5.0,9.0,2.0,0,+1 Lap,5.0,100.546,101.665,111.951,,0.0
2015,2,Malaysian Grand Prix,Malaysia,2015-03-29 07:00:00,Malaysian Grand Prix,RIC,3,Red Bull,4.0,10.0,1.0,0,+1 Lap,4.0,100.504,101.085,111.541,,0.0
2015,2,Malaysian Grand Prix,Malaysia,2015-03-29 07:00:00,Malaysian Grand Prix,GRO,8,Lotus F1,10.0,11.0,0.0,0,+1 Lap,8.0,100.303,101.209,112.981,,0.0
2015,2,Malaysian Grand Prix,Malaysia,2015-03-29 07:00:00,Malaysian Grand Prix,NAS,12,Sauber,16.0,12.0,0.0,0,+1 Lap,16.0,101.308,,,,0.0
2015,2,Malaysian Grand Prix,Malaysia,2015-03-29 07:00:00,Malaysian Grand Prix,PER,11,Force India,14.0,13.0,0.0,0,+1 Lap,14.0,101.036,103.469,,,0.0
2015,2,Malaysian Grand Prix,Malaysia,2015-03-29 07:00:00,Malaysian Grand Prix,HUL,27,Force India,13.0,14.0,0.0,0,+1 Lap,13.0,100.83,103.023,,,0.0
2015,2,Malaysian Grand Prix,Malaysia,2015-03-29 07:00:00,Malaysian Grand Prix,MER,98,Manor Marussia,19.0,15.0,0.0,0,+3 Laps,19.0,106.677,,,,0.0
2015,2,Malaysian Grand Prix,Malaysia,2015-03-29 07:00:00,Malaysian Grand Prix,MAL,13,Lotus F1,12.0,16.0,0.0,1,Retired,12.0,100.361,102.198,,,0.0
2015,2,Malaysian Grand Prix,Malaysia,2015-03-29 07:00:00,Malaysian Grand Prix,BUT,22,McLaren,17.0,17.0,0.0,1,Turbo,17.0,101.636,,,,0.0
2015,2,Malaysian Grand Prix,Malaysia,2015-03-29 07:00:00,Malaysian Grand Prix,ALO,14,McLaren,18.0,18.0,0.0,1,ERS,18.0,101.746,,,,0.0
2015,2,Malaysian Grand Prix,Malaysia,2015-03-29 07:00:00,Malaysian Grand Prix,ERI,9,Sauber,9.0,19.0,0.0,1,Spun off,10.0,100.34,101.748,113.261,,0.0
2015,2,Malaysian Grand Prix,Malaysia,2015-03-29 07:00:00,Malaysian Grand Prix,STE,28,Manor Marussia,20.0,20.0,0.0,1,Fuel system,,,,,,0.0
2015,3,Chinese Grand Prix,China,2015-04-12 06:00:00,Chinese Grand Prix,HAM,44,Mercedes,1.0,1.0,25.0,0,Finished,1.0,98.285,96.423,95.782,,0.0
2015,3,Chinese Grand Prix,China,2015-04-12 06:00:00,Chinese Grand Prix,ROS,6,Mercedes,2.0,2.0,18.0,0,Finished,2.0,98.496,96.747,95.828,,0.0
2015,3,Chinese Grand Prix,China,2015-04-12 06:00:00,Chinese Grand Prix,VET,5,Ferrari,3.0,3.0,15.0,0,Finished,3.0,97.502,96.957,96.687,,0.0
2015,3,Chinese Grand Prix,China,2015-04-12 06:00:00,Chinese Grand Prix,RAI,7,Ferrari,6.0,4.0,12.0,0,Finished,6.0,97.79,97.109,97.232,,0.0
2015,3,Chinese Grand Prix,China,2015-04-12 06:00:00,Chinese Grand Prix,MAS,19,Williams,4.0,5.0,10.0,0,Finished,4.0,98.433,97.357,96.954,,0.0
2015,3,Chinese Grand Prix,China,2015-04-12 06:00:00,Chinese Grand Prix,BOT,77,Williams,5.0,6.0,8.0,0,Finished,5.0,98.014,97.763,97.143,,0.0
2015,3,Chinese Grand Prix,China,2015-04-12 06:00:00,Chinese Grand Prix,GRO,8,Lotus F1,8.0,7.0,6.0,0,Finished,8.0,98.209,98.063,97.905,,0.0
2015,3,Chinese Grand Prix,China,2015-04-12 06:00:00,Chinese Grand Prix,NAS,12,Sauber,9.0,8.0,4.0,0,Finished,9.0,98.521,98.017,98.067,,0.0
2015,3,Chinese Grand Prix,China,2015-04-12 06:00:00,Chinese Grand Prix,RIC,3,Red Bull,7.0,9.0,2.0,0,Finished,7.0,98.534,97.939,97.54,,0.0
2015,3,Chinese Grand Prix,China,2015-04-12 06:00:00,Chinese Grand Prix,ERI,9,Sauber,10.0,10.0,1.0,0,+1 Lap,10.0,98.941,98.127,98.158,,0.0
2015,3,Chinese Grand Prix,China,2015-04-12 06:00:00,Chinese Grand Prix,PER,11,Force India,15.0,11.0,0.0,0,+1 Lap,15.0,98.903,99.29,,,0.0
2015,3,Chinese Grand Prix,China,2015-04-12 06:00:00,Chinese Grand Prix,ALO,14,McLaren,18.0,12.0,0.0,0,+1 Lap,18.0,99.28,,,,0.0
2015,3,Chinese Grand Prix,China,2015-04-12 06:00:00,Chinese Grand Prix,SAI,55,Toro Rosso,14.0,13.0,0.0,0,+1 Lap,14.0,98.622,98.538,,,0.0
2015,3,Chinese Grand Prix,China,2015-04-12 06:00:00,Chinese Grand Prix,BUT,22,McLaren,17.0,14.0,0.0,0,+1 Lap,17.0,99.276,,,,0.0
2015,3,Chinese Grand Prix,China,2015-04-12 06:00:00,Chinese Grand Prix,STE,28,Manor Marussia,19.0,15.0,0.0,0,+2 Laps,19.0,102.091,,,,0.0
2015,3,Chinese Grand Prix,China,2015-04-12 06:00:00,Chinese Grand Prix,MER,98,Manor Marussia,20.0,16.0,0.0,0,+2 Laps,20.0,102.842,,,,0.0
2015,3,Chinese Grand Prix,China,2015-04-12 06:00:00,Chinese Grand Prix,VER,33,Toro Rosso,13.0,17.0,0.0,1,Transmission,13.0,98.387,98.393,,,0.0
2015,3,Chinese Grand Prix,China,2015-04-12 06:00:00,Chinese Grand Prix,MAL,13,Lotus F1,11.0,18.0,0.0,1,Brakes,11.0,98.563,98.134,,,0.0
2015,3,Chinese Grand Prix,China,2015-04-12 06:00:00,Chinese Grand Prix,KVY,26,Red Bull,12.0,19.0,0.0,1,Power Unit,12.0,99.051,98.209,,,0.0
2015,3,Chinese Grand Prix,China,2015-04-12 06:00:00,Chinese Grand Prix,HUL,27,Force India,16.0,20.0,0.0,1,Gearbox,16.0,99.216,,,,0.0
2015,4,Bahrain Grand Prix,Bahrain,2015-04-19 15:00:00,Bahrain Grand Prix,HAM,44,Mercedes,1.0,1.0,25.0,0,Finished,1.0,93.928,92.669,92.571,,0.0
2015,4,Bahrain Grand Prix,Bahrain,2015-04-19 15:00:00,Bahrain Grand Prix,RAI,7,Ferrari,4.0,2.0,18.0,0,Finished,4.0,94.568,93.54,93.227,,0.0
2015,4,Bahrain Grand Prix,Bahrain,2015-04-19 15:00:00,Bahrain Grand Prix,ROS,6,Mercedes,3.0,3.0,15.0,0,Finished,3.0,94.398,93.878,93.129,,0.0
2015,4,Bahrain Grand Prix,Bahrain,2015-04-19 15:00:00,Bahrain Grand Prix,BOT,77,Williams,5.0,4.0,12.0,0,Finished,5.0,94.161,93.897,93.381,,0.0
2015,4,Bahrain Grand Prix,Bahrain,2015-04-19 15:00:00,Bahrain Grand Prix,VET,5,Ferrari,2.0,5.0,10.0,0,Finished,2.0,94.919,93.623,92.982,,0.0
2015,4,Bahrain Grand Prix,Bahrain,2015-04-19 15:00:00,Bahrain Grand Prix,RIC,3,Red Bull,7.0,6.0,8.0,0,Finished,7.0,94.691,94.403,93.832,,0.0
2015,4,Bahrain Grand Prix,Bahrain,2015-04-19 15:00:00,Bahrain Grand Prix,GRO,8,Lotus F1,10.0,7.0,6.0,0,Finished,10.0,95.007,94.123,94.484,,0.0
2015,4,Bahrain Grand Prix,Bahrain,2015-04-19 15:00:00,Bahrain Grand Prix,PER,11,Force India,11.0,8.0,4.0,0,+1 Lap,11.0,95.451,94.704,,,0.0
2015,4,Bahrain Grand Prix,Bahrain,2015-04-19 15:00:00,Bahrain Grand Prix,KVY,26,Red Bull,17.0,9.0,2.0,0,+1 Lap,17.0,95.8,,,,0.0
2015,4,Bahrain Grand Prix,Bahrain,2015-04-19 15:00:00,Bahrain Grand Prix,MAS,19,Williams,6.0,10.0,1.0,0,+1 Lap,6.0,94.488,93.551,93.744,,0.0
2015,4,Bahrain Grand Prix,Bahrain,2015-04-19 15:00:00,Bahrain Grand Prix,ALO,14,McLaren,14.0,11.0,0.0,0,+1 Lap,14.0,95.205,95.039,,,0.0
2015,4,Bahrain Grand Prix,Bahrain,2015-04-19 15:00:00,Bahrain Grand Prix,NAS,12,Sauber,12.0,12.0,0.0,0,+1 Lap,12.0,95.31,94.737,,,0.0
2015,4,Bahrain Grand Prix,Bahrain,2015-04-19 15:00:00,Bahrain Grand Prix,HUL,27,Force India,8.0,13.0,0.0,0,+1 Lap,8.0,95.653,94.613,94.45,,0.0
2015,4,Bahrain Grand Prix,Bahrain,2015-04-19 15:00:00,Bahrain Grand Prix,ERI,9,Sauber,13.0,14.0,0.0,0,+1 Lap,13.0,95.438,95.034,,,0.0
2015,4,Bahrain Grand Prix,Bahrain,2015-04-19 15:00:00,Bahrain Grand Prix,MAL,13,Lotus F1,16.0,15.0,0.0,0,+1 Lap,16.0,95.677,,,,0.0
2015,4,Bahrain Grand Prix,Bahrain,2015-04-19 15:00:00,Bahrain Grand Prix,STE,28,Manor Marussia,18.0,16.0,0.0,0,+2 Laps,18.0,98.713,,,,0.0
2015,4,Bahrain Grand Prix,Bahrain,2015-04-19 15:00:00,Bahrain Grand Prix,MER,98,Manor Marussia,19.0,17.0,0.0,0,+3 Laps,19.0,99.722,,,,0.0
2015,4,Bahrain Grand Prix,Bahrain,2015-04-19 15:00:00,Bahrain Grand Prix,VER,33,Toro Rosso,15.0,18.0,0.0,1,Electrical,15.0,95.611,95.103,,,0.0
2015,4,Bahrain Grand Prix,Bahrain,2015-04-19 15:00:00,Bahrain Grand Prix,SAI,55,Toro Rosso,9.0,19.0,0.0,1,Engine,9.0,95.371,94.641,94.462,,0.0
2015,4,Bahrain Grand Prix,Bahrain,2015-04-19 15:00:00,Bahrain Grand Prix,BUT,22,McLaren,20.0,20.0,0.0,1,ERS,,,,,,0.0
2015,5,Spanish Grand Prix,Spain,2015-05-10 12:00:00,Spanish Grand Prix,ROS,6,Mercedes,1.0,1.0,25.0,0,Finished,1.0,86.49,85.166,84.681,,0.0
2015,5,Spanish Grand Prix,Spain,2015-05-10 12:00:00,Spanish Grand Prix,HAM,44,Mercedes,2.0,2.0,18.0,0,Finished,2.0,86.382,85.74,84.948,,0.0
2015,5,Spanish Grand Prix,Spain,2015-05-10 12:00:00,Spanish Grand Prix,VET,5,Ferrari,3.0,3.0,15.0,0,Finished,3.0,87.534,86.167,85.458,,0.0
2015,5,Spanish Grand Prix,Spain,2015-05-10 12:00:00,Spanish Grand Prix,BOT,77,Williams,4.0,4.0,12.0,0,Finished,4.0,87.262,86.197,85.694,,0.0
2015,5,Spanish Grand Prix,Spain,2015-05-10 12:00:00,Spanish Grand Prix,RAI,7,Ferrari,7.0,5.0,10.0,0,Finished,7.0,86.637,86.016,86.414,,0.0
2015,5,Spanish Grand Prix,Spain,2015-05-10 12:00:00,Spanish Grand Prix,MAS,19,Williams,9.0,6.0,8.0,0,Finished,9.0,87.165,86.147,86.757,,0.0
2015,5,Spanish Grand Prix,Spain,2015-05-10 12:00:00,Spanish Grand Prix,RIC,3,Red Bull,10.0,7.0,6.0,0,+1 Lap,10.0,87.611,86.692,86.77,,0.0
2015,5,Spanish Grand Prix,Spain,2015-05-10 12:00:00,Spanish Grand Prix,GRO,8,Lotus F1,11.0,8.0,4.0,0,+1 Lap,11.0,87.383,87.375,,,0.0
2015,5,Spanish Grand Prix,Spain,2015-05-10 12:00:00,Spanish Grand Prix,SAI,55,Toro Rosso,5.0,9.0,2.0,0,+1 Lap,5.0,86.773,86.475,86.136,,0.0
2015,5,Spanish Grand Prix,Spain,2015-05-10 12:00:00,Spanish Grand Prix,KVY,26,Red Bull,8.0,10.0,1.0,0,+1 Lap,8.0,87.833,86.889,86.629,,0.0
2015,5,Spanish Grand Prix,Spain,2015-05-10 12:00:00,Spanish Grand Prix,VER,33,Toro Rosso,6.0,11.0,0.0,0,+1 Lap,6.0,87.393,86.441,86.249,,0.0
2015,5,Spanish Grand Prix,Spain,2015-05-10 12:00:00,Spanish Grand Prix,NAS,12,Sauber,15.0,12.0,0.0,0,+1 Lap,15.0,87.625,88.005,,,0.0
2015,5,Spanish Grand Prix,Spain,2015-05-10 12:00:00,Spanish Grand Prix,PER,11,Force India,18.0,13.0,0.0,0,+1 Lap,18.0,88.442,,,,0.0
2015,5,Spanish Grand Prix,Spain,2015-05-10 12:00:00,Spanish Grand Prix,ERI,9,Sauber,16.0,14.0,0.0,0,+1 Lap,16.0,88.112,,,,0.0
2015,5,Spanish Grand Prix,Spain,2015-05-10 12:00:00,Spanish Grand Prix,HUL,27,Force India,17.0,15.0,0.0,0,+1 Lap,17.0,88.365,,,,0.0
2015,5,Spanish Grand Prix,Spain,2015-05-10 12:00:00,Spanish Grand Prix,BUT,22,McLaren,14.0,16.0,0.0,0,+1 Lap,14.0,87.813,87.854,,,0.0
2015,5,Spanish Grand Prix,Spain,2015-05-10 12:00:00,Spanish Grand Prix,STE,28,Manor Marussia,19.0,17.0,0.0,0,+3 Laps,19.0,91.2,,,,0.0
2015,5,Spanish Grand Prix,Spain,2015-05-10 12:00:00,Spanish Grand Prix,MER,98,Manor Marussia,20.0,18.0,0.0,0,+4 Laps,20.0,92.038,,,,0.0
2015,5,Spanish Grand Prix,Spain,2015-05-10 12:00:00,Spanish Grand Prix,MAL,13,Lotus F1,12.0,19.0,0.0,1,Accident,12.0,87.281,87.45,,,0.0
2015,5,Spanish Grand Prix,Spain,2015-05-10 12:00:00,Spanish Grand Prix,ALO,14,McLaren,13.0,20.0,0.0,1,Brakes,13.0,87.941,87.76,,,0.0
2015,6,Monaco Grand Prix,Monaco,2015-05-24 12:00:00,Monaco Grand Prix,ROS,6,Mercedes,2.0,1.0,25.0,0,Finished,2.0,76.528,75.471,75.44,,0.0
2015,6,Monaco Grand Prix,Monaco,2015-05-24 12:00:00,Monaco Grand Prix,VET,5,Ferrari,3.0,2.0,18.0,0,Finished,3.0,77.502,76.181,75.849,,0.0
2015,6,Monaco Grand Prix,Monaco,2015-05-24 12:00:00,Monaco Grand Prix,HAM,44,Mercedes,1.0,3.0,15.0,0,Finished,1.0,76.588,75.864,75.098,,0.0
2015,6,Monaco Grand Prix,Monaco,2015-05-24 12:00:00,Monaco Grand Prix,KVY,26,Red Bull,5.0,4.0,12.0,0,Finished,5.0,76.845,76.453,76.182,,0.0
2015,6,Monaco Grand Prix,Monaco,2015-05-24 12:00:00,Monaco Grand Prix,RIC,3,Red Bull,4.0,5.0,10.0,0,Finished,4.0,77.254,76.706,76.041,,0.0
2015,6,Monaco Grand Prix,Monaco,2015-05-24 12:00:00,Monaco Grand Prix,RAI,7,Ferrari,6.0,6.0,8.0,0,Finished,6.0,77.66,76.44,76.427,,0.0
2015,6,Monaco Grand Prix,Monaco,2015-05-24 12:00:00,Monaco Grand Prix,PER,11,Force India,7.0,7.0,6.0,0,Finished,7.0,77.376,76.999,76.808,,0.0
2015,6,Monaco Grand Prix,Monaco,2015-05-24 12:00:00,Monaco Grand Prix,BUT,22,McLaren,10.0,8.0,4.0,0,Finished,12.0,77.492,77.093,,,0.0
2015,6,Monaco Grand Prix,Monaco,2015-05-24 12:00:00,Monaco Grand Prix,NAS,12,Sauber,14.0,9.0,2.0,0,Finished,16.0,78.101,,,,0.0
2015,6,Monaco Grand Prix,Monaco,2015-05-24 12:00:00,Monaco Grand Prix,SAI,55,Toro Rosso,20.0,10.0,1.0,0,Finished,8.0,77.246,76.762,76.931,,0.0
2015,6,Monaco Grand Prix,Monaco,2015-05-24 12:00:00,Monaco Grand Prix,HUL,27,Force India,11.0,11.0,0.0,0,Finished,13.0,77.552,77.193,,,0.0
2015,6,Monaco Grand Prix,Monaco,2015-05-24 12:00:00,Monaco Grand Prix,GRO,8,Lotus F1,15.0,12.0,0.0,0,Finished,11.0,77.767,77.007,,,0.0
2015,6,Monaco Grand Prix,Monaco,2015-05-24 12:00:00,Monaco Grand Prix,ERI,9,Sauber,17.0,13.0,0.0,0,Finished,18.0,78.513,,,,0.0
2015,6,Monaco Grand Prix,Monaco,2015-05-24 12:00:00,Monaco Grand Prix,BOT,77,Williams,16.0,14.0,0.0,0,Finished,17.0,78.434,,,,0.0
2015,6,Monaco Grand Prix,Monaco,2015-05-24 12:00:00,Monaco Grand Prix,MAS,19,Williams,12.0,15.0,0.0,0,+1 Lap,14.0,77.679,77.278,,,0.0
2015,6,Monaco Grand Prix,Monaco,2015-05-24 12:00:00,Monaco Grand Prix,MER,98,Manor Marussia,19.0,16.0,0.0,0,+2 Laps,20.0,80.904,,,,0.0
2015,6,Monaco Grand Prix,Monaco,2015-05-24 12:00:00,Monaco Grand Prix,STE,28,Manor Marussia,18.0,17.0,0.0,0,+2 Laps,19.0,80.655,,,,0.0
2015,6,Monaco Grand Prix,Monaco,2015-05-24 12:00:00,Monaco Grand Prix,VER,33,Toro Rosso,9.0,18.0,0.0,1,Accident,10.0,76.75,76.546,76.957,,0.0
2015,6,Monaco Grand Prix,Monaco,2015-05-24 12:00:00,Monaco Grand Prix,ALO,14,McLaren,13.0,19.0,0.0,1,Gearbox,15.0,77.778,86.632,,,0.0
2015,6,Monaco Grand Prix,Monaco,2015-05-24 12:00:00,Monaco Grand Prix,MAL,13,Lotus F1,8.0,20.0,0.0,1,Brakes,9.0,77.63,76.775,76.946,,0.0
2015,7,Canadian Grand Prix,Canada,2015-06-07 18:00:00,Canadian Grand Prix,HAM,44,Mercedes,1.0,1.0,25.0,0,Finished,1.0,75.895,74.661,74.393,,0.0
2015,7,Canadian Grand Prix,Canada,2015-06-07 18:00:00,Canadian Grand Prix,ROS,6,Mercedes,2.0,2.0,18.0,0,Finished,2.0,75.893,74.673,74.702,,0.0
2015,7,Canadian Grand Prix,Canada,2015-06-07 18:00:00,Canadian Grand Prix,BOT,77,Williams,4.0,3.0,15.0,0,Finished,4.0,76.552,75.506,75.102,,0.0
2015,7,Canadian Grand Prix,Canada,2015-06-07 18:00:00,Canadian Grand Prix,RAI,7,Ferrari,3.0,4.0,12.0,0,Finished,3.0,76.259,75.348,75.014,,0.0
2015,7,Canadian Grand Prix,Canada,2015-06-07 18:00:00,Canadian Grand Prix,VET,5,Ferrari,18.0,5.0,10.0,0,Finished,16.0,77.344,,,,0.0
2015,7,Canadian Grand Prix,Canada,2015-06-07 18:00:00,Canadian Grand Prix,MAS,19,Williams,15.0,6.0,8.0,0,Finished,17.0,77.886,,,,0.0
2015,7,Canadian Grand Prix,Canada,2015-06-07 18:00:00,Canadian Grand Prix,MAL,13,Lotus F1,6.0,7.0,6.0,0,Finished,6.0,76.098,75.622,75.329,,0.0
2015,7,Canadian Grand Prix,Canada,2015-06-07 18:00:00,Canadian Grand Prix,HUL,27,Force India,7.0,8.0,4.0,0,+1 Lap,7.0,76.186,75.706,75.614,,0.0
2015,7,Canadian Grand Prix,Canada,2015-06-07 18:00:00,Canadian Grand Prix,KVY,26,Red Bull,8.0,9.0,2.0,0,+1 Lap,8.0,76.415,75.891,76.079,,0.0
2015,7,Canadian Grand Prix,Canada,2015-06-07 18:00:00,Canadian Grand Prix,GRO,8,Lotus F1,5.0,10.0,1.0,0,+1 Lap,5.0,75.833,75.187,75.194,,0.0
2015,7,Canadian Grand Prix,Canada,2015-06-07 18:00:00,Canadian Grand Prix,PER,11,Force India,10.0,11.0,0.0,0,+1 Lap,10.0,76.827,75.974,76.338,,0.0
2015,7,Canadian Grand Prix,Canada,2015-06-07 18:00:00,Canadian Grand Prix,SAI,55,Toro Rosso,11.0,12.0,0.0,0,+1 Lap,11.0,76.611,76.042,,,0.0
2015,7,Canadian Grand Prix,Canada,2015-06-07 18:00:00,Canadian Grand Prix,RIC,3,Red Bull,9.0,13.0,0.0,0,+1 Lap,9.0,76.41,76.006,76.114,,0.0
2015,7,Canadian Grand Prix,Canada,2015-06-07 18:00:00,Canadian Grand Prix,ERI,9,Sauber,12.0,14.0,0.0,0,+1 Lap,13.0,76.796,76.262,,,0.0
2015,7,Canadian Grand Prix,Canada,2015-06-07 18:00:00,Canadian Grand Prix,VER,33,Toro Rosso,19.0,15.0,0.0,0,+1 Lap,12.0,76.361,76.245,,,0.0
2015,7,Canadian Grand Prix,Canada,2015-06-07 18:00:00,Canadian Grand Prix,NAS,12,Sauber,14.0,16.0,0.0,0,+2 Laps,15.0,76.968,76.62,,,0.0
2015,7,Canadian Grand Prix,Canada,2015-06-07 18:00:00,Canadian Grand Prix,STE,28,Manor Marussia,17.0,17.0,0.0,0,+4 Laps,19.0,79.157,,,,0.0
2015,7,Canadian Grand Prix,Canada,2015-06-07 18:00:00,Canadian Grand Prix,MER,98,Manor Marussia,16.0,18.0,0.0,1,Retired,18.0,79.133,,,,0.0
2015,7,Canadian Grand Prix,Canada,2015-06-07 18:00:00,Canadian Grand Prix,BUT,22,McLaren,20.0,19.0,0.0,1,Retired,,,,,,0.0
2015,7,Canadian Grand Prix,Canada,2015-06-07 18:00:00,Canadian Grand Prix,ALO,14,McLaren,13.0,20.0,0.0,1,Engine,14.0,77.012,76.276,,,0.0
2015,8,Austrian Grand Prix,Austria,2015-06-21 12:00:00,Austrian Grand Prix,ROS,6,Mercedes,2.0,1.0,25.0,0,Finished,2.0,70.976,68.634,68.655,,0.0
2015,8,Austrian Grand Prix,Austria,2015-06-21 12:00:00,Austrian Grand Prix,HAM,44,Mercedes,1.0,2.0,18.0,0,Finished,1.0,72.218,69.062,68.455,,0.0
2015,8,Austrian Grand Prix,Austria,2015-06-21 12:00:00,Austrian Grand Prix,MAS,19,Williams,4.0,3.0,15.0,0,Finished,4.0,71.83,69.719,69.192,,0.0
2015,8,Austrian Grand Prix,Austria,2015-06-21 12:00:00,Austrian Grand Prix,VET,5,Ferrari,3.0,4.0,12.0,0,Finished,3.0,71.184,69.392,68.81,,0.0
2015,8,Austrian Grand Prix,Austria,2015-06-21 12:00:00,Austrian Grand Prix,BOT,77,Williams,6.0,5.0,10.0,0,Finished,6.0,71.894,69.598,69.319,,0.0
2015,8,Austrian Grand Prix,Austria,2015-06-21 12:00:00,Austrian Grand Prix,HUL,27,Force India,5.0,6.0,8.0,0,Finished,5.0,71.319,69.604,69.278,,0.0
2015,8,Austrian Grand Prix,Austria,2015-06-21 12:00:00,Austrian Grand Prix,MAL,13,Lotus F1,10.0,7.0,6.0,0,+1 Lap,11.0,71.661,70.374,,,0.0
2015,8,Austrian Grand Prix,Austria,2015-06-21 12:00:00,Austrian Grand Prix,VER,33,Toro Rosso,7.0,8.0,4.0,0,+1 Lap,7.0,71.307,69.631,69.612,,0.0
2015,8,Austrian Grand Prix,Austria,2015-06-21 12:00:00,Austrian Grand Prix,PER,11,Force India,13.0,9.0,2.0,0,+1 Lap,16.0,72.522,,,,0.0
2015,8,Austrian Grand Prix,Austria,2015-06-21 12:00:00,Austrian Grand Prix,RIC,3,Red Bull,18.0,10.0,1.0,0,+1 Lap,14.0,71.973,70.482,,,0.0
2015,8,Austrian Grand Prix,Austria,2015-06-21 12:00:00,Austrian Grand Prix,NAS,12,Sauber,8.0,11.0,0.0,0,+1 Lap,9.0,72.001,69.652,69.713,,0.0
2015,8,Austrian Grand Prix,Austria,2015-06-21 12:00:00,Austrian Grand Prix,KVY,26,Red Bull,15.0,12.0,0.0,0,+1 Lap,8.0,72.092,70.187,69.694,,0.0
2015,8,Austrian Grand Prix,Austria,2015-06-21 12:00:00,Austrian Grand Prix,ERI,9,Sauber,11.0,13.0,0.0,0,+2 Laps,12.0,72.388,70.426,,,0.0
2015,8,Austrian Grand Prix,Austria,2015-06-21 12:00:00,Austrian Grand Prix,MER,98,Manor Marussia,16.0,14.0,0.0,0,+3 Laps,19.0,74.071,,,,0.0
2015,8,Austrian Grand Prix,Austria,2015-06-21 12:00:00,Austrian Grand Prix,GRO,8,Lotus F1,9.0,15.0,0.0,1,Gearbox,10.0,71.821,69.92,,,0.0
2015,8,Austrian Grand Prix,Austria,2015-06-21 12:00:00,Austrian Grand Prix,SAI,55,Toro Rosso,12.0,16.0,0.0,1,Power loss,13.0,71.158,70.465,,,0.0
2015,8,Austrian Grand Prix,Austria,2015-06-21 12:00:00,Austrian Grand Prix,BUT,22,McLaren,20.0,17.0,0.0,1,Retired,17.0,72.632,,,,0.0
2015,8,Austrian Grand Prix,Austria,2015-06-21 12:00:00,Austrian Grand Prix,STE,28,Manor Marussia,17.0,18.0,0.0,1,Oil leak,20.0,75.368,,,,0.0
2015,8,Austrian Grand Prix,Austria,2015-06-21 12:00:00,Austrian Grand Prix,RAI,7,Ferrari,14.0,19.0,0.0,1,Collision,18.0,72.867,,,,0.0
2015,8,Austrian Grand Prix,Austria,2015-06-21 12:00:00,Austrian Grand Prix,ALO,14,McLaren,19.0,20.0,0.0,1,Collision,15.0,72.508,70.736,,,0.0
2015,9,British Grand Prix,UK,2015-07-05 12:00:00,British Grand Prix,HAM,44,Mercedes,1.0,1.0,25.0,0,Finished,1.0,93.796,93.068,92.248,,0.0
2015,9,British Grand Prix,UK,2015-07-05 12:00:00,British Grand Prix,ROS,6,Mercedes,2.0,2.0,18.0,0,Finished,2.0,93.475,92.737,92.361,,0.0
2015,9,British Grand Prix,UK,2015-07-05 12:00:00,British Grand Prix,VET,5,Ferrari,6.0,3.0,15.0,0,Finished,6.0,93.562,93.641,93.547,,0.0
2015,9,British Grand Prix,UK,2015-07-05 12:00:00,British Grand Prix,MAS,19,Williams,3.0,4.0,12.0,0,Finished,3.0,94.542,93.707,93.085,,0.0
2015,9,British Grand Prix,UK,2015-07-05 12:00:00,British Grand Prix,BOT,77,Williams,4.0,5.0,10.0,0,Finished,4.0,94.171,93.02,93.149,,0.0
2015,9,British Grand Prix,UK,2015-07-05 12:00:00,British Grand Prix,KVY,26,Red Bull,7.0,6.0,8.0,0,Finished,7.0,94.422,93.52,93.636,,0.0
2015,9,British Grand Prix,UK,2015-07-05 12:00:00,British Grand Prix,HUL,27,Force India,9.0,7.0,6.0,0,Finished,9.0,94.594,93.693,93.673,,0.0
2015,9,British Grand Prix,UK,2015-07-05 12:00:00,British Grand Prix,RAI,7,Ferrari,5.0,8.0,4.0,0,+1 Lap,5.0,93.426,93.911,93.379,,0.0
2015,9,British Grand Prix,UK,2015-07-05 12:00:00,British Grand Prix,PER,11,Force India,11.0,9.0,2.0,0,+1 Lap,11.0,94.25,94.268,,,0.0
2015,9,British Grand Prix,UK,2015-07-05 12:00:00,British Grand Prix,ALO,14,McLaren,17.0,10.0,1.0,0,+1 Lap,17.0,94.959,,,,0.0
2015,9,British Grand Prix,UK,2015-07-05 12:00:00,British Grand Prix,ERI,9,Sauber,15.0,11.0,0.0,0,+1 Lap,15.0,94.643,94.868,,,0.0
2015,9,British Grand Prix,UK,2015-07-05 12:00:00,British Grand Prix,MER,98,Manor Marussia,20.0,12.0,0.0,0,+3 Laps,20.0,99.377,,,,0.0
2015,9,British Grand Prix,UK,2015-07-05 12:00:00,British Grand Prix,STE,28,Manor Marussia,19.0,13.0,0.0,0,+3 Laps,19.0,97.364,,,,0.0
2015,9,British Grand Prix,UK,2015-07-05 12:00:00,British Grand Prix,SAI,55,Toro Rosso,8.0,14.0,0.0,1,Electrical,8.0,94.641,94.071,93.649,,0.0
2015,9,British Grand Prix,UK,2015-07-05 12:00:00,British Grand Prix,RIC,3,Red Bull,10.0,15.0,0.0,1,Electrical,10.0,94.272,93.749,93.943,,0.0
2015,9,British Grand Prix,UK,2015-07-05 12:00:00,British Grand Prix,VER,33,Toro Rosso,13.0,16.0,0.0,1,Spun off,13.0,94.819,94.502,,,0.0
2015,9,British Grand Prix,UK,2015-07-05 12:00:00,British Grand Prix,GRO,8,Lotus F1,12.0,17.0,0.0,1,Collision,12.0,94.646,94.43,,,0.0
2015,9,British Grand Prix,UK,2015-07-05 12:00:00,British Grand Prix,MAL,13,Lotus F1,14.0,18.0,0.0,1,Collision,14.0,94.877,94.511,,,0.0
2015,9,British Grand Prix,UK,2015-07-05 12:00:00,British Grand Prix,BUT,22,McLaren,18.0,19.0,0.0,1,Collision,18.0,95.207,,,,0.0
2015,9,British Grand Prix,UK,2015-07-05 12:00:00,British Grand Prix,NAS,12,Sauber,16.0,20.0,0.0,1,Gearbox,16.0,94.888,,,,0.0
2015,10,Hungarian Grand Prix,Hungary,2015-07-26 12:00:00,Hungarian Grand Prix,VET,5,Ferrari,3.0,1.0,25.0,0,Finished,3.0,83.312,83.168,82.739,,0.0
2015,10,Hungarian Grand Prix,Hungary,2015-07-26 12:00:00,Hungarian Grand Prix,KVY,26,Red Bull,7.0,2.0,18.0,0,Finished,7.0,83.587,83.597,83.332,,0.0
2015,10,Hungarian Grand Prix,Hungary,2015-07-26 12:00:00,Hungarian Grand Prix,RIC,3,Red Bull,4.0,3.0,15.0,0,Finished,4.0,84.408,83.23,82.774,,0.0
2015,10,Hungarian Grand Prix,Hungary,2015-07-26 12:00:00,Hungarian Grand Prix,VER,33,Toro Rosso,9.0,4.0,12.0,0,Finished,9.0,84.032,83.781,83.679,,0.0
2015,10,Hungarian Grand Prix,Hungary,2015-07-26 12:00:00,Hungarian Grand Prix,ALO,14,McLaren,15.0,5.0,10.0,0,Finished,15.0,84.563,,,,0.0
2015,10,Hungarian Grand Prix,Hungary,2015-07-26 12:00:00,Hungarian Grand Prix,HAM,44,Mercedes,1.0,6.0,8.0,0,Finished,1.0,82.89,82.285,82.02,,0.0
2015,10,Hungarian Grand Prix,Hungary,2015-07-26 12:00:00,Hungarian Grand Prix,GRO,8,Lotus F1,10.0,7.0,6.0,0,Finished,10.0,84.242,83.805,84.181,,0.0
2015,10,Hungarian Grand Prix,Hungary,2015-07-26 12:00:00,Hungarian Grand Prix,ROS,6,Mercedes,2.0,8.0,4.0,0,Finished,2.0,82.979,82.775,82.595,,0.0
2015,10,Hungarian Grand Prix,Hungary,2015-07-26 12:00:00,Hungarian Grand Prix,BUT,22,McLaren,16.0,9.0,2.0,0,Finished,16.0,84.739,,,,0.0
2015,10,Hungarian Grand Prix,Hungary,2015-07-26 12:00:00,Hungarian Grand Prix,ERI,9,Sauber,17.0,10.0,1.0,0,Finished,17.0,84.843,,,,0.0
2015,10,Hungarian Grand Prix,Hungary,2015-07-26 12:00:00,Hungarian Grand Prix,NAS,12,Sauber,18.0,11.0,0.0,0,Finished,18.0,84.997,,,,0.0
2015,10,Hungarian Grand Prix,Hungary,2015-07-26 12:00:00,Hungarian Grand Prix,MAS,19,Williams,8.0,12.0,0.0,0,Finished,8.0,83.895,83.598,83.537,,0.0
2015,10,Hungarian Grand Prix,Hungary,2015-07-26 12:00:00,Hungarian Grand Prix,BOT,77,Williams,6.0,13.0,0.0,0,Finished,6.0,83.649,83.555,83.222,,0.0
2015,10,Hungarian Grand Prix,Hungary,2015-07-26 12:00:00,Hungarian Grand Prix,MAL,13,Lotus F1,14.0,14.0,0.0,0,Finished,14.0,83.895,84.609,,,0.0
2015,10,Hungarian Grand Prix,Hungary,2015-07-26 12:00:00,Hungarian Grand Prix,MER,98,Manor Marussia,19.0,15.0,0.0,0,+2 Laps,19.0,87.416,,,,0.0
2015,10,Hungarian Grand Prix,Hungary,2015-07-26 12:00:00,Hungarian Grand Prix,STE,28,Manor Marussia,20.0,16.0,0.0,0,+4 Laps,20.0,87.949,,,,0.0
2015,10,Hungarian Grand Prix,Hungary,2015-07-26 12:00:00,Hungarian Grand Prix,SAI,55,Toro Rosso,12.0,17.0,0.0,1,Electrical,12.0,84.623,83.869,,,0.0
2015,10,Hungarian Grand Prix,Hungary,2015-07-26 12:00:00,Hungarian Grand Prix,RAI,7,Ferrari,5.0,18.0,0.0,1,Power Unit,5.0,83.596,83.46,83.02,,0.0
2015,10,Hungarian Grand Prix,Hungary,2015-07-26 12:00:00,Hungarian Grand Prix,PER,11,Force India,13.0,19.0,0.0,1,Suspension,13.0,84.444,84.461,,,0.0
2015,10,Hungarian Grand Prix,Hungary,2015-07-26 12:00:00,Hungarian Grand Prix,HUL,27,Force India,11.0,20.0,0.0,1,Front wing,11.0,84.115,83.826,,,0.0
2015,11,Belgian Grand Prix,Belgium,2015-08-23 12:00:00,Belgian Grand Prix,HAM,44,Mercedes,1.0,1.0,25.0,0,Finished,1.0,108.908,108.024,107.197,,0.0
2015,11,Belgian Grand Prix,Belgium,2015-08-23 12:00:00,Belgian Grand Prix,ROS,6,Mercedes,2.0,2.0,18.0,0,Finished,2.0,108.923,107.955,107.655,,0.0
2015,11,Belgian Grand Prix,Belgium,2015-08-23 12:00:00,Belgian Grand Prix,GRO,8,Lotus F1,9.0,3.0,15.0,0,Finished,4.0,109.353,108.981,108.561,,0.0
2015,11,Belgian Grand Prix,Belgium,2015-08-23 12:00:00,Belgian Grand Prix,KVY,26,Red Bull,12.0,4.0,12.0,0,Finished,12.0,109.469,109.228,,,0.0
2015,11,Belgian Grand Prix,Belgium,2015-08-23 12:00:00,Belgian Grand Prix,PER,11,Force India,4.0,5.0,10.0,0,Finished,5.0,109.006,108.792,108.599,,0.0
2015,11,Belgian Grand Prix,Belgium,2015-08-23 12:00:00,Belgian Grand Prix,MAS,19,Williams,6.0,6.0,8.0,0,Finished,7.0,109.688,108.806,108.685,,0.0
2015,11,Belgian Grand Prix,Belgium,2015-08-23 12:00:00,Belgian Grand Prix,RAI,7,Ferrari,16.0,7.0,6.0,0,Finished,14.0,109.288,,,,0.0
2015,11,Belgian Grand Prix,Belgium,2015-08-23 12:00:00,Belgian Grand Prix,VER,33,Toro Rosso,18.0,8.0,4.0,0,Finished,15.0,109.831,,,,0.0
2015,11,Belgian Grand Prix,Belgium,2015-08-23 12:00:00,Belgian Grand Prix,BOT,77,Williams,3.0,9.0,2.0,1,Power Unit,3.0,109.026,109.044,108.537,,0.0
2015,11,Belgian Grand Prix,Belgium,2015-08-23 12:00:00,Belgian Grand Prix,ERI,9,Sauber,13.0,10.0,1.0,0,Finished,13.0,109.523,109.586,,,0.0
2015,11,Belgian Grand Prix,Belgium,2015-08-23 12:00:00,Belgian Grand Prix,NAS,12,Sauber,14.0,11.0,0.0,0,Finished,16.0,109.952,,,,0.0
2015,11,Belgian Grand Prix,Belgium,2015-08-23 12:00:00,Belgian Grand Prix,VET,5,Ferrari,8.0,12.0,0.0,1,Tyre,9.0,109.264,108.761,108.825,,0.0
2015,11,Belgian Grand Prix,Belgium,2015-08-23 12:00:00,Belgian Grand Prix,ALO,14,McLaren,20.0,13.0,0.0,0,+1 Lap,18.0,111.42,,,,0.0
2015,11,Belgian Grand Prix,Belgium,2015-08-23 12:00:00,Belgian Grand Prix,BUT,22,McLaren,19.0,14.0,0.0,0,+1 Lap,17.0,110.978,,,,0.0
2015,11,Belgian Grand Prix,Belgium,2015-08-23 12:00:00,Belgian Grand Prix,MER,98,Manor Marussia,17.0,15.0,0.0,0,+1 Lap,20.0,113.099,,,,0.0
2015,11,Belgian Grand Prix,Belgium,2015-08-23 12:00:00,Belgian Grand Prix,STE,28,Manor Marussia,15.0,16.0,0.0,0,+1 Lap,19.0,112.948,,,,0.0
2015,11,Belgian Grand Prix,Belgium,2015-08-23 12:00:00,Belgian Grand Prix,SAI,55,Toro Rosso,10.0,17.0,0.0,1,Power Unit,10.0,109.109,109.065,109.771,,0.0
2015,11,Belgian Grand Prix,Belgium,2015-08-23 12:00:00,Belgian Grand Prix,RIC,3,Red Bull,5.0,18.0,0.0,1,Power Unit,6.0,109.664,109.042,108.639,,0.0
2015,11,Belgian Grand Prix,Belgium,2015-08-23 12:00:00,Belgian Grand Prix,MAL,13,Lotus F1,7.0,19.0,0.0,1,Engine,8.0,109.568,108.956,108.754,,0.0
2015,11,Belgian Grand Prix,Belgium,2015-08-23 12:00:00,Belgian Grand Prix,HUL,27,Force India,11.0,20.0,0.0,1,Power loss,11.0,109.499,109.121,,,0.0
2015,12,Italian Grand Prix,Italy,2015-09-06 12:00:00,Italian Grand Prix,HAM,44,Mercedes,1.0,1.0,25.0,0,Finished,1.0,84.251,83.383,83.397,,0.0
2015,12,Italian Grand Prix,Italy,2015-09-06 12:00:00,Italian Grand Prix,VET,5,Ferrari,3.0,2.0,18.0,0,Finished,3.0,84.989,83.577,83.685,,0.0
2015,12,Italian Grand Prix,Italy,2015-09-06 12:00:00,Italian Grand Prix,MAS,19,Williams,5.0,3.0,15.0,0,Finished,5.0,85.184,83.983,83.94,,0.0
2015,12,Italian Grand Prix,Italy,2015-09-06 12:00:00,Italian Grand Prix,BOT,77,Williams,6.0,4.0,12.0,0,Finished,6.0,84.979,84.313,84.127,,0.0
2015,12,Italian Grand Prix,Italy,2015-09-06 12:00:00,Italian Grand Prix,RAI,7,Ferrari,2.0,5.0,10.0,0,Finished,2.0,84.662,83.757,83.631,,0.0
2015,12,Italian Grand Prix,Italy,2015-09-06 12:00:00,Italian Grand Prix,PER,11,Force India,7.0,6.0,8.0,0,Finished,7.0,84.801,84.379,84.626,,0.0
2015,12,Italian Grand Prix,Italy,2015-09-06 12:00:00,Italian Grand Prix,HUL,27,Force India,9.0,7.0,6.0,0,+1 Lap,9.0,84.937,84.51,85.317,,0.0
2015,12,Italian Grand Prix,Italy,2015-09-06 12:00:00,Italian Grand Prix,RIC,3,Red Bull,19.0,8.0,4.0,0,+1 Lap,15.0,85.633,,,,0.0
2015,12,Italian Grand Prix,Italy,2015-09-06 12:00:00,Italian Grand Prix,ERI,9,Sauber,12.0,9.0,2.0,0,+1 Lap,10.0,85.122,84.457,86.214,,0.0
2015,12,Italian Grand Prix,Italy,2015-09-06 12:00:00,Italian Grand Prix,KVY,26,Red Bull,18.0,10.0,1.0,0,+1 Lap,14.0,85.742,85.796,,,0.0
2015,12,Italian Grand Prix,Italy,2015-09-06 12:00:00,Italian Grand Prix,SAI,55,Toro Rosso,17.0,11.0,0.0,0,+1 Lap,13.0,85.41,85.618,,,0.0
2015,12,Italian Grand Prix,Italy,2015-09-06 12:00:00,Italian Grand Prix,VER,33,Toro Rosso,20.0,12.0,0.0,0,+1 Lap,20.0,,,,,0.0
2015,12,Italian Grand Prix,Italy,2015-09-06 12:00:00,Italian Grand Prix,NAS,12,Sauber,17.0,13.0,0.0,0,+1 Lap,12.0,85.121,84.898,,,0.0
2015,12,Italian Grand Prix,Italy,2015-09-06 12:00:00,Italian Grand Prix,BUT,22,McLaren,15.0,14.0,0.0,0,+1 Lap,16.0,86.058,,,,0.0
2015,12,Italian Grand Prix,Italy,2015-09-06 12:00:00,Italian Grand Prix,STE,28,Manor Marussia,13.0,15.0,0.0,0,+2 Laps,18.0,87.731,,,,0.0
2015,12,Italian Grand Prix,Italy,2015-09-06 12:00:00,Italian Grand Prix,MER,98,Manor Marussia,14.0,16.0,0.0,0,+2 Laps,19.0,87.912,,,,0.0
2015,12,Italian Grand Prix,Italy,2015-09-06 12:00:00,Italian Grand Prix,ROS,6,Mercedes,4.0,17.0,0.0,0,+3 Laps,4.0,84.609,83.864,83.703,,0.0
2015,12,Italian Grand Prix,Italy,2015-09-06 12:00:00,Italian Grand Prix,ALO,14,McLaren,16.0,18.0,0.0,0,+6 Laps,17.0,86.154,,,,0.0
2015,12,Italian Grand Prix,Italy,2015-09-06 12:00:00,Italian Grand Prix,GRO,8,Lotus F1,8.0,19.0,0.0,1,Collision damage,8.0,85.144,84.448,85.054,,0.0
2015,12,Italian Grand Prix,Italy,2015-09-06 12:00:00,Italian Grand Prix,MAL,13,Lotus F1,10.0,20.0,0.0,1,Collision damage,11.0,85.429,84.525,,,0.0
2015,13,Singapore Grand Prix,Singapore,2015-09-20 12:00:00,Singapore Grand Prix,VET,5,Ferrari,1.0,1.0,25.0,0,Finished,1.0,106.017,104.743,103.885,,0.0
2015,13,Singapore Grand Prix,Singapore,2015-09-20 12:00:00,Singapore Grand Prix,RIC,3,Red Bull,2.0,2.0,18.0,0,Finished,2.0,106.166,105.291,104.428,,0.0
2015,13,Singapore Grand Prix,Singapore,2015-09-20 12:00:00,Singapore Grand Prix,RAI,7,Ferrari,3.0,3.0,15.0,0,Finished,3.0,106.467,105.14,104.667,,0.0
2015,13,Singapore Grand Prix,Singapore,2015-09-20 12:00:00,Singapore Grand Prix,ROS,6,Mercedes,6.0,4.0,12.0,0,Finished,6.0,106.201,105.653,105.415,,0.0
2015,13,Singapore Grand Prix,Singapore,2015-09-20 12:00:00,Singapore Grand Prix,BOT,77,Williams,7.0,5.0,10.0,0,Finished,7.0,106.231,105.887,105.676,,0.0
2015,13,Singapore Grand Prix,Singapore,2015-09-20 12:00:00,Singapore Grand Prix,KVY,26,Red Bull,4.0,6.0,8.0,0,Finished,4.0,105.34,104.979,104.745,,0.0
2015,13,Singapore Grand Prix,Singapore,2015-09-20 12:00:00,Singapore Grand Prix,PER,11,Force India,13.0,7.0,6.0,0,Finished,13.0,106.576,106.385,,,0.0
2015,13,Singapore Grand Prix,Singapore,2015-09-20 12:00:00,Singapore Grand Prix,VER,33,Toro Rosso,8.0,8.0,4.0,0,Finished,8.0,106.483,105.635,105.798,,0.0
2015,13,Singapore Grand Prix,Singapore,2015-09-20 12:00:00,Singapore Grand Prix,SAI,55,Toro Rosso,14.0,9.0,2.0,0,Finished,14.0,106.465,106.894,,,0.0
2015,13,Singapore Grand Prix,Singapore,2015-09-20 12:00:00,Singapore Grand Prix,NAS,12,Sauber,16.0,10.0,1.0,0,Finished,16.0,106.965,,,,0.0
2015,13,Singapore Grand Prix,Singapore,2015-09-20 12:00:00,Singapore Grand Prix,ERI,9,Sauber,17.0,11.0,0.0,0,Finished,17.0,107.088,,,,0.0
2015,13,Singapore Grand Prix,Singapore,2015-09-20 12:00:00,Singapore Grand Prix,MAL,13,Lotus F1,18.0,12.0,0.0,0,Finished,18.0,107.323,,,,0.0
2015,13,Singapore Grand Prix,Singapore,2015-09-20 12:00:00,Singapore Grand Prix,GRO,8,Lotus F1,10.0,13.0,0.0,1,Tyre,10.0,106.86,105.805,106.413,,0.0
2015,13,Singapore Grand Prix,Singapore,2015-09-20 12:00:00,Singapore Grand Prix,RSS,53,Manor Marussia,20.0,14.0,0.0,0,+2 Laps,20.0,111.523,,,,0.0
2015,13,Singapore Grand Prix,Singapore,2015-09-20 12:00:00,Singapore Grand Prix,STE,28,Manor Marussia,19.0,15.0,0.0,0,+2 Laps,19.0,111.021,,,,0.0
2015,13,Singapore Grand Prix,Singapore,2015-09-20 12:00:00,Singapore Grand Prix,BUT,22,McLaren,15.0,16.0,0.0,1,Gearbox,15.0,105.891,107.019,,,0.0
2015,13,Singapore Grand Prix,Singapore,2015-09-20 12:00:00,Singapore Grand Prix,ALO,14,McLaren,12.0,17.0,0.0,1,Gearbox,12.0,106.6,106.328,,,0.0
2015,13,Singapore Grand Prix,Singapore,2015-09-20 12:00:00,Singapore Grand Prix,HAM,44,Mercedes,5.0,18.0,0.0,1,Throttle,5.0,105.765,105.65,105.3,,0.0
2015,13,Singapore Grand Prix,Singapore,2015-09-20 12:00:00,Singapore Grand Prix,MAS,19,Williams,9.0,19.0,0.0,1,Gearbox,9.0,106.879,105.701,106.077,,0.0
2015,13,Singapore Grand Prix,Singapore,2015-09-20 12:00:00,Singapore Grand Prix,HUL,27,Force India,11.0,20.0,0.0,1,Collision,11.0,106.669,106.305,,,0.0
2015,14,Japanese Grand Prix,Japan,2015-09-27 05:00:00,Japanese Grand Prix,HAM,44,Mercedes,2.0,1.0,25.0,0,Finished,2.0,92.844,92.789,92.66,,0.0
2015,14,Japanese Grand Prix,Japan,2015-09-27 05:00:00,Japanese Grand Prix,ROS,6,Mercedes,1.0,2.0,18.0,0,Finished,1.0,93.015,92.632,92.584,,0.0
2015,14,Japanese Grand Prix,Japan,2015-09-27 05:00:00,Japanese Grand Prix,VET,5,Ferrari,4.0,3.0,15.0,0,Finished,4.0,94.431,93.844,93.245,,0.0
2015,14,Japanese Grand Prix,Japan,2015-09-27 05:00:00,Japanese Grand Prix,RAI,7,Ferrari,6.0,4.0,12.0,0,Finished,6.0,94.171,93.361,93.347,,0.0
2015,14,Japanese Grand Prix,Japan,2015-09-27 05:00:00,Japanese Grand Prix,BOT,77,Williams,3.0,5.0,10.0,0,Finished,3.0,94.326,93.416,93.024,,0.0
2015,14,Japanese Grand Prix,Japan,2015-09-27 05:00:00,Japanese Grand Prix,HUL,27,Force India,13.0,6.0,8.0,0,Finished,11.0,95.328,94.39,,,0.0
2015,14,Japanese Grand Prix,Japan,2015-09-27 05:00:00,Japanese Grand Prix,GRO,8,Lotus F1,8.0,7.0,6.0,0,Finished,8.0,94.398,94.278,93.967,,0.0
2015,14,Japanese Grand Prix,Japan,2015-09-27 05:00:00,Japanese Grand Prix,MAL,13,Lotus F1,11.0,8.0,4.0,0,Finished,13.0,94.796,94.497,,,0.0
2015,14,Japanese Grand Prix,Japan,2015-09-27 05:00:00,Japanese Grand Prix,VER,33,Toro Rosso,17.0,9.0,2.0,0,Finished,15.0,94.522,,,,0.0
2015,14,Japanese Grand Prix,Japan,2015-09-27 05:00:00,Japanese Grand Prix,SAI,55,Toro Rosso,10.0,10.0,1.0,0,+1 Lap,12.0,94.873,94.453,,,0.0
2015,14,Japanese Grand Prix,Japan,2015-09-27 05:00:00,Japanese Grand Prix,ALO,14,McLaren,12.0,11.0,0.0,0,+1 Lap,14.0,95.467,94.785,,,0.0
2015,14,Japanese Grand Prix,Japan,2015-09-27 05:00:00,Japanese Grand Prix,PER,11,Force India,9.0,12.0,0.0,0,+1 Lap,9.0,95.001,94.174,,,0.0
2015,14,Japanese Grand Prix,Japan,2015-09-27 05:00:00,Japanese Grand Prix,KVY,26,Red Bull,20.0,13.0,0.0,0,+1 Lap,10.0,94.646,94.201,,,0.0
2015,14,Japanese Grand Prix,Japan,2015-09-27 05:00:00,Japanese Grand Prix,ERI,9,Sauber,15.0,14.0,0.0,0,+1 Lap,17.0,95.673,,,,0.0
2015,14,Japanese Grand Prix,Japan,2015-09-27 05:00:00,Japanese Grand Prix,RIC,3,Red Bull,7.0,15.0,0.0,0,+1 Lap,7.0,94.399,94.153,93.497,,0.0
2015,14,Japanese Grand Prix,Japan,2015-09-27 05:00:00,Japanese Grand Prix,BUT,22,McLaren,14.0,16.0,0.0,0,+1 Lap,16.0,95.664,,,,0.0
2015,14,Japanese Grand Prix,Japan,2015-09-27 05:00:00,Japanese Grand Prix,MAS,19,Williams,5.0,17.0,0.0,0,+2 Laps,5.0,94.744,93.377,93.337,,0.0
2015,14,Japanese Grand Prix,Japan,2015-09-27 05:00:00,Japanese Grand Prix,RSS,53,Manor Marussia,19.0,18.0,0.0,0,+2 Laps,20.0,107.114,,,,0.0
2015,14,Japanese Grand Prix,Japan,2015-09-27 05:00:00,Japanese Grand Prix,STE,28,Manor Marussia,18.0,19.0,0.0,0,+3 Laps,19.0,98.783,,,,0.0
2015,14,Japanese Grand Prix,Japan,2015-09-27 05:00:00,Japanese Grand Prix,NAS,12,Sauber,16.0,20.0,0.0,1,Retired,18.0,95.76,,,,0.0
2015,15,Russian Grand Prix,Russia,2015-10-11 11:00:00,Russian Grand Prix,HAM,44,Mercedes,2.0,1.0,25.0,0,Finished,2.0,98.558,97.672,97.433,,0.0
2015,15,Russian Grand Prix,Russia,2015-10-11 11:00:00,Russian Grand Prix,VET,5,Ferrari,4.0,2.0,18.0,0,Finished,4.0,98.598,98.402,97.965,,0.0
2015,15,Russian Grand Prix,Russia,2015-10-11 11:00:00,Russian Grand Prix,PER,11,Force India,7.0,3.0,15.0,0,Finished,7.0,99.617,98.914,98.691,,0.0
2015,15,Russian Grand Prix,Russia,2015-10-11 11:00:00,Russian Grand Prix,MAS,19,Williams,15.0,4.0,12.0,0,Finished,15.0,98.926,99.895,,,0.0
2015,15,Russian Grand Prix,Russia,2015-10-11 11:00:00,Russian Grand Prix,KVY,26,Red Bull,11.0,5.0,10.0,0,Finished,11.0,99.58,99.214,,,0.0
2015,15,Russian Grand Prix,Russia,2015-10-11 11:00:00,Russian Grand Prix,NAS,12,Sauber,12.0,6.0,8.0,0,Finished,12.0,100.042,99.323,,,0.0
2015,15,Russian Grand Prix,Russia,2015-10-11 11:00:00,Russian Grand Prix,MAL,13,Lotus F1,14.0,7.0,6.0,0,Finished,14.0,99.724,99.811,,,0.0
2015,15,Russian Grand Prix,Russia,2015-10-11 11:00:00,Russian Grand Prix,RAI,7,Ferrari,5.0,8.0,4.0,0,Finished,5.0,99.207,98.224,98.348,,0.0
2015,15,Russian Grand Prix,Russia,2015-10-11 11:00:00,Russian Grand Prix,BUT,22,McLaren,13.0,9.0,2.0,0,Finished,13.0,99.739,99.763,,,0.0
2015,15,Russian Grand Prix,Russia,2015-10-11 11:00:00,Russian Grand Prix,VER,33,Toro Rosso,9.0,10.0,1.0,0,Finished,9.0,99.411,99.119,98.924,,0.0
2015,15,Russian Grand Prix,Russia,2015-10-11 11:00:00,Russian Grand Prix,ALO,14,McLaren,19.0,11.0,0.0,0,Finished,16.0,100.144,,,,0.0
2015,15,Russian Grand Prix,Russia,2015-10-11 11:00:00,Russian Grand Prix,BOT,77,Williams,3.0,12.0,0.0,1,Collision,3.0,98.448,98.194,97.912,,0.0
2015,15,Russian Grand Prix,Russia,2015-10-11 11:00:00,Russian Grand Prix,MER,98,Manor Marussia,18.0,13.0,0.0,0,+1 Lap,19.0,103.804,,,,0.0
2015,15,Russian Grand Prix,Russia,2015-10-11 11:00:00,Russian Grand Prix,STE,28,Manor Marussia,17.0,14.0,0.0,0,+2 Laps,18.0,103.693,,,,0.0
2015,15,Russian Grand Prix,Russia,2015-10-11 11:00:00,Russian Grand Prix,RIC,3,Red Bull,10.0,15.0,0.0,1,Suspension,10.0,99.574,99.005,99.728,,0.0
2015,15,Russian Grand Prix,Russia,2015-10-11 11:00:00,Russian Grand Prix,SAI,55,Toro Rosso,20.0,16.0,0.0,1,Brakes,,,,,,0.0
2015,15,Russian Grand Prix,Russia,2015-10-11 11:00:00,Russian Grand Prix,GRO,8,Lotus F1,8.0,17.0,0.0,1,Accident,8.0,99.056,98.754,98.787,,0.0
2015,15,Russian Grand Prix,Russia,2015-10-11 11:00:00,Russian Grand Prix,ROS,6,Mercedes,1.0,18.0,0.0,1,Throttle,1.0,98.343,97.5,97.113,,0.0
2015,15,Russian Grand Prix,Russia,2015-10-11 11:00:00,Russian Grand Prix,HUL,27,Force India,6.0,19.0,0.0,1,Collision,6.0,99.25,98.727,98.659,,0.0
2015,15,Russian Grand Prix,Russia,2015-10-11 11:00:00,Russian Grand Prix,ERI,9,Sauber,17.0,20.0,0.0,1,Collision,17.0,100.66,,,,0.0
2015,16,United States Grand Prix,USA,2015-10-25 19:00:00,United States Grand Prix,HAM,44,Mercedes,2.0,1.0,25.0,0,Finished,2.0,116.871,116.929,,,0.0
2015,16,United States Grand Prix,USA,2015-10-25 19:00:00,United States Grand Prix,ROS,6,Mercedes,1.0,2.0,18.0,0,Finished,1.0,116.671,116.824,,,0.0
2015,16,United States Grand Prix,USA,2015-10-25 19:00:00,United States Grand Prix,VET,5,Ferrari,13.0,3.0,15.0,0,Finished,5.0,120.95,118.596,,,0.0
2015,16,United States Grand Prix,USA,2015-10-25 19:00:00,United States Grand Prix,VER,33,Toro Rosso,8.0,4.0,12.0,0,Finished,10.0,118.689,120.199,,,0.0
2015,16,United States Grand Prix,USA,2015-10-25 19:00:00,United States Grand Prix,PER,11,Force India,5.0,5.0,10.0,0,Finished,6.0,119.264,119.21,,,0.0
2015,16,United States Grand Prix,USA,2015-10-25 19:00:00,United States Grand Prix,BUT,22,McLaren,11.0,6.0,8.0,0,Finished,14.0,120.261,121.193,,,0.0
2015,16,United States Grand Prix,USA,2015-10-25 19:00:00,United States Grand Prix,SAI,55,Toro Rosso,20.0,7.0,6.0,0,Finished,20.0,127.304,,,,0.0
2015,16,United States Grand Prix,USA,2015-10-25 19:00:00,United States Grand Prix,MAL,13,Lotus F1,12.0,8.0,4.0,0,Finished,15.0,120.844,121.604,,,0.0
2015,16,United States Grand Prix,USA,2015-10-25 19:00:00,United States Grand Prix,NAS,12,Sauber,15.0,9.0,2.0,0,Finished,17.0,123.194,,,,0.0
2015,16,United States Grand Prix,USA,2015-10-25 19:00:00,United States Grand Prix,RIC,3,Red Bull,3.0,10.0,1.0,0,Finished,3.0,116.495,117.969,,,0.0
2015,16,United States Grand Prix,USA,2015-10-25 19:00:00,United States Grand Prix,ALO,14,McLaren,9.0,11.0,0.0,0,Finished,11.0,119.704,120.265,,,0.0
2015,16,United States Grand Prix,USA,2015-10-25 19:00:00,United States Grand Prix,RSS,53,Manor Marussia,17.0,12.0,0.0,0,Finished,18.0,124.176,,,,0.0
2015,16,United States Grand Prix,USA,2015-10-25 19:00:00,United States Grand Prix,KVY,26,Red Bull,4.0,13.0,0.0,1,Accident,4.0,117.64,118.434,,,0.0
2015,16,United States Grand Prix,USA,2015-10-25 19:00:00,United States Grand Prix,HUL,27,Force India,6.0,14.0,0.0,1,Accident,7.0,118.325,119.333,,,0.0
2015,16,United States Grand Prix,USA,2015-10-25 19:00:00,United States Grand Prix,ERI,9,Sauber,14.0,15.0,0.0,1,Retired,16.0,122.212,,,,0.0
2015,16,United States Grand Prix,USA,2015-10-25 19:00:00,United States Grand Prix,RAI,7,Ferrari,18.0,16.0,0.0,1,Brake duct,8.0,118.198,119.703,,,0.0
2015,16,United States Grand Prix,USA,2015-10-25 19:00:00,United States Grand Prix,MAS,19,Williams,7.0,17.0,0.0,1,Retired,9.0,120.902,119.999,,,0.0
2015,16,United States Grand Prix,USA,2015-10-25 19:00:00,United States Grand Prix,GRO,8,Lotus F1,10.0,18.0,0.0,1,Retired,13.0,120.236,120.595,,,0.0
2015,16,United States Grand Prix,USA,2015-10-25 19:00:00,United States Grand Prix,BOT,77,Williams,16.0,19.0,0.0,1,Retired,12.0,119.569,120.334,,,0.0
2015,16,United States Grand Prix,USA,2015-10-25 19:00:00,United States Grand Prix,STE,28,Manor Marussia,19.0,20.0,0.0,1,Retired,19.0,124.526,,,,0.0
2015,17,Mexican Grand Prix,Mexico,2015-11-01 19:00:00,Mexican Grand Prix,ROS,6,Mercedes,1.0,1.0,25.0,0,Finished,1.0,80.436,80.053,79.48,,0.0
2015,17,Mexican Grand Prix,Mexico,2015-11-01 19:00:00,Mexican Grand Prix,HAM,44,Mercedes,2.0,2.0,18.0,0,Finished,2.0,80.808,79.829,79.668,,0.0
2015,17,Mexican Grand Prix,Mexico,2015-11-01 19:00:00,Mexican Grand Prix,BOT,77,Williams,6.0,3.0,15.0,0,Finished,6.0,80.817,80.458,80.448,,0.0
2015,17,Mexican Grand Prix,Mexico,2015-11-01 19:00:00,Mexican Grand Prix,KVY,26,Red Bull,4.0,4.0,12.0,0,Finished,4.0,80.826,80.49,80.398,,0.0
2015,17,Mexican Grand Prix,Mexico,2015-11-01 19:00:00,Mexican Grand Prix,RIC,3,Red Bull,5.0,5.0,10.0,0,Finished,5.0,81.166,80.783,80.399,,0.0
2015,17,Mexican Grand Prix,Mexico,2015-11-01 19:00:00,Mexican Grand Prix,MAS,19,Williams,7.0,6.0,8.0,0,Finished,7.0,81.379,80.642,80.567,,0.0
2015,17,Mexican Grand Prix,Mexico,2015-11-01 19:00:00,Mexican Grand Prix,HUL,27,Force India,10.0,7.0,6.0,0,Finished,10.0,81.315,80.935,80.788,,0.0
2015,17,Mexican Grand Prix,Mexico,2015-11-01 19:00:00,Mexican Grand Prix,PER,11,Force India,9.0,8.0,4.0,0,Finished,9.0,80.966,80.669,80.716,,0.0
2015,17,Mexican Grand Prix,Mexico,2015-11-01 19:00:00,Mexican Grand Prix,VER,33,Toro Rosso,8.0,9.0,2.0,0,Finished,8.0,80.995,80.894,80.71,,0.0
2015,17,Mexican Grand Prix,Mexico,2015-11-01 19:00:00,Mexican Grand Prix,GRO,8,Lotus F1,12.0,10.0,1.0,0,Finished,12.0,81.577,81.038,,,0.0
2015,17,Mexican Grand Prix,Mexico,2015-11-01 19:00:00,Mexican Grand Prix,MAL,13,Lotus F1,13.0,11.0,0.0,0,Finished,13.0,81.52,81.261,,,0.0
2015,17,Mexican Grand Prix,Mexico,2015-11-01 19:00:00,Mexican Grand Prix,ERI,9,Sauber,14.0,12.0,0.0,0,Finished,14.0,81.299,81.544,,,0.0
2015,17,Mexican Grand Prix,Mexico,2015-11-01 19:00:00,Mexican Grand Prix,SAI,55,Toro Rosso,11.0,13.0,0.0,0,Finished,11.0,80.96,80.942,,,0.0
2015,17,Mexican Grand Prix,Mexico,2015-11-01 19:00:00,Mexican Grand Prix,BUT,22,McLaren,20.0,14.0,0.0,0,Finished,20.0,,,,,0.0
2015,17,Mexican Grand Prix,Mexico,2015-11-01 19:00:00,Mexican Grand Prix,RSS,53,Manor Marussia,16.0,15.0,0.0,0,+2 Laps,18.0,84.136,,,,0.0
2015,17,Mexican Grand Prix,Mexico,2015-11-01 19:00:00,Mexican Grand Prix,STE,28,Manor Marussia,17.0,16.0,0.0,0,+2 Laps,19.0,84.386,,,,0.0
2015,17,Mexican Grand Prix,Mexico,2015-11-01 19:00:00,Mexican Grand Prix,NAS,12,Sauber,15.0,17.0,0.0,1,Brakes,17.0,81.788,,,,0.0
2015,17,Mexican Grand Prix,Mexico,2015-11-01 19:00:00,Mexican Grand Prix,VET,5,Ferrari,3.0,18.0,0.0,1,Accident,3.0,80.503,80.045,79.85,,0.0
2015,17,Mexican Grand Prix,Mexico,2015-11-01 19:00:00,Mexican Grand Prix,RAI,7,Ferrari,19.0,19.0,0.0,1,Collision,15.0,81.422,82.494,,,0.0
2015,17,Mexican Grand Prix,Mexico,2015-11-01 19:00:00,Mexican Grand Prix,ALO,14,McLaren,18.0,20.0,0.0,1,Retired,16.0,81.779,,,,0.0
2015,18,Brazilian Grand Prix,Brazil,2015-11-15 16:00:00,Brazilian Grand Prix,ROS,6,Mercedes,1.0,1.0,25.0,0,Finished,1.0,71.746,72.213,71.282,,0.0
2015,18,Brazilian Grand Prix,Brazil,2015-11-15 16:00:00,Brazilian Grand Prix,HAM,44,Mercedes,2.0,2.0,18.0,0,Finished,2.0,71.682,71.665,71.36,,0.0
2015,18,Brazilian Grand Prix,Brazil,2015-11-15 16:00:00,Brazilian Grand Prix,VET,5,Ferrari,3.0,3.0,15.0,0,Finished,3.0,72.24,71.928,71.804,,0.0
2015,18,Brazilian Grand Prix,Brazil,2015-11-15 16:00:00,Brazilian Grand Prix,RAI,7,Ferrari,4.0,4.0,12.0,0,Finished,5.0,72.185,72.243,72.144,,0.0
2015,18,Brazilian Grand Prix,Brazil,2015-11-15 16:00:00,Brazilian Grand Prix,BOT,77,Williams,7.0,5.0,10.0,0,+1 Lap,4.0,72.934,72.374,72.085,,0.0
2015,18,Brazilian Grand Prix,Brazil,2015-11-15 16:00:00,Brazilian Grand Prix,HUL,27,Force India,5.0,6.0,8.0,0,+1 Lap,6.0,72.595,72.485,72.265,,0.0
2015,18,Brazilian Grand Prix,Brazil,2015-11-15 16:00:00,Brazilian Grand Prix,KVY,26,Red Bull,6.0,7.0,6.0,0,+1 Lap,7.0,72.73,72.527,72.322,,0.0
2015,18,Brazilian Grand Prix,Brazil,2015-11-15 16:00:00,Brazilian Grand Prix,GRO,8,Lotus F1,14.0,8.0,4.0,0,+1 Lap,15.0,73.056,73.913,,,0.0
2015,18,Brazilian Grand Prix,Brazil,2015-11-15 16:00:00,Brazilian Grand Prix,VER,33,Toro Rosso,9.0,9.0,2.0,0,+1 Lap,10.0,72.824,72.712,72.739,,0.0
2015,18,Brazilian Grand Prix,Brazil,2015-11-15 16:00:00,Brazilian Grand Prix,MAL,13,Lotus F1,15.0,10.0,1.0,0,+1 Lap,16.0,73.385,,,,0.0
2015,18,Brazilian Grand Prix,Brazil,2015-11-15 16:00:00,Brazilian Grand Prix,RIC,3,Red Bull,19.0,11.0,0.0,0,+1 Lap,9.0,72.639,72.825,72.417,,0.0
2015,18,Brazilian Grand Prix,Brazil,2015-11-15 16:00:00,Brazilian Grand Prix,PER,11,Force India,11.0,12.0,0.0,0,+1 Lap,13.0,73.14,73.147,,,0.0
2015,18,Brazilian Grand Prix,Brazil,2015-11-15 16:00:00,Brazilian Grand Prix,NAS,12,Sauber,13.0,13.0,0.0,0,+1 Lap,11.0,73.111,72.989,,,0.0
2015,18,Brazilian Grand Prix,Brazil,2015-11-15 16:00:00,Brazilian Grand Prix,BUT,22,McLaren,16.0,14.0,0.0,0,+1 Lap,17.0,73.425,,,,0.0
2015,18,Brazilian Grand Prix,Brazil,2015-11-15 16:00:00,Brazilian Grand Prix,ALO,14,McLaren,20.0,15.0,0.0,0,+1 Lap,20.0,,,,,0.0
2015,18,Brazilian Grand Prix,Brazil,2015-11-15 16:00:00,Brazilian Grand Prix,ERI,9,Sauber,12.0,16.0,0.0,0,+2 Laps,14.0,73.346,73.233,,,0.0
2015,18,Brazilian Grand Prix,Brazil,2015-11-15 16:00:00,Brazilian Grand Prix,STE,28,Manor Marussia,18.0,17.0,0.0,0,+4 Laps,19.0,76.283,,,,0.0
2015,18,Brazilian Grand Prix,Brazil,2015-11-15 16:00:00,Brazilian Grand Prix,RSS,53,Manor Marussia,17.0,18.0,0.0,0,+4 Laps,18.0,76.151,,,,0.0
2015,18,Brazilian Grand Prix,Brazil,2015-11-15 16:00:00,Brazilian Grand Prix,SAI,55,Toro Rosso,10.0,19.0,0.0,1,Retired,12.0,73.267,73.045,,,0.0
2015,18,Brazilian Grand Prix,Brazil,2015-11-15 16:00:00,Brazilian Grand Prix,MAS,19,Williams,8.0,20.0,0.0,1,Excluded,8.0,72.98,72.858,72.415,,0.0
2015,19,Abu Dhabi Grand Prix,UAE,2015-11-29 13:00:00,Abu Dhabi Grand Prix,ROS,6,Mercedes,1.0,1.0,25.0,0,Finished,1.0,101.111,100.979,100.237,,0.0
2015,19,Abu Dhabi Grand Prix,UAE,2015-11-29 13:00:00,Abu Dhabi Grand Prix,HAM,44,Mercedes,2.0,2.0,18.0,0,Finished,2.0,100.974,100.758,100.614,,0.0
2015,19,Abu Dhabi Grand Prix,UAE,2015-11-29 13:00:00,Abu Dhabi Grand Prix,RAI,7,Ferrari,3.0,3.0,15.0,0,Finished,3.0,102.5,101.612,101.051,,0.0
2015,19,Abu Dhabi Grand Prix,UAE,2015-11-29 13:00:00,Abu Dhabi Grand Prix,VET,5,Ferrari,15.0,4.0,12.0,0,Finished,16.0,102.941,,,,0.0
2015,19,Abu Dhabi Grand Prix,UAE,2015-11-29 13:00:00,Abu Dhabi Grand Prix,PER,11,Force India,4.0,5.0,10.0,0,Finished,4.0,101.983,101.56,101.184,,0.0
2015,19,Abu Dhabi Grand Prix,UAE,2015-11-29 13:00:00,Abu Dhabi Grand Prix,RIC,3,Red Bull,5.0,6.0,8.0,0,Finished,5.0,102.275,101.83,101.444,,0.0
2015,19,Abu Dhabi Grand Prix,UAE,2015-11-29 13:00:00,Abu Dhabi Grand Prix,HUL,27,Force India,7.0,7.0,6.0,0,Finished,7.0,101.996,101.925,101.686,,0.0
2015,19,Abu Dhabi Grand Prix,UAE,2015-11-29 13:00:00,Abu Dhabi Grand Prix,MAS,19,Williams,8.0,8.0,4.0,0,Finished,8.0,102.303,102.349,101.759,,0.0
2015,19,Abu Dhabi Grand Prix,UAE,2015-11-29 13:00:00,Abu Dhabi Grand Prix,GRO,8,Lotus F1,18.0,9.0,2.0,0,Finished,15.0,102.585,,,,0.0
2015,19,Abu Dhabi Grand Prix,UAE,2015-11-29 13:00:00,Abu Dhabi Grand Prix,KVY,26,Red Bull,9.0,10.0,1.0,0,Finished,9.0,102.54,102.328,101.933,,0.0
2015,19,Abu Dhabi Grand Prix,UAE,2015-11-29 13:00:00,Abu Dhabi Grand Prix,SAI,55,Toro Rosso,10.0,11.0,0.0,0,Finished,10.0,102.911,102.482,102.708,,0.0
2015,19,Abu Dhabi Grand Prix,UAE,2015-11-29 13:00:00,Abu Dhabi Grand Prix,BUT,22,McLaren,12.0,12.0,0.0,0,+1 Lap,12.0,102.57,102.668,,,0.0
2015,19,Abu Dhabi Grand Prix,UAE,2015-11-29 13:00:00,Abu Dhabi Grand Prix,BOT,77,Williams,6.0,13.0,0.0,0,+1 Lap,6.0,102.608,101.868,101.656,,0.0
2015,19,Abu Dhabi Grand Prix,UAE,2015-11-29 13:00:00,Abu Dhabi Grand Prix,ERI,9,Sauber,17.0,14.0,0.0,0,+1 Lap,18.0,103.838,,,,0.0
2015,19,Abu Dhabi Grand Prix,UAE,2015-11-29 13:00:00,Abu Dhabi Grand Prix,NAS,12,Sauber,14.0,15.0,0.0,0,+1 Lap,14.0,102.896,103.614,,,0.0
2015,19,Abu Dhabi Grand Prix,UAE,2015-11-29 13:00:00,Abu Dhabi Grand Prix,VER,33,Toro Rosso,11.0,16.0,0.0,0,+1 Lap,11.0,102.889,102.521,,,0.0
2015,19,Abu Dhabi Grand Prix,UAE,2015-11-29 13:00:00,Abu Dhabi Grand Prix,ALO,14,McLaren,16.0,17.0,0.0,0,+2 Laps,17.0,103.187,,,,0.0
2015,19,Abu Dhabi Grand Prix,UAE,2015-11-29 13:00:00,Abu Dhabi Grand Prix,STE,28,Manor Marussia,19.0,18.0,0.0,0,+2 Laps,19.0,106.297,,,,0.0
2015,19,Abu Dhabi Grand Prix,UAE,2015-11-29 13:00:00,Abu Dhabi Grand Prix,MER,98,Manor Marussia,20.0,19.0,0.0,0,+3 Laps,20.0,107.434,,,,0.0
2015,19,Abu Dhabi Grand Prix,UAE,2015-11-29 13:00:00,Abu Dhabi Grand Prix,MAL,13,Lotus F1,13.0,20.0,0.0,1,Collision,13.0,102.929,102.807,,,0.0
2016,1,Australian Grand Prix,Australia,2016-03-20 05:00:00,Australian Grand Prix,ROS,6,Mercedes,2.0,1.0,25.0,0,Finished,2.0,86.934,84.796,84.197,,0.0
2016,1,Australian Grand Prix,Australia,2016-03-20 05:00:00,Australian Grand Prix,HAM,44,Mercedes,1.0,2.0,18.0,0,Finished,1.0,85.351,84.605,83.837,,0.0
2016,1,Australian Grand Prix,Australia,2016-03-20 05:00:00,Australian Grand Prix,VET,5,Ferrari,3.0,3.0,15.0,0,Finished,3.0,86.945,85.257,84.675,,0.0
2016,1,Australian Grand Prix,Australia,2016-03-20 05:00:00,Australian Grand Prix,RIC,3,Red Bull,8.0,4.0,12.0,0,Finished,8.0,86.945,85.599,85.589,,0.0
2016,1,Australian Grand Prix,Australia,2016-03-20 05:00:00,Australian Grand Prix,MAS,19,Williams,6.0,5.0,10.0,0,Finished,6.0,85.918,85.644,85.458,,0.0
2016,1,Australian Grand Prix,Australia,2016-03-20 05:00:00,Australian Grand Prix,GRO,8,Haas F1 Team,19.0,6.0,8.0,0,Finished,19.0,88.322,,,,0.0
2016,1,Australian Grand Prix,Australia,2016-03-20 05:00:00,Australian Grand Prix,HUL,27,Force India,10.0,7.0,6.0,0,Finished,10.0,86.55,85.865,,,0.0
2016,1,Australian Grand Prix,Australia,2016-03-20 05:00:00,Australian Grand Prix,BOT,77,Williams,16.0,8.0,4.0,0,Finished,11.0,87.135,85.961,,,0.0
2016,1,Australian Grand Prix,Australia,2016-03-20 05:00:00,Australian Grand Prix,SAI,55,Toro Rosso,7.0,9.0,2.0,0,Finished,7.0,87.057,85.384,85.582,,0.0
2016,1,Australian Grand Prix,Australia,2016-03-20 05:00:00,Australian Grand Prix,VER,33,Toro Rosso,5.0,10.0,1.0,0,Finished,5.0,86.934,85.615,85.434,,0.0
2016,1,Australian Grand Prix,Australia,2016-03-20 05:00:00,Australian Grand Prix,PAL,30,Renault,13.0,11.0,0.0,0,Finished,14.0,87.241,87.601,,,0.0
2016,1,Australian Grand Prix,Australia,2016-03-20 05:00:00,Australian Grand Prix,MAG,20,Renault,14.0,12.0,0.0,0,Finished,15.0,87.297,87.742,,,0.0
2016,1,Australian Grand Prix,Australia,2016-03-20 05:00:00,Australian Grand Prix,PER,11,Force India,9.0,13.0,0.0,0,Finished,9.0,86.607,85.753,,,0.0
2016,1,Australian Grand Prix,Australia,2016-03-20 05:00:00,Australian Grand Prix,BUT,22,McLaren,12.0,14.0,0.0,0,+1 Lap,13.0,86.74,86.304,,,0.0
2016,1,Australian Grand Prix,Australia,2016-03-20 05:00:00,Australian Grand Prix,NAS,12,Sauber,17.0,15.0,0.0,0,+1 Lap,17.0,87.958,,,,0.0
2016,1,Australian Grand Prix,Australia,2016-03-20 05:00:00,Australian Grand Prix,WEH,94,Manor Marussia,21.0,16.0,0.0,0,+1 Lap,22.0,89.642,,,,0.0
2016,1,Australian Grand Prix,Australia,2016-03-20 05:00:00,Australian Grand Prix,ERI,9,Sauber,15.0,17.0,0.0,1,Engine,16.0,87.435,,,,0.0
2016,1,Australian Grand Prix,Australia,2016-03-20 05:00:00,Australian Grand Prix,RAI,7,Ferrari,4.0,18.0,0.0,1,Engine,4.0,86.579,85.615,85.033,,0.0
2016,1,Australian Grand Prix,Australia,2016-03-20 05:00:00,Australian Grand Prix,HAR,88,Manor Marussia,22.0,19.0,0.0,1,Mechanical,21.0,89.627,,,,0.0
2016,1,Australian Grand Prix,Australia,2016-03-20 05:00:00,Australian Grand Prix,GUT,21,Haas F1 Team,20.0,20.0,0.0,1,Collision,20.0,89.606,,,,0.0
2016,1,Australian Grand Prix,Australia,2016-03-20 05:00:00,Australian Grand Prix,ALO,14,McLaren,11.0,21.0,0.0,1,Collision,12.0,86.537,86.125,,,0.0
2016,1,Australian Grand Prix,Australia,2016-03-20 05:00:00,Australian Grand Prix,KVY,26,Red Bull,18.0,22.0,0.0,1,Retired,18.0,88.006,,,,0.0
2016,2,Bahrain Grand Prix,Bahrain,2016-04-03 15:00:00,Bahrain Grand Prix,ROS,6,Mercedes,2.0,1.0,25.0,0,Finished,2.0,91.325,90.535,89.57,,0.0
2016,2,Bahrain Grand Prix,Bahrain,2016-04-03 15:00:00,Bahrain Grand Prix,RAI,7,Ferrari,4.0,2.0,18.0,0,Finished,4.0,91.685,90.559,90.244,,0.0
2016,2,Bahrain Grand Prix,Bahrain,2016-04-03 15:00:00,Bahrain Grand Prix,HAM,44,Mercedes,1.0,3.0,15.0,0,Finished,1.0,91.391,90.039,89.493,,0.0
2016,2,Bahrain Grand Prix,Bahrain,2016-04-03 15:00:00,Bahrain Grand Prix,RIC,3,Red Bull,5.0,4.0,12.0,0,Finished,5.0,91.403,91.122,90.854,,0.0
2016,2,Bahrain Grand Prix,Bahrain,2016-04-03 15:00:00,Bahrain Grand Prix,GRO,8,Haas F1 Team,9.0,5.0,10.0,0,Finished,9.0,92.005,91.756,,,0.0
2016,2,Bahrain Grand Prix,Bahrain,2016-04-03 15:00:00,Bahrain Grand Prix,VER,33,Toro Rosso,10.0,6.0,8.0,0,Finished,10.0,91.888,91.772,,,0.0
2016,2,Bahrain Grand Prix,Bahrain,2016-04-03 15:00:00,Bahrain Grand Prix,KVY,26,Red Bull,15.0,7.0,6.0,0,+1 Lap,15.0,92.559,92.241,,,0.0
2016,2,Bahrain Grand Prix,Bahrain,2016-04-03 15:00:00,Bahrain Grand Prix,MAS,19,Williams,7.0,8.0,4.0,0,+1 Lap,7.0,92.045,91.374,91.155,,0.0
2016,2,Bahrain Grand Prix,Bahrain,2016-04-03 15:00:00,Bahrain Grand Prix,BOT,77,Williams,6.0,9.0,2.0,0,+1 Lap,6.0,91.672,90.931,91.153,,0.0
2016,2,Bahrain Grand Prix,Bahrain,2016-04-03 15:00:00,Bahrain Grand Prix,VAN,47,McLaren,12.0,10.0,1.0,0,+1 Lap,12.0,92.472,91.934,,,0.0
2016,2,Bahrain Grand Prix,Bahrain,2016-04-03 15:00:00,Bahrain Grand Prix,MAG,20,Renault,22.0,11.0,0.0,0,+1 Lap,19.0,93.181,,,,0.0
2016,2,Bahrain Grand Prix,Bahrain,2016-04-03 15:00:00,Bahrain Grand Prix,ERI,9,Sauber,17.0,12.0,0.0,0,+1 Lap,17.0,92.84,,,,0.0
2016,2,Bahrain Grand Prix,Bahrain,2016-04-03 15:00:00,Bahrain Grand Prix,WEH,94,Manor Marussia,16.0,13.0,0.0,0,+1 Lap,16.0,92.806,,,,0.0
2016,2,Bahrain Grand Prix,Bahrain,2016-04-03 15:00:00,Bahrain Grand Prix,NAS,12,Sauber,21.0,14.0,0.0,0,+1 Lap,22.0,94.388,,,,0.0
2016,2,Bahrain Grand Prix,Bahrain,2016-04-03 15:00:00,Bahrain Grand Prix,HUL,27,Force India,8.0,15.0,0.0,0,+1 Lap,8.0,91.987,91.604,91.62,,0.0
2016,2,Bahrain Grand Prix,Bahrain,2016-04-03 15:00:00,Bahrain Grand Prix,PER,11,Force India,18.0,16.0,0.0,0,+1 Lap,18.0,92.911,,,,0.0
2016,2,Bahrain Grand Prix,Bahrain,2016-04-03 15:00:00,Bahrain Grand Prix,HAR,88,Manor Marussia,20.0,17.0,0.0,0,+1 Lap,21.0,94.19,,,,0.0
2016,2,Bahrain Grand Prix,Bahrain,2016-04-03 15:00:00,Bahrain Grand Prix,SAI,55,Toro Rosso,11.0,18.0,0.0,1,Retired,11.0,91.716,91.816,,,0.0
2016,2,Bahrain Grand Prix,Bahrain,2016-04-03 15:00:00,Bahrain Grand Prix,GUT,21,Haas F1 Team,13.0,19.0,0.0,1,Retired,13.0,92.118,91.945,,,0.0
2016,2,Bahrain Grand Prix,Bahrain,2016-04-03 15:00:00,Bahrain Grand Prix,BUT,22,McLaren,14.0,20.0,0.0,1,Power Unit,14.0,91.976,91.998,,,0.0
2016,2,Bahrain Grand Prix,Bahrain,2016-04-03 15:00:00,Bahrain Grand Prix,VET,5,Ferrari,3.0,21.0,0.0,1,Engine,3.0,91.636,90.409,90.012,,0.0
2016,2,Bahrain Grand Prix,Bahrain,2016-04-03 15:00:00,Bahrain Grand Prix,PAL,30,Renault,19.0,22.0,0.0,1,Hydraulics,20.0,93.438,,,,0.0
2016,3,Chinese Grand Prix,China,2016-04-17 06:00:00,Chinese Grand Prix,ROS,6,Mercedes,1.0,1.0,25.0,0,Finished,1.0,97.669,96.24,95.402,,0.0
2016,3,Chinese Grand Prix,China,2016-04-17 06:00:00,Chinese Grand Prix,VET,5,Ferrari,4.0,2.0,18.0,0,Finished,4.0,97.001,96.183,96.246,,0.0
2016,3,Chinese Grand Prix,China,2016-04-17 06:00:00,Chinese Grand Prix,KVY,26,Red Bull,6.0,3.0,15.0,0,Finished,6.0,97.719,96.948,96.399,,0.0
2016,3,Chinese Grand Prix,China,2016-04-17 06:00:00,Chinese Grand Prix,RIC,3,Red Bull,2.0,4.0,12.0,0,Finished,2.0,97.672,96.815,95.917,,0.0
2016,3,Chinese Grand Prix,China,2016-04-17 06:00:00,Chinese Grand Prix,RAI,7,Ferrari,3.0,5.0,10.0,0,Finished,3.0,97.347,96.118,95.972,,0.0
2016,3,Chinese Grand Prix,China,2016-04-17 06:00:00,Chinese Grand Prix,MAS,19,Williams,10.0,6.0,8.0,0,Finished,11.0,98.016,97.347,,,0.0
2016,3,Chinese Grand Prix,China,2016-04-17 06:00:00,Chinese Grand Prix,HAM,44,Mercedes,22.0,7.0,6.0,0,Finished,22.0,,,,,0.0
2016,3,Chinese Grand Prix,China,2016-04-17 06:00:00,Chinese Grand Prix,VER,33,Toro Rosso,9.0,8.0,4.0,0,Finished,9.0,98.181,97.265,97.194,,0.0
2016,3,Chinese Grand Prix,China,2016-04-17 06:00:00,Chinese Grand Prix,SAI,55,Toro Rosso,8.0,9.0,2.0,0,Finished,8.0,97.656,97.204,96.881,,0.0
2016,3,Chinese Grand Prix,China,2016-04-17 06:00:00,Chinese Grand Prix,BOT,77,Williams,5.0,10.0,1.0,0,Finished,5.0,97.537,96.831,96.296,,0.0
2016,3,Chinese Grand Prix,China,2016-04-17 06:00:00,Chinese Grand Prix,PER,11,Force India,7.0,11.0,0.0,0,Finished,7.0,98.096,97.149,96.865,,0.0
2016,3,Chinese Grand Prix,China,2016-04-17 06:00:00,Chinese Grand Prix,ALO,14,McLaren,11.0,12.0,0.0,0,Finished,12.0,98.451,98.826,,,0.0
2016,3,Chinese Grand Prix,China,2016-04-17 06:00:00,Chinese Grand Prix,BUT,22,McLaren,12.0,13.0,0.0,0,Finished,13.0,97.593,99.093,,,0.0
2016,3,Chinese Grand Prix,China,2016-04-17 06:00:00,Chinese Grand Prix,GUT,21,Haas F1 Team,18.0,14.0,0.0,0,+1 Lap,18.0,98.77,,,,0.0
2016,3,Chinese Grand Prix,China,2016-04-17 06:00:00,Chinese Grand Prix,HUL,27,Force India,13.0,15.0,0.0,0,+1 Lap,10.0,98.165,97.333,,,0.0
2016,3,Chinese Grand Prix,China,2016-04-17 06:00:00,Chinese Grand Prix,ERI,9,Sauber,15.0,16.0,0.0,0,+1 Lap,15.0,98.321,100.742,,,0.0
2016,3,Chinese Grand Prix,China,2016-04-17 06:00:00,Chinese Grand Prix,MAG,20,Renault,17.0,17.0,0.0,0,+1 Lap,17.0,98.673,,,,0.0
2016,3,Chinese Grand Prix,China,2016-04-17 06:00:00,Chinese Grand Prix,WEH,94,Manor Marussia,21.0,18.0,0.0,0,+1 Lap,21.0,,,,,0.0
2016,3,Chinese Grand Prix,China,2016-04-17 06:00:00,Chinese Grand Prix,GRO,8,Haas F1 Team,14.0,19.0,0.0,0,+1 Lap,14.0,98.425,99.83,,,0.0
2016,3,Chinese Grand Prix,China,2016-04-17 06:00:00,Chinese Grand Prix,NAS,12,Sauber,16.0,20.0,0.0,0,+1 Lap,16.0,98.654,102.43,,,0.0
2016,3,Chinese Grand Prix,China,2016-04-17 06:00:00,Chinese Grand Prix,HAR,88,Manor Marussia,20.0,21.0,0.0,0,+1 Lap,20.0,100.264,,,,0.0
2016,3,Chinese Grand Prix,China,2016-04-17 06:00:00,Chinese Grand Prix,PAL,30,Renault,19.0,22.0,0.0,0,+1 Lap,19.0,99.528,,,,0.0
2016,4,Russian Grand Prix,Russia,2016-05-01 12:00:00,Russian Grand Prix,ROS,6,Mercedes,1.0,1.0,25.0,0,Finished,1.0,96.119,95.337,95.417,,0.0
2016,4,Russian Grand Prix,Russia,2016-05-01 12:00:00,Russian Grand Prix,HAM,44,Mercedes,10.0,2.0,18.0,0,Finished,10.0,96.006,95.82,,,0.0
2016,4,Russian Grand Prix,Russia,2016-05-01 12:00:00,Russian Grand Prix,RAI,7,Ferrari,3.0,3.0,15.0,0,Finished,4.0,96.976,96.741,96.663,,0.0
2016,4,Russian Grand Prix,Russia,2016-05-01 12:00:00,Russian Grand Prix,BOT,77,Williams,2.0,4.0,12.0,0,Finished,3.0,97.746,97.14,96.536,,0.0
2016,4,Russian Grand Prix,Russia,2016-05-01 12:00:00,Russian Grand Prix,MAS,19,Williams,4.0,5.0,10.0,0,Finished,5.0,97.753,97.23,97.016,,0.0
2016,4,Russian Grand Prix,Russia,2016-05-01 12:00:00,Russian Grand Prix,ALO,14,McLaren,14.0,6.0,8.0,0,+1 Lap,14.0,97.971,97.807,,,0.0
2016,4,Russian Grand Prix,Russia,2016-05-01 12:00:00,Russian Grand Prix,MAG,20,Renault,17.0,7.0,6.0,0,+1 Lap,17.0,98.914,,,,0.0
2016,4,Russian Grand Prix,Russia,2016-05-01 12:00:00,Russian Grand Prix,GRO,8,Haas F1 Team,15.0,8.0,4.0,0,+1 Lap,15.0,98.383,98.055,,,0.0
2016,4,Russian Grand Prix,Russia,2016-05-01 12:00:00,Russian Grand Prix,PER,11,Force India,6.0,9.0,2.0,0,+1 Lap,7.0,98.006,97.282,97.212,,0.0
2016,4,Russian Grand Prix,Russia,2016-05-01 12:00:00,Russian Grand Prix,BUT,22,McLaren,12.0,10.0,1.0,0,+1 Lap,12.0,98.332,97.701,,,0.0
2016,4,Russian Grand Prix,Russia,2016-05-01 12:00:00,Russian Grand Prix,RIC,3,Red Bull,5.0,11.0,0.0,0,+1 Lap,6.0,98.091,97.569,97.125,,0.0
2016,4,Russian Grand Prix,Russia,2016-05-01 12:00:00,Russian Grand Prix,SAI,55,Toro Rosso,11.0,12.0,0.0,0,+1 Lap,11.0,97.784,97.652,,,0.0
2016,4,Russian Grand Prix,Russia,2016-05-01 12:00:00,Russian Grand Prix,PAL,30,Renault,18.0,13.0,0.0,0,+1 Lap,18.0,99.009,,,,0.0
2016,4,Russian Grand Prix,Russia,2016-05-01 12:00:00,Russian Grand Prix,ERI,9,Sauber,22.0,14.0,0.0,0,+1 Lap,22.0,99.519,,,,0.0
2016,4,Russian Grand Prix,Russia,2016-05-01 12:00:00,Russian Grand Prix,KVY,26,Red Bull,8.0,15.0,0.0,0,+1 Lap,8.0,98.265,97.606,97.459,,0.0
2016,4,Russian Grand Prix,Russia,2016-05-01 12:00:00,Russian Grand Prix,NAS,12,Sauber,19.0,16.0,0.0,0,+1 Lap,19.0,99.018,,,,0.0
2016,4,Russian Grand Prix,Russia,2016-05-01 12:00:00,Russian Grand Prix,GUT,21,Haas F1 Team,16.0,17.0,0.0,0,+1 Lap,16.0,98.678,98.115,,,0.0
2016,4,Russian Grand Prix,Russia,2016-05-01 12:00:00,Russian Grand Prix,WEH,94,Manor Marussia,20.0,18.0,0.0,0,+2 Laps,20.0,99.399,,,,0.0
2016,4,Russian Grand Prix,Russia,2016-05-01 12:00:00,Russian Grand Prix,VER,33,Toro Rosso,9.0,19.0,0.0,1,Power Unit,9.0,98.123,97.51,97.583,,0.0
2016,4,Russian Grand Prix,Russia,2016-05-01 12:00:00,Russian Grand Prix,VET,5,Ferrari,7.0,20.0,0.0,1,Collision,2.0,96.555,96.623,96.123,,0.0
2016,4,Russian Grand Prix,Russia,2016-05-01 12:00:00,Russian Grand Prix,HUL,27,Force India,13.0,21.0,0.0,1,Collision,13.0,98.562,97.771,,,0.0
2016,4,Russian Grand Prix,Russia,2016-05-01 12:00:00,Russian Grand Prix,HAR,88,Manor Marussia,21.0,22.0,0.0,1,Collision,21.0,99.463,,,,0.0
2016,5,Spanish Grand Prix,Spain,2016-05-15 12:00:00,Spanish Grand Prix,VER,33,Red Bull,4.0,1.0,25.0,0,Finished,4.0,83.578,83.178,83.087,,0.0
2016,5,Spanish Grand Prix,Spain,2016-05-15 12:00:00,Spanish Grand Prix,RAI,7,Ferrari,5.0,2.0,18.0,0,Finished,5.0,83.796,83.504,83.113,,0.0
2016,5,Spanish Grand Prix,Spain,2016-05-15 12:00:00,Spanish Grand Prix,VET,5,Ferrari,6.0,3.0,15.0,0,Finished,6.0,84.124,83.688,83.334,,0.0
2016,5,Spanish Grand Prix,Spain,2016-05-15 12:00:00,Spanish Grand Prix,RIC,3,Red Bull,3.0,4.0,12.0,0,Finished,3.0,83.749,83.585,82.68,,0.0
2016,5,Spanish Grand Prix,Spain,2016-05-15 12:00:00,Spanish Grand Prix,BOT,77,Williams,7.0,5.0,10.0,0,Finished,7.0,84.251,84.023,83.522,,0.0
2016,5,Spanish Grand Prix,Spain,2016-05-15 12:00:00,Spanish Grand Prix,SAI,55,Toro Rosso,8.0,6.0,8.0,0,Finished,8.0,84.496,84.077,83.643,,0.0
2016,5,Spanish Grand Prix,Spain,2016-05-15 12:00:00,Spanish Grand Prix,PER,11,Force India,9.0,7.0,6.0,0,Finished,9.0,84.698,84.003,83.782,,0.0
2016,5,Spanish Grand Prix,Spain,2016-05-15 12:00:00,Spanish Grand Prix,MAS,19,Williams,18.0,8.0,4.0,0,Finished,18.0,84.941,,,,0.0
2016,5,Spanish Grand Prix,Spain,2016-05-15 12:00:00,Spanish Grand Prix,BUT,22,McLaren,12.0,9.0,2.0,0,+1 Lap,12.0,84.583,84.348,,,0.0
2016,5,Spanish Grand Prix,Spain,2016-05-15 12:00:00,Spanish Grand Prix,KVY,26,Toro Rosso,13.0,10.0,1.0,0,+1 Lap,13.0,84.696,84.445,,,0.0
2016,5,Spanish Grand Prix,Spain,2016-05-15 12:00:00,Spanish Grand Prix,GUT,21,Haas F1 Team,16.0,11.0,0.0,0,+1 Lap,16.0,84.406,84.778,,,0.0
2016,5,Spanish Grand Prix,Spain,2016-05-15 12:00:00,Spanish Grand Prix,ERI,9,Sauber,19.0,12.0,0.0,0,+1 Lap,19.0,85.202,,,,0.0
2016,5,Spanish Grand Prix,Spain,2016-05-15 12:00:00,Spanish Grand Prix,PAL,30,Renault,17.0,13.0,0.0,0,+1 Lap,17.0,84.903,,,,0.0
2016,5,Spanish Grand Prix,Spain,2016-05-15 12:00:00,Spanish Grand Prix,MAG,20,Renault,15.0,14.0,0.0,0,+1 Lap,15.0,84.669,84.625,,,0.0
2016,5,Spanish Grand Prix,Spain,2016-05-15 12:00:00,Spanish Grand Prix,NAS,12,Sauber,20.0,15.0,0.0,0,+1 Lap,20.0,85.579,,,,0.0
2016,5,Spanish Grand Prix,Spain,2016-05-15 12:00:00,Spanish Grand Prix,WEH,94,Manor Marussia,21.0,16.0,0.0,0,+1 Lap,21.0,85.745,,,,0.0
2016,5,Spanish Grand Prix,Spain,2016-05-15 12:00:00,Spanish Grand Prix,HAR,88,Manor Marussia,22.0,17.0,0.0,0,+1 Lap,22.0,85.939,,,,0.0
2016,5,Spanish Grand Prix,Spain,2016-05-15 12:00:00,Spanish Grand Prix,GRO,8,Haas F1 Team,14.0,18.0,0.0,1,Engine,14.0,84.716,84.48,,,0.0
2016,5,Spanish Grand Prix,Spain,2016-05-15 12:00:00,Spanish Grand Prix,ALO,14,McLaren,10.0,19.0,0.0,1,Engine,10.0,84.578,84.192,83.981,,0.0
2016,5,Spanish Grand Prix,Spain,2016-05-15 12:00:00,Spanish Grand Prix,HUL,27,Force India,11.0,20.0,0.0,1,Engine,11.0,84.463,84.203,,,0.0
2016,5,Spanish Grand Prix,Spain,2016-05-15 12:00:00,Spanish Grand Prix,HAM,44,Mercedes,1.0,21.0,0.0,1,Collision,1.0,83.214,82.159,82.0,,0.0
2016,5,Spanish Grand Prix,Spain,2016-05-15 12:00:00,Spanish Grand Prix,ROS,6,Mercedes,2.0,22.0,0.0,1,Collision,2.0,83.002,82.759,82.28,,0.0
2016,6,Monaco Grand Prix,Monaco,2016-05-29 12:00:00,Monaco Grand Prix,HAM,44,Mercedes,3.0,1.0,25.0,0,Finished,3.0,74.826,74.056,73.942,,0.0
2016,6,Monaco Grand Prix,Monaco,2016-05-29 12:00:00,Monaco Grand Prix,RIC,3,Red Bull,1.0,2.0,18.0,0,Finished,1.0,74.912,74.357,73.622,,0.0
2016,6,Monaco Grand Prix,Monaco,2016-05-29 12:00:00,Monaco Grand Prix,PER,11,Force India,7.0,3.0,15.0,0,Finished,8.0,75.328,74.937,74.902,,0.0
2016,6,Monaco Grand Prix,Monaco,2016-05-29 12:00:00,Monaco Grand Prix,VET,5,Ferrari,4.0,4.0,12.0,0,Finished,4.0,74.61,74.318,74.552,,0.0
2016,6,Monaco Grand Prix,Monaco,2016-05-29 12:00:00,Monaco Grand Prix,ALO,14,McLaren,9.0,5.0,10.0,0,Finished,10.0,75.504,75.107,75.363,,0.0
2016,6,Monaco Grand Prix,Monaco,2016-05-29 12:00:00,Monaco Grand Prix,HUL,27,Force India,5.0,6.0,8.0,0,Finished,5.0,75.333,74.989,74.726,,0.0
2016,6,Monaco Grand Prix,Monaco,2016-05-29 12:00:00,Monaco Grand Prix,ROS,6,Mercedes,2.0,7.0,6.0,0,Finished,2.0,74.873,74.043,73.791,,0.0
2016,6,Monaco Grand Prix,Monaco,2016-05-29 12:00:00,Monaco Grand Prix,SAI,55,Toro Rosso,6.0,8.0,4.0,0,+1 Lap,7.0,75.467,74.805,74.749,,0.0
2016,6,Monaco Grand Prix,Monaco,2016-05-29 12:00:00,Monaco Grand Prix,BUT,22,McLaren,13.0,9.0,2.0,0,+1 Lap,13.0,75.554,75.352,,,0.0
2016,6,Monaco Grand Prix,Monaco,2016-05-29 12:00:00,Monaco Grand Prix,MAS,19,Williams,14.0,10.0,1.0,0,+1 Lap,14.0,75.71,75.385,,,0.0
2016,6,Monaco Grand Prix,Monaco,2016-05-29 12:00:00,Monaco Grand Prix,GUT,21,Haas F1 Team,12.0,11.0,0.0,0,+1 Lap,12.0,75.592,75.293,,,0.0
2016,6,Monaco Grand Prix,Monaco,2016-05-29 12:00:00,Monaco Grand Prix,BOT,77,Williams,10.0,12.0,0.0,0,+1 Lap,11.0,75.521,75.273,,,0.0
2016,6,Monaco Grand Prix,Monaco,2016-05-29 12:00:00,Monaco Grand Prix,GRO,8,Haas F1 Team,15.0,13.0,0.0,0,+2 Laps,15.0,75.465,75.571,,,0.0
2016,6,Monaco Grand Prix,Monaco,2016-05-29 12:00:00,Monaco Grand Prix,WEH,94,Manor Marussia,20.0,14.0,0.0,0,+2 Laps,20.0,77.452,,,,0.0
2016,6,Monaco Grand Prix,Monaco,2016-05-29 12:00:00,Monaco Grand Prix,HAR,88,Manor Marussia,19.0,15.0,0.0,0,+4 Laps,19.0,77.295,,,,0.0
2016,6,Monaco Grand Prix,Monaco,2016-05-29 12:00:00,Monaco Grand Prix,ERI,9,Sauber,17.0,16.0,0.0,1,Collision,17.0,76.299,,,,0.0
2016,6,Monaco Grand Prix,Monaco,2016-05-29 12:00:00,Monaco Grand Prix,NAS,12,Sauber,20.0,17.0,0.0,1,Retired,22.0,,,,,0.0
2016,6,Monaco Grand Prix,Monaco,2016-05-29 12:00:00,Monaco Grand Prix,VER,33,Red Bull,20.0,18.0,0.0,1,Accident,21.0,82.467,,,,0.0
2016,6,Monaco Grand Prix,Monaco,2016-05-29 12:00:00,Monaco Grand Prix,MAG,20,Renault,16.0,19.0,0.0,1,Retired,16.0,76.253,76.058,,,0.0
2016,6,Monaco Grand Prix,Monaco,2016-05-29 12:00:00,Monaco Grand Prix,KVY,26,Toro Rosso,8.0,20.0,0.0,1,Accident,9.0,75.384,74.794,75.273,,0.0
2016,6,Monaco Grand Prix,Monaco,2016-05-29 12:00:00,Monaco Grand Prix,RAI,7,Ferrari,11.0,21.0,0.0,1,Accident,6.0,75.499,74.789,74.732,,0.0
2016,6,Monaco Grand Prix,Monaco,2016-05-29 12:00:00,Monaco Grand Prix,PAL,30,Renault,18.0,22.0,0.0,1,Accident,18.0,76.586,,,,0.0
2016,7,Canadian Grand Prix,Canada,2016-06-12 18:00:00,Canadian Grand Prix,HAM,44,Mercedes,1.0,1.0,25.0,0,Finished,1.0,74.121,73.076,72.812,,0.0
2016,7,Canadian Grand Prix,Canada,2016-06-12 18:00:00,Canadian Grand Prix,VET,5,Ferrari,3.0,2.0,18.0,0,Finished,3.0,73.925,73.857,72.99,,0.0
2016,7,Canadian Grand Prix,Canada,2016-06-12 18:00:00,Canadian Grand Prix,BOT,77,Williams,7.0,3.0,15.0,0,Finished,7.0,74.389,73.791,73.67,,0.0
2016,7,Canadian Grand Prix,Canada,2016-06-12 18:00:00,Canadian Grand Prix,VER,33,Red Bull,5.0,4.0,12.0,0,Finished,5.0,74.601,73.793,73.414,,0.0
2016,7,Canadian Grand Prix,Canada,2016-06-12 18:00:00,Canadian Grand Prix,ROS,6,Mercedes,2.0,5.0,10.0,0,Finished,2.0,73.714,73.094,72.874,,0.0
2016,7,Canadian Grand Prix,Canada,2016-06-12 18:00:00,Canadian Grand Prix,RAI,7,Ferrari,6.0,6.0,8.0,0,Finished,6.0,74.477,73.849,73.579,,0.0
2016,7,Canadian Grand Prix,Canada,2016-06-12 18:00:00,Canadian Grand Prix,RIC,3,Red Bull,4.0,7.0,6.0,0,Finished,4.0,74.03,73.54,73.166,,0.0
2016,7,Canadian Grand Prix,Canada,2016-06-12 18:00:00,Canadian Grand Prix,HUL,27,Force India,9.0,8.0,4.0,0,+1 Lap,9.0,74.663,74.166,73.952,,0.0
2016,7,Canadian Grand Prix,Canada,2016-06-12 18:00:00,Canadian Grand Prix,SAI,55,Toro Rosso,20.0,9.0,2.0,0,+1 Lap,16.0,74.714,81.956,,,0.0
2016,7,Canadian Grand Prix,Canada,2016-06-12 18:00:00,Canadian Grand Prix,PER,11,Force India,11.0,10.0,1.0,0,+1 Lap,11.0,74.814,74.317,,,0.0
2016,7,Canadian Grand Prix,Canada,2016-06-12 18:00:00,Canadian Grand Prix,ALO,14,McLaren,10.0,11.0,0.0,0,+1 Lap,10.0,75.026,74.26,74.338,,0.0
2016,7,Canadian Grand Prix,Canada,2016-06-12 18:00:00,Canadian Grand Prix,KVY,26,Toro Rosso,15.0,12.0,0.0,0,+1 Lap,13.0,74.829,74.457,,,0.0
2016,7,Canadian Grand Prix,Canada,2016-06-12 18:00:00,Canadian Grand Prix,GUT,21,Haas F1 Team,13.0,13.0,0.0,0,+2 Laps,14.0,75.148,74.571,,,0.0
2016,7,Canadian Grand Prix,Canada,2016-06-12 18:00:00,Canadian Grand Prix,GRO,8,Haas F1 Team,14.0,14.0,0.0,0,+2 Laps,15.0,75.444,74.803,,,0.0
2016,7,Canadian Grand Prix,Canada,2016-06-12 18:00:00,Canadian Grand Prix,ERI,9,Sauber,21.0,15.0,0.0,0,+2 Laps,19.0,75.635,,,,0.0
2016,7,Canadian Grand Prix,Canada,2016-06-12 18:00:00,Canadian Grand Prix,MAG,20,Renault,22.0,16.0,0.0,0,+2 Laps,,,,,,0.0
2016,7,Canadian Grand Prix,Canada,2016-06-12 18:00:00,Canadian Grand Prix,WEH,94,Manor Marussia,17.0,17.0,0.0,0,+2 Laps,18.0,75.599,,,,0.0
2016,7,Canadian Grand Prix,Canada,2016-06-12 18:00:00,Canadian Grand Prix,NAS,12,Sauber,18.0,18.0,0.0,0,+2 Laps,20.0,76.663,,,,0.0
2016,7,Canadian Grand Prix,Canada,2016-06-12 18:00:00,Canadian Grand Prix,HAR,88,Manor Marussia,19.0,19.0,0.0,0,+2 Laps,21.0,77.052,,,,0.0
2016,7,Canadian Grand Prix,Canada,2016-06-12 18:00:00,Canadian Grand Prix,MAS,19,Williams,8.0,20.0,0.0,1,Retired,8.0,74.815,73.864,73.769,,0.0
2016,7,Canadian Grand Prix,Canada,2016-06-12 18:00:00,Canadian Grand Prix,PAL,30,Renault,16.0,21.0,0.0,1,Retired,17.0,75.459,,,,0.0
2016,7,Canadian Grand Prix,Canada,2016-06-12 18:00:00,Canadian Grand Prix,BUT,22,McLaren,12.0,22.0,0.0,1,Power Unit,12.0,74.755,74.437,,,0.0
2016,8,European Grand Prix,Azerbaijan,2016-06-19 13:00:00,European Grand Prix,ROS,6,Mercedes,1.0,1.0,25.0,0,Finished,1.0,103.685,102.52,102.758,,0.0
2016,8,European Grand Prix,Azerbaijan,2016-06-19 13:00:00,European Grand Prix,VET,5,Ferrari,3.0,2.0,18.0,0,Finished,4.0,105.062,104.461,103.966,,0.0
2016,8,European Grand Prix,Azerbaijan,2016-06-19 13:00:00,European Grand Prix,PER,11,Force India,7.0,3.0,15.0,0,Finished,2.0,104.462,103.939,103.515,,0.0
2016,8,European Grand Prix,Azerbaijan,2016-06-19 13:00:00,European Grand Prix,RAI,7,Ferrari,4.0,4.0,12.0,0,Finished,5.0,104.936,104.533,104.269,,0.0
2016,8,European Grand Prix,Azerbaijan,2016-06-19 13:00:00,European Grand Prix,HAM,44,Mercedes,10.0,5.0,10.0,0,Finished,10.0,104.259,103.526,121.954,,0.0
2016,8,European Grand Prix,Azerbaijan,2016-06-19 13:00:00,European Grand Prix,BOT,77,Williams,8.0,6.0,8.0,0,Finished,8.0,104.706,104.477,105.246,,0.0
2016,8,European Grand Prix,Azerbaijan,2016-06-19 13:00:00,European Grand Prix,RIC,3,Red Bull,2.0,7.0,6.0,0,Finished,3.0,104.57,104.141,103.966,,0.0
2016,8,European Grand Prix,Azerbaijan,2016-06-19 13:00:00,European Grand Prix,VER,33,Red Bull,9.0,8.0,4.0,0,Finished,9.0,104.939,104.387,105.57,,0.0
2016,8,European Grand Prix,Azerbaijan,2016-06-19 13:00:00,European Grand Prix,HUL,27,Force India,12.0,9.0,2.0,0,Finished,12.0,104.86,104.824,,,0.0
2016,8,European Grand Prix,Azerbaijan,2016-06-19 13:00:00,European Grand Prix,MAS,19,Williams,5.0,10.0,1.0,0,Finished,6.0,105.494,104.696,104.483,,0.0
2016,8,European Grand Prix,Azerbaijan,2016-06-19 13:00:00,European Grand Prix,BUT,22,McLaren,19.0,11.0,0.0,0,Finished,19.0,105.804,,,,0.0
2016,8,European Grand Prix,Azerbaijan,2016-06-19 13:00:00,European Grand Prix,NAS,12,Sauber,15.0,12.0,0.0,0,+1 Lap,16.0,105.549,106.048,,,0.0
2016,8,European Grand Prix,Azerbaijan,2016-06-19 13:00:00,European Grand Prix,GRO,8,Haas F1 Team,11.0,13.0,0.0,0,+1 Lap,11.0,105.507,104.755,,,0.0
2016,8,European Grand Prix,Azerbaijan,2016-06-19 13:00:00,European Grand Prix,MAG,20,Renault,22.0,14.0,0.0,0,+1 Lap,21.0,106.348,,,,0.0
2016,8,European Grand Prix,Azerbaijan,2016-06-19 13:00:00,European Grand Prix,PAL,30,Renault,21.0,15.0,0.0,0,+1 Lap,22.0,106.394,,,,0.0
2016,8,European Grand Prix,Azerbaijan,2016-06-19 13:00:00,European Grand Prix,GUT,21,Haas F1 Team,14.0,16.0,0.0,0,+1 Lap,15.0,105.3,105.349,,,0.0
2016,8,European Grand Prix,Azerbaijan,2016-06-19 13:00:00,European Grand Prix,ERI,9,Sauber,20.0,17.0,0.0,0,+1 Lap,20.0,106.231,,,,0.0
2016,8,European Grand Prix,Azerbaijan,2016-06-19 13:00:00,European Grand Prix,HAR,88,Manor Marussia,16.0,18.0,0.0,0,+2 Laps,17.0,105.665,,,,0.0
2016,8,European Grand Prix,Azerbaijan,2016-06-19 13:00:00,European Grand Prix,ALO,14,McLaren,13.0,19.0,0.0,1,Gearbox,14.0,105.525,105.27,,,0.0
2016,8,European Grand Prix,Azerbaijan,2016-06-19 13:00:00,European Grand Prix,WEH,94,Manor Marussia,17.0,20.0,0.0,1,Brakes,18.0,105.75,,,,0.0
2016,8,European Grand Prix,Azerbaijan,2016-06-19 13:00:00,European Grand Prix,SAI,55,Toro Rosso,18.0,21.0,0.0,1,Suspension,13.0,104.827,105.0,,,0.0
2016,8,European Grand Prix,Azerbaijan,2016-06-19 13:00:00,European Grand Prix,KVY,26,Toro Rosso,6.0,22.0,0.0,1,Suspension,7.0,104.694,104.687,104.717,,0.0
2016,9,Austrian Grand Prix,Austria,2016-07-03 12:00:00,Austrian Grand Prix,HAM,44,Mercedes,1.0,1.0,25.0,0,Finished,1.0,66.947,66.228,67.922,,0.0
2016,9,Austrian Grand Prix,Austria,2016-07-03 12:00:00,Austrian Grand Prix,VER,33,Red Bull,8.0,2.0,18.0,0,Finished,9.0,67.131,66.866,71.153,,0.0
2016,9,Austrian Grand Prix,Austria,2016-07-03 12:00:00,Austrian Grand Prix,RAI,7,Ferrari,4.0,3.0,15.0,0,Finished,6.0,67.24,66.94,69.901,,0.0
2016,9,Austrian Grand Prix,Austria,2016-07-03 12:00:00,Austrian Grand Prix,ROS,6,Mercedes,6.0,4.0,12.0,0,Finished,2.0,66.516,66.403,68.465,,0.0
2016,9,Austrian Grand Prix,Austria,2016-07-03 12:00:00,Austrian Grand Prix,RIC,3,Red Bull,5.0,5.0,10.0,0,Finished,7.0,67.5,66.84,69.98,,0.0
2016,9,Austrian Grand Prix,Austria,2016-07-03 12:00:00,Austrian Grand Prix,BUT,22,McLaren,3.0,6.0,8.0,0,Finished,5.0,67.653,67.572,69.9,,0.0
2016,9,Austrian Grand Prix,Austria,2016-07-03 12:00:00,Austrian Grand Prix,GRO,8,Haas F1 Team,13.0,7.0,6.0,0,Finished,13.0,67.662,67.85,,,0.0
2016,9,Austrian Grand Prix,Austria,2016-07-03 12:00:00,Austrian Grand Prix,SAI,55,Toro Rosso,15.0,8.0,4.0,0,Finished,15.0,67.618,,,,0.0
2016,9,Austrian Grand Prix,Austria,2016-07-03 12:00:00,Austrian Grand Prix,BOT,77,Williams,7.0,9.0,2.0,0,+1 Lap,8.0,67.148,66.911,70.44,,0.0
2016,9,Austrian Grand Prix,Austria,2016-07-03 12:00:00,Austrian Grand Prix,WEH,94,Manor Marussia,12.0,10.0,1.0,0,+1 Lap,12.0,67.565,67.7,,,0.0
2016,9,Austrian Grand Prix,Austria,2016-07-03 12:00:00,Austrian Grand Prix,GUT,21,Haas F1 Team,11.0,11.0,0.0,0,+1 Lap,11.0,67.66,67.578,,,0.0
2016,9,Austrian Grand Prix,Austria,2016-07-03 12:00:00,Austrian Grand Prix,PAL,30,Renault,19.0,12.0,0.0,0,+1 Lap,18.0,67.965,,,,0.0
2016,9,Austrian Grand Prix,Austria,2016-07-03 12:00:00,Austrian Grand Prix,NAS,12,Sauber,21.0,13.0,0.0,0,+1 Lap,22.0,68.446,,,,0.0
2016,9,Austrian Grand Prix,Austria,2016-07-03 12:00:00,Austrian Grand Prix,MAG,20,Renault,17.0,14.0,0.0,0,+1 Lap,17.0,67.941,,,,0.0
2016,9,Austrian Grand Prix,Austria,2016-07-03 12:00:00,Austrian Grand Prix,ERI,9,Sauber,18.0,15.0,0.0,0,+1 Lap,21.0,68.418,,,,0.0
2016,9,Austrian Grand Prix,Austria,2016-07-03 12:00:00,Austrian Grand Prix,HAR,88,Manor Marussia,20.0,16.0,0.0,0,+1 Lap,19.0,68.026,,,,0.0
2016,9,Austrian Grand Prix,Austria,2016-07-03 12:00:00,Austrian Grand Prix,PER,11,Force India,16.0,17.0,0.0,1,Brakes,16.0,67.657,,,,0.0
2016,9,Austrian Grand Prix,Austria,2016-07-03 12:00:00,Austrian Grand Prix,ALO,14,McLaren,14.0,18.0,0.0,1,Battery,14.0,67.671,68.154,,,0.0
2016,9,Austrian Grand Prix,Austria,2016-07-03 12:00:00,Austrian Grand Prix,HUL,27,Force India,2.0,19.0,0.0,1,Brakes,3.0,67.385,67.257,69.285,,0.0
2016,9,Austrian Grand Prix,Austria,2016-07-03 12:00:00,Austrian Grand Prix,MAS,19,Williams,20.0,20.0,0.0,1,Brakes,10.0,67.419,67.145,71.977,,0.0
2016,9,Austrian Grand Prix,Austria,2016-07-03 12:00:00,Austrian Grand Prix,VET,5,Ferrari,9.0,21.0,0.0,1,Tyre,4.0,66.761,66.602,69.781,,0.0
2016,9,Austrian Grand Prix,Austria,2016-07-03 12:00:00,Austrian Grand Prix,KVY,26,Toro Rosso,20.0,22.0,0.0,1,Retired,20.0,68.409,,,,0.0
2016,10,British Grand Prix,UK,2016-07-10 12:00:00,British Grand Prix,HAM,44,Mercedes,1.0,1.0,25.0,0,Finished,1.0,90.739,89.243,89.287,,0.0
2016,10,British Grand Prix,UK,2016-07-10 12:00:00,British Grand Prix,VER,33,Red Bull,3.0,2.0,18.0,0,Finished,3.0,91.305,90.697,90.313,,0.0
2016,10,British Grand Prix,UK,2016-07-10 12:00:00,British Grand Prix,ROS,6,Mercedes,2.0,3.0,15.0,0,Finished,2.0,90.724,89.97,89.606,,0.0
2016,10,British Grand Prix,UK,2016-07-10 12:00:00,British Grand Prix,RIC,3,Red Bull,4.0,4.0,12.0,0,Finished,4.0,91.684,91.319,90.618,,0.0
2016,10,British Grand Prix,UK,2016-07-10 12:00:00,British Grand Prix,RAI,7,Ferrari,5.0,5.0,10.0,0,Finished,5.0,91.326,91.385,90.881,,0.0
2016,10,British Grand Prix,UK,2016-07-10 12:00:00,British Grand Prix,PER,11,Force India,10.0,6.0,8.0,0,Finished,11.0,92.336,91.875,,,0.0
2016,10,British Grand Prix,UK,2016-07-10 12:00:00,British Grand Prix,HUL,27,Force India,8.0,7.0,6.0,0,Finished,9.0,92.349,91.77,92.172,,0.0
2016,10,British Grand Prix,UK,2016-07-10 12:00:00,British Grand Prix,SAI,55,Toro Rosso,7.0,8.0,4.0,0,Finished,8.0,92.115,91.708,91.989,,0.0
2016,10,British Grand Prix,UK,2016-07-10 12:00:00,British Grand Prix,VET,5,Ferrari,11.0,9.0,2.0,0,Finished,6.0,91.606,90.711,91.49,,0.0
2016,10,British Grand Prix,UK,2016-07-10 12:00:00,British Grand Prix,KVY,26,Toro Rosso,15.0,10.0,1.0,0,Finished,15.0,92.553,92.306,,,0.0
2016,10,British Grand Prix,UK,2016-07-10 12:00:00,British Grand Prix,MAS,19,Williams,12.0,11.0,0.0,0,+1 Lap,12.0,92.146,92.002,,,0.0
2016,10,British Grand Prix,UK,2016-07-10 12:00:00,British Grand Prix,BUT,22,McLaren,17.0,12.0,0.0,0,+1 Lap,17.0,92.788,,,,0.0
2016,10,British Grand Prix,UK,2016-07-10 12:00:00,British Grand Prix,ALO,14,McLaren,9.0,13.0,0.0,0,+1 Lap,10.0,92.281,91.74,92.343,,0.0
2016,10,British Grand Prix,UK,2016-07-10 12:00:00,British Grand Prix,BOT,77,Williams,6.0,14.0,0.0,0,+1 Lap,7.0,91.913,91.478,91.557,,0.0
2016,10,British Grand Prix,UK,2016-07-10 12:00:00,British Grand Prix,NAS,12,Sauber,21.0,15.0,0.0,0,+1 Lap,21.0,93.544,,,,0.0
2016,10,British Grand Prix,UK,2016-07-10 12:00:00,British Grand Prix,GUT,21,Haas F1 Team,14.0,16.0,0.0,0,+1 Lap,14.0,92.237,92.241,,,0.0
2016,10,British Grand Prix,UK,2016-07-10 12:00:00,British Grand Prix,MAG,20,Renault,16.0,17.0,0.0,1,Gearbox,16.0,92.729,97.06,,,0.0
2016,10,British Grand Prix,UK,2016-07-10 12:00:00,British Grand Prix,PAL,30,Renault,18.0,18.0,0.0,1,Gearbox,18.0,92.905,,,,0.0
2016,10,British Grand Prix,UK,2016-07-10 12:00:00,British Grand Prix,HAR,88,Manor Marussia,19.0,19.0,0.0,1,Spun off,19.0,93.098,,,,0.0
2016,10,British Grand Prix,UK,2016-07-10 12:00:00,British Grand Prix,GRO,8,Haas F1 Team,13.0,20.0,0.0,1,Retired,13.0,92.283,92.05,,,0.0
2016,10,British Grand Prix,UK,2016-07-10 12:00:00,British Grand Prix,ERI,9,Sauber,22.0,21.0,0.0,1,Power Unit,,,,,,0.0
2016,10,British Grand Prix,UK,2016-07-10 12:00:00,British Grand Prix,WEH,94,Manor Marussia,20.0,22.0,0.0,1,Spun off,20.0,93.151,,,,0.0
2016,11,Hungarian Grand Prix,Hungary,2016-07-24 12:00:00,Hungarian Grand Prix,HAM,44,Mercedes,2.0,1.0,25.0,0,Finished,2.0,94.21,84.836,80.108,,0.0
2016,11,Hungarian Grand Prix,Hungary,2016-07-24 12:00:00,Hungarian Grand Prix,ROS,6,Mercedes,1.0,2.0,18.0,0,Finished,1.0,93.302,82.806,79.965,,0.0
2016,11,Hungarian Grand Prix,Hungary,2016-07-24 12:00:00,Hungarian Grand Prix,RIC,3,Red Bull,3.0,3.0,15.0,0,Finished,3.0,99.968,83.234,80.28,,0.0
2016,11,Hungarian Grand Prix,Hungary,2016-07-24 12:00:00,Hungarian Grand Prix,VET,5,Ferrari,5.0,4.0,12.0,0,Finished,5.0,95.718,84.082,80.874,,0.0
2016,11,Hungarian Grand Prix,Hungary,2016-07-24 12:00:00,Hungarian Grand Prix,VER,33,Red Bull,4.0,5.0,10.0,0,Finished,4.0,100.424,82.66,80.557,,0.0
2016,11,Hungarian Grand Prix,Hungary,2016-07-24 12:00:00,Hungarian Grand Prix,RAI,7,Ferrari,14.0,6.0,8.0,0,Finished,14.0,96.853,85.435,,,0.0
2016,11,Hungarian Grand Prix,Hungary,2016-07-24 12:00:00,Hungarian Grand Prix,ALO,14,McLaren,7.0,7.0,6.0,0,+1 Lap,7.0,95.165,83.816,81.211,,0.0
2016,11,Hungarian Grand Prix,Hungary,2016-07-24 12:00:00,Hungarian Grand Prix,SAI,55,Toro Rosso,6.0,8.0,4.0,0,+1 Lap,6.0,96.115,84.734,81.131,,0.0
2016,11,Hungarian Grand Prix,Hungary,2016-07-24 12:00:00,Hungarian Grand Prix,BOT,77,Williams,10.0,9.0,2.0,0,+1 Lap,10.0,102.758,84.506,82.182,,0.0
2016,11,Hungarian Grand Prix,Hungary,2016-07-24 12:00:00,Hungarian Grand Prix,HUL,27,Force India,9.0,10.0,1.0,0,+1 Lap,9.0,101.471,83.901,81.823,,0.0
2016,11,Hungarian Grand Prix,Hungary,2016-07-24 12:00:00,Hungarian Grand Prix,PER,11,Force India,13.0,11.0,0.0,0,+1 Lap,13.0,101.411,85.416,,,0.0
2016,11,Hungarian Grand Prix,Hungary,2016-07-24 12:00:00,Hungarian Grand Prix,PAL,30,Renault,17.0,12.0,0.0,0,+1 Lap,17.0,103.965,,,,0.0
2016,11,Hungarian Grand Prix,Hungary,2016-07-24 12:00:00,Hungarian Grand Prix,GUT,21,Haas F1 Team,15.0,13.0,0.0,0,+1 Lap,15.0,98.959,86.189,,,0.0
2016,11,Hungarian Grand Prix,Hungary,2016-07-24 12:00:00,Hungarian Grand Prix,GRO,8,Haas F1 Team,11.0,14.0,0.0,0,+1 Lap,11.0,95.906,84.941,,,0.0
2016,11,Hungarian Grand Prix,Hungary,2016-07-24 12:00:00,Hungarian Grand Prix,MAG,20,Renault,19.0,15.0,0.0,0,+1 Lap,19.0,104.543,,,,0.0
2016,11,Hungarian Grand Prix,Hungary,2016-07-24 12:00:00,Hungarian Grand Prix,KVY,26,Toro Rosso,12.0,16.0,0.0,0,+1 Lap,12.0,96.714,85.301,,,0.0
2016,11,Hungarian Grand Prix,Hungary,2016-07-24 12:00:00,Hungarian Grand Prix,NAS,12,Sauber,16.0,17.0,0.0,0,+1 Lap,16.0,97.772,87.063,,,0.0
2016,11,Hungarian Grand Prix,Hungary,2016-07-24 12:00:00,Hungarian Grand Prix,MAS,19,Williams,18.0,18.0,0.0,0,+2 Laps,18.0,103.999,,,,0.0
2016,11,Hungarian Grand Prix,Hungary,2016-07-24 12:00:00,Hungarian Grand Prix,WEH,94,Manor Marussia,20.0,19.0,0.0,0,+2 Laps,21.0,107.343,,,,0.0
2016,11,Hungarian Grand Prix,Hungary,2016-07-24 12:00:00,Hungarian Grand Prix,ERI,9,Sauber,22.0,20.0,0.0,0,+2 Laps,20.0,106.984,,,,0.0
2016,11,Hungarian Grand Prix,Hungary,2016-07-24 12:00:00,Hungarian Grand Prix,HAR,88,Manor Marussia,21.0,21.0,0.0,0,+2 Laps,22.0,110.189,,,,0.0
2016,11,Hungarian Grand Prix,Hungary,2016-07-24 12:00:00,Hungarian Grand Prix,BUT,22,McLaren,8.0,22.0,0.0,1,Oil leak,8.0,97.983,84.456,81.597,,0.0
2016,12,German Grand Prix,Germany,2016-07-31 12:00:00,German Grand Prix,HAM,44,Mercedes,2.0,1.0,25.0,0,Finished,2.0,75.243,74.748,74.47,,0.0
2016,12,German Grand Prix,Germany,2016-07-31 12:00:00,German Grand Prix,RIC,3,Red Bull,3.0,2.0,18.0,0,Finished,3.0,75.591,75.545,74.726,,0.0
2016,12,German Grand Prix,Germany,2016-07-31 12:00:00,German Grand Prix,VER,33,Red Bull,4.0,3.0,15.0,0,Finished,4.0,75.875,75.124,74.834,,0.0
2016,12,German Grand Prix,Germany,2016-07-31 12:00:00,German Grand Prix,ROS,6,Mercedes,1.0,4.0,12.0,0,Finished,1.0,75.485,74.839,74.363,,0.0
2016,12,German Grand Prix,Germany,2016-07-31 12:00:00,German Grand Prix,VET,5,Ferrari,6.0,5.0,10.0,0,Finished,6.0,75.927,75.63,75.315,,0.0
2016,12,German Grand Prix,Germany,2016-07-31 12:00:00,German Grand Prix,RAI,7,Ferrari,5.0,6.0,8.0,0,Finished,5.0,75.752,75.242,75.142,,0.0
2016,12,German Grand Prix,Germany,2016-07-31 12:00:00,German Grand Prix,HUL,27,Force India,8.0,7.0,6.0,0,Finished,7.0,76.301,75.623,75.51,,0.0
2016,12,German Grand Prix,Germany,2016-07-31 12:00:00,German Grand Prix,BUT,22,McLaren,12.0,8.0,4.0,0,+1 Lap,12.0,76.172,75.909,,,0.0
2016,12,German Grand Prix,Germany,2016-07-31 12:00:00,German Grand Prix,BOT,77,Williams,7.0,9.0,2.0,0,+1 Lap,8.0,75.952,75.49,75.53,,0.0
2016,12,German Grand Prix,Germany,2016-07-31 12:00:00,German Grand Prix,PER,11,Force India,9.0,10.0,1.0,0,+1 Lap,9.0,76.169,75.5,75.537,,0.0
2016,12,German Grand Prix,Germany,2016-07-31 12:00:00,German Grand Prix,GUT,21,Haas F1 Team,11.0,11.0,0.0,0,+1 Lap,11.0,75.987,75.883,,,0.0
2016,12,German Grand Prix,Germany,2016-07-31 12:00:00,German Grand Prix,ALO,14,McLaren,13.0,12.0,0.0,0,+1 Lap,14.0,76.338,76.041,,,0.0
2016,12,German Grand Prix,Germany,2016-07-31 12:00:00,German Grand Prix,GRO,8,Haas F1 Team,20.0,13.0,0.0,0,+1 Lap,15.0,76.328,76.086,,,0.0
2016,12,German Grand Prix,Germany,2016-07-31 12:00:00,German Grand Prix,SAI,55,Toro Rosso,15.0,14.0,0.0,0,+1 Lap,13.0,76.317,75.989,,,0.0
2016,12,German Grand Prix,Germany,2016-07-31 12:00:00,German Grand Prix,KVY,26,Toro Rosso,18.0,15.0,0.0,0,+1 Lap,19.0,76.876,,,,0.0
2016,12,German Grand Prix,Germany,2016-07-31 12:00:00,German Grand Prix,MAG,20,Renault,16.0,16.0,0.0,0,+1 Lap,17.0,76.716,,,,0.0
2016,12,German Grand Prix,Germany,2016-07-31 12:00:00,German Grand Prix,WEH,94,Manor Marussia,17.0,17.0,0.0,0,+2 Laps,18.0,76.717,,,,0.0
2016,12,German Grand Prix,Germany,2016-07-31 12:00:00,German Grand Prix,ERI,9,Sauber,22.0,18.0,0.0,0,+2 Laps,22.0,77.238,,,,0.0
2016,12,German Grand Prix,Germany,2016-07-31 12:00:00,German Grand Prix,PAL,30,Renault,14.0,19.0,0.0,0,+2 Laps,16.0,76.636,76.665,,,0.0
2016,12,German Grand Prix,Germany,2016-07-31 12:00:00,German Grand Prix,HAR,88,Manor Marussia,19.0,20.0,0.0,0,+2 Laps,20.0,76.977,,,,0.0
2016,12,German Grand Prix,Germany,2016-07-31 12:00:00,German Grand Prix,NAS,12,Sauber,21.0,21.0,0.0,1,Power Unit,21.0,77.123,,,,0.0
2016,12,German Grand Prix,Germany,2016-07-31 12:00:00,German Grand Prix,MAS,19,Williams,10.0,22.0,0.0,1,Suspension,10.0,76.503,75.699,75.615,,0.0
2016,13,Belgian Grand Prix,Belgium,2016-08-28 12:00:00,Belgian Grand Prix,ROS,6,Mercedes,1.0,1.0,25.0,0,Finished,1.0,108.019,106.999,106.744,,0.0
2016,13,Belgian Grand Prix,Belgium,2016-08-28 12:00:00,Belgian Grand Prix,RIC,3,Red Bull,5.0,2.0,18.0,0,Finished,5.0,108.407,108.027,107.216,,0.0
2016,13,Belgian Grand Prix,Belgium,2016-08-28 12:00:00,Belgian Grand Prix,HAM,44,Mercedes,21.0,3.0,15.0,0,Finished,21.0,110.033,,,,0.0
2016,13,Belgian Grand Prix,Belgium,2016-08-28 12:00:00,Belgian Grand Prix,HUL,27,Force India,7.0,4.0,12.0,0,Finished,7.0,108.08,107.317,107.543,,0.0
2016,13,Belgian Grand Prix,Belgium,2016-08-28 12:00:00,Belgian Grand Prix,PER,11,Force India,6.0,5.0,10.0,0,Finished,6.0,108.106,107.485,107.407,,0.0
2016,13,Belgian Grand Prix,Belgium,2016-08-28 12:00:00,Belgian Grand Prix,VET,5,Ferrari,4.0,6.0,8.0,0,Finished,4.0,107.802,107.944,107.108,,0.0
2016,13,Belgian Grand Prix,Belgium,2016-08-28 12:00:00,Belgian Grand Prix,ALO,14,McLaren,22.0,7.0,6.0,0,Finished,,,,,,0.0
2016,13,Belgian Grand Prix,Belgium,2016-08-28 12:00:00,Belgian Grand Prix,BOT,77,Williams,8.0,8.0,4.0,0,Finished,8.0,108.655,107.918,107.612,,0.0
2016,13,Belgian Grand Prix,Belgium,2016-08-28 12:00:00,Belgian Grand Prix,RAI,7,Ferrari,3.0,9.0,2.0,0,Finished,3.0,107.912,107.664,106.91,,0.0
2016,13,Belgian Grand Prix,Belgium,2016-08-28 12:00:00,Belgian Grand Prix,MAS,19,Williams,10.0,10.0,1.0,0,Finished,10.0,107.738,107.667,108.263,,0.0
2016,13,Belgian Grand Prix,Belgium,2016-08-28 12:00:00,Belgian Grand Prix,VER,33,Red Bull,2.0,11.0,0.0,0,Finished,2.0,108.407,107.163,106.893,,0.0
2016,13,Belgian Grand Prix,Belgium,2016-08-28 12:00:00,Belgian Grand Prix,GUT,21,Haas F1 Team,18.0,12.0,0.0,0,Finished,13.0,108.748,108.598,,,0.0
2016,13,Belgian Grand Prix,Belgium,2016-08-28 12:00:00,Belgian Grand Prix,GRO,8,Haas F1 Team,11.0,13.0,0.0,0,Finished,11.0,108.751,108.316,,,0.0
2016,13,Belgian Grand Prix,Belgium,2016-08-28 12:00:00,Belgian Grand Prix,KVY,26,Toro Rosso,19.0,14.0,0.0,0,Finished,19.0,109.058,,,,0.0
2016,13,Belgian Grand Prix,Belgium,2016-08-28 12:00:00,Belgian Grand Prix,PAL,30,Renault,13.0,15.0,0.0,0,Finished,14.0,108.901,108.888,,,0.0
2016,13,Belgian Grand Prix,Belgium,2016-08-28 12:00:00,Belgian Grand Prix,OCO,31,Manor Marussia,17.0,16.0,0.0,0,+1 Lap,18.0,109.05,,,,0.0
2016,13,Belgian Grand Prix,Belgium,2016-08-28 12:00:00,Belgian Grand Prix,NAS,12,Sauber,16.0,17.0,0.0,0,+1 Lap,17.0,108.949,,,,0.0
2016,13,Belgian Grand Prix,Belgium,2016-08-28 12:00:00,Belgian Grand Prix,MAG,20,Renault,12.0,18.0,0.0,1,Accident,12.0,108.8,108.485,,,0.0
2016,13,Belgian Grand Prix,Belgium,2016-08-28 12:00:00,Belgian Grand Prix,ERI,9,Sauber,20.0,19.0,0.0,1,Gearbox,20.0,109.071,,,,0.0
2016,13,Belgian Grand Prix,Belgium,2016-08-28 12:00:00,Belgian Grand Prix,SAI,55,Toro Rosso,14.0,20.0,0.0,1,Puncture,15.0,108.876,109.038,,,0.0
2016,13,Belgian Grand Prix,Belgium,2016-08-28 12:00:00,Belgian Grand Prix,BUT,22,McLaren,9.0,21.0,0.0,1,Collision damage,9.0,108.7,108.051,108.114,,0.0
2016,13,Belgian Grand Prix,Belgium,2016-08-28 12:00:00,Belgian Grand Prix,WEH,94,Manor Marussia,15.0,22.0,0.0,1,Collision damage,16.0,108.554,109.32,,,0.0
2016,14,Italian Grand Prix,Italy,2016-09-04 12:00:00,Italian Grand Prix,ROS,6,Mercedes,2.0,1.0,25.0,0,Finished,2.0,82.497,81.809,81.613,,0.0
2016,14,Italian Grand Prix,Italy,2016-09-04 12:00:00,Italian Grand Prix,HAM,44,Mercedes,1.0,2.0,18.0,0,Finished,1.0,81.854,81.498,81.135,,0.0
2016,14,Italian Grand Prix,Italy,2016-09-04 12:00:00,Italian Grand Prix,VET,5,Ferrari,3.0,3.0,15.0,0,Finished,3.0,83.077,82.275,81.972,,0.0
2016,14,Italian Grand Prix,Italy,2016-09-04 12:00:00,Italian Grand Prix,RAI,7,Ferrari,4.0,4.0,12.0,0,Finished,4.0,83.217,82.568,82.065,,0.0
2016,14,Italian Grand Prix,Italy,2016-09-04 12:00:00,Italian Grand Prix,RIC,3,Red Bull,6.0,5.0,10.0,0,Finished,6.0,83.158,82.638,82.389,,0.0
2016,14,Italian Grand Prix,Italy,2016-09-04 12:00:00,Italian Grand Prix,BOT,77,Williams,5.0,6.0,8.0,0,Finished,5.0,83.264,82.499,82.388,,0.0
2016,14,Italian Grand Prix,Italy,2016-09-04 12:00:00,Italian Grand Prix,VER,33,Red Bull,7.0,7.0,6.0,0,Finished,7.0,83.229,82.857,82.411,,0.0
2016,14,Italian Grand Prix,Italy,2016-09-04 12:00:00,Italian Grand Prix,PER,11,Force India,8.0,8.0,4.0,0,Finished,8.0,83.439,82.922,82.814,,0.0
2016,14,Italian Grand Prix,Italy,2016-09-04 12:00:00,Italian Grand Prix,MAS,19,Williams,11.0,9.0,2.0,0,Finished,11.0,83.489,82.967,,,0.0
2016,14,Italian Grand Prix,Italy,2016-09-04 12:00:00,Italian Grand Prix,HUL,27,Force India,9.0,10.0,1.0,0,Finished,9.0,83.259,82.951,82.836,,0.0
2016,14,Italian Grand Prix,Italy,2016-09-04 12:00:00,Italian Grand Prix,GRO,8,Haas F1 Team,17.0,11.0,0.0,0,+1 Lap,12.0,83.421,83.092,,,0.0
2016,14,Italian Grand Prix,Italy,2016-09-04 12:00:00,Italian Grand Prix,BUT,22,McLaren,14.0,12.0,0.0,0,+1 Lap,15.0,83.666,83.399,,,0.0
2016,14,Italian Grand Prix,Italy,2016-09-04 12:00:00,Italian Grand Prix,GUT,21,Haas F1 Team,10.0,13.0,0.0,0,+1 Lap,10.0,83.386,82.856,83.184,,0.0
2016,14,Italian Grand Prix,Italy,2016-09-04 12:00:00,Italian Grand Prix,ALO,14,McLaren,12.0,14.0,0.0,0,+1 Lap,13.0,83.783,83.273,,,0.0
2016,14,Italian Grand Prix,Italy,2016-09-04 12:00:00,Italian Grand Prix,SAI,55,Toro Rosso,15.0,15.0,0.0,0,+1 Lap,16.0,83.661,83.496,,,0.0
2016,14,Italian Grand Prix,Italy,2016-09-04 12:00:00,Italian Grand Prix,ERI,9,Sauber,19.0,16.0,0.0,0,+1 Lap,19.0,84.087,,,,0.0
2016,14,Italian Grand Prix,Italy,2016-09-04 12:00:00,Italian Grand Prix,MAG,20,Renault,21.0,17.0,0.0,0,+1 Lap,21.0,84.436,,,,0.0
2016,14,Italian Grand Prix,Italy,2016-09-04 12:00:00,Italian Grand Prix,OCO,31,Manor Marussia,22.0,18.0,0.0,0,+2 Laps,,,,,,0.0
2016,14,Italian Grand Prix,Italy,2016-09-04 12:00:00,Italian Grand Prix,KVY,26,Toro Rosso,16.0,19.0,0.0,1,Battery,17.0,83.825,,,,0.0
2016,14,Italian Grand Prix,Italy,2016-09-04 12:00:00,Italian Grand Prix,WEH,94,Manor Marussia,13.0,20.0,0.0,1,Oil leak,14.0,83.76,83.315,,,0.0
2016,14,Italian Grand Prix,Italy,2016-09-04 12:00:00,Italian Grand Prix,PAL,30,Renault,20.0,21.0,0.0,1,Collision damage,20.0,84.23,,,,0.0
2016,14,Italian Grand Prix,Italy,2016-09-04 12:00:00,Italian Grand Prix,NAS,12,Sauber,18.0,22.0,0.0,1,Collision damage,18.0,83.956,,,,0.0
2016,15,Singapore Grand Prix,Singapore,2016-09-18 12:00:00,Singapore Grand Prix,ROS,6,Mercedes,1.0,1.0,25.0,0,Finished,1.0,105.316,103.02,102.584,,0.0
2016,15,Singapore Grand Prix,Singapore,2016-09-18 12:00:00,Singapore Grand Prix,RIC,3,Red Bull,2.0,2.0,18.0,0,Finished,2.0,104.255,103.933,103.115,,0.0
2016,15,Singapore Grand Prix,Singapore,2016-09-18 12:00:00,Singapore Grand Prix,HAM,44,Mercedes,3.0,3.0,15.0,0,Finished,3.0,105.167,103.471,103.288,,0.0
2016,15,Singapore Grand Prix,Singapore,2016-09-18 12:00:00,Singapore Grand Prix,RAI,7,Ferrari,5.0,4.0,12.0,0,Finished,5.0,104.964,104.159,103.54,,0.0
2016,15,Singapore Grand Prix,Singapore,2016-09-18 12:00:00,Singapore Grand Prix,VET,5,Ferrari,22.0,5.0,10.0,0,Finished,22.0,109.116,,,,0.0
2016,15,Singapore Grand Prix,Singapore,2016-09-18 12:00:00,Singapore Grand Prix,VER,33,Red Bull,4.0,6.0,8.0,0,Finished,4.0,105.036,104.112,103.328,,0.0
2016,15,Singapore Grand Prix,Singapore,2016-09-18 12:00:00,Singapore Grand Prix,ALO,14,McLaren,9.0,7.0,6.0,0,Finished,9.0,105.373,104.653,104.553,,0.0
2016,15,Singapore Grand Prix,Singapore,2016-09-18 12:00:00,Singapore Grand Prix,PER,11,Force India,17.0,8.0,4.0,0,Finished,10.0,105.204,104.703,104.582,,0.0
2016,15,Singapore Grand Prix,Singapore,2016-09-18 12:00:00,Singapore Grand Prix,KVY,26,Toro Rosso,7.0,9.0,2.0,0,Finished,7.0,105.291,104.475,104.469,,0.0
2016,15,Singapore Grand Prix,Singapore,2016-09-18 12:00:00,Singapore Grand Prix,MAG,20,Renault,15.0,10.0,1.0,0,Finished,17.0,106.825,,,,0.0
2016,15,Singapore Grand Prix,Singapore,2016-09-18 12:00:00,Singapore Grand Prix,GUT,21,Haas F1 Team,13.0,11.0,0.0,0,+1 Lap,14.0,105.465,105.593,,,0.0
2016,15,Singapore Grand Prix,Singapore,2016-09-18 12:00:00,Singapore Grand Prix,MAS,19,Williams,11.0,12.0,0.0,0,+1 Lap,12.0,106.056,104.991,,,0.0
2016,15,Singapore Grand Prix,Singapore,2016-09-18 12:00:00,Singapore Grand Prix,NAS,12,Sauber,16.0,13.0,0.0,0,+1 Lap,18.0,106.86,,,,0.0
2016,15,Singapore Grand Prix,Singapore,2016-09-18 12:00:00,Singapore Grand Prix,SAI,55,Toro Rosso,6.0,14.0,0.0,0,+1 Lap,6.0,105.499,104.493,104.197,,0.0
2016,15,Singapore Grand Prix,Singapore,2016-09-18 12:00:00,Singapore Grand Prix,PAL,30,Renault,18.0,15.0,0.0,0,+1 Lap,19.0,106.96,,,,0.0
2016,15,Singapore Grand Prix,Singapore,2016-09-18 12:00:00,Singapore Grand Prix,WEH,94,Manor Marussia,19.0,16.0,0.0,0,+1 Lap,20.0,107.667,,,,0.0
2016,15,Singapore Grand Prix,Singapore,2016-09-18 12:00:00,Singapore Grand Prix,ERI,9,Sauber,14.0,17.0,0.0,0,+1 Lap,16.0,106.427,107.827,,,0.0
2016,15,Singapore Grand Prix,Singapore,2016-09-18 12:00:00,Singapore Grand Prix,OCO,31,Manor Marussia,21.0,18.0,0.0,0,+2 Laps,21.0,108.296,,,,0.0
2016,15,Singapore Grand Prix,Singapore,2016-09-18 12:00:00,Singapore Grand Prix,BUT,22,McLaren,12.0,19.0,0.0,1,Brakes,13.0,105.262,105.144,,,0.0
2016,15,Singapore Grand Prix,Singapore,2016-09-18 12:00:00,Singapore Grand Prix,BOT,77,Williams,10.0,20.0,0.0,1,Overheating,11.0,106.086,104.74,,,0.0
2016,15,Singapore Grand Prix,Singapore,2016-09-18 12:00:00,Singapore Grand Prix,HUL,27,Force India,8.0,21.0,0.0,1,Collision,8.0,106.081,104.737,104.479,,0.0
2016,15,Singapore Grand Prix,Singapore,2016-09-18 12:00:00,Singapore Grand Prix,GRO,8,Haas F1 Team,20.0,22.0,0.0,1,Withdrew,15.0,105.609,105.723,,,0.0
2016,16,Malaysian Grand Prix,Malaysia,2016-10-02 07:00:00,Malaysian Grand Prix,RIC,3,Red Bull,4.0,1.0,25.0,0,Finished,4.0,95.079,93.888,93.467,,0.0
2016,16,Malaysian Grand Prix,Malaysia,2016-10-02 07:00:00,Malaysian Grand Prix,VER,33,Red Bull,3.0,2.0,18.0,0,Finished,3.0,95.443,93.775,93.42,,0.0
2016,16,Malaysian Grand Prix,Malaysia,2016-10-02 07:00:00,Malaysian Grand Prix,ROS,6,Mercedes,2.0,3.0,15.0,0,Finished,2.0,94.46,93.609,93.264,,0.0
2016,16,Malaysian Grand Prix,Malaysia,2016-10-02 07:00:00,Malaysian Grand Prix,RAI,7,Ferrari,6.0,4.0,12.0,0,Finished,6.0,94.556,93.903,93.632,,0.0
2016,16,Malaysian Grand Prix,Malaysia,2016-10-02 07:00:00,Malaysian Grand Prix,BOT,77,Williams,11.0,5.0,10.0,0,Finished,11.0,95.166,94.577,,,0.0
2016,16,Malaysian Grand Prix,Malaysia,2016-10-02 07:00:00,Malaysian Grand Prix,PER,11,Force India,7.0,6.0,8.0,0,Finished,7.0,95.068,94.538,94.319,,0.0
2016,16,Malaysian Grand Prix,Malaysia,2016-10-02 07:00:00,Malaysian Grand Prix,ALO,14,McLaren,22.0,7.0,6.0,0,Finished,22.0,97.155,,,,0.0
2016,16,Malaysian Grand Prix,Malaysia,2016-10-02 07:00:00,Malaysian Grand Prix,HUL,27,Force India,8.0,8.0,4.0,0,Finished,8.0,94.827,94.441,94.489,,0.0
2016,16,Malaysian Grand Prix,Malaysia,2016-10-02 07:00:00,Malaysian Grand Prix,BUT,22,McLaren,9.0,9.0,2.0,0,Finished,9.0,95.267,94.431,94.518,,0.0
2016,16,Malaysian Grand Prix,Malaysia,2016-10-02 07:00:00,Malaysian Grand Prix,PAL,30,Renault,19.0,10.0,1.0,0,Finished,19.0,95.999,,,,0.0
2016,16,Malaysian Grand Prix,Malaysia,2016-10-02 07:00:00,Malaysian Grand Prix,SAI,55,Toro Rosso,16.0,11.0,0.0,0,Finished,16.0,95.605,95.374,,,0.0
2016,16,Malaysian Grand Prix,Malaysia,2016-10-02 07:00:00,Malaysian Grand Prix,ERI,9,Sauber,17.0,12.0,0.0,0,+1 Lap,17.0,95.816,,,,0.0
2016,16,Malaysian Grand Prix,Malaysia,2016-10-02 07:00:00,Malaysian Grand Prix,MAS,19,Williams,10.0,13.0,0.0,0,+1 Lap,10.0,95.267,94.422,94.671,,0.0
2016,16,Malaysian Grand Prix,Malaysia,2016-10-02 07:00:00,Malaysian Grand Prix,KVY,26,Toro Rosso,15.0,14.0,0.0,0,+1 Lap,15.0,95.695,95.369,,,0.0
2016,16,Malaysian Grand Prix,Malaysia,2016-10-02 07:00:00,Malaysian Grand Prix,WEH,94,Manor Marussia,21.0,15.0,0.0,0,+1 Lap,21.0,96.587,,,,0.0
2016,16,Malaysian Grand Prix,Malaysia,2016-10-02 07:00:00,Malaysian Grand Prix,OCO,31,Manor Marussia,20.0,16.0,0.0,0,+1 Lap,20.0,96.451,,,,0.0
2016,16,Malaysian Grand Prix,Malaysia,2016-10-02 07:00:00,Malaysian Grand Prix,NAS,12,Sauber,18.0,17.0,0.0,1,Brakes,18.0,95.949,,,,0.0
2016,16,Malaysian Grand Prix,Malaysia,2016-10-02 07:00:00,Malaysian Grand Prix,HAM,44,Mercedes,1.0,18.0,0.0,1,Engine,1.0,94.444,93.046,92.85,,0.0
2016,16,Malaysian Grand Prix,Malaysia,2016-10-02 07:00:00,Malaysian Grand Prix,GUT,21,Haas F1 Team,13.0,19.0,0.0,1,Wheel nut,13.0,95.658,95.097,,,0.0
2016,16,Malaysian Grand Prix,Malaysia,2016-10-02 07:00:00,Malaysian Grand Prix,MAG,20,Renault,14.0,20.0,0.0,1,Power loss,14.0,95.593,95.277,,,0.0
2016,16,Malaysian Grand Prix,Malaysia,2016-10-02 07:00:00,Malaysian Grand Prix,GRO,8,Haas F1 Team,12.0,21.0,0.0,1,Brakes,12.0,95.4,95.001,,,0.0
2016,16,Malaysian Grand Prix,Malaysia,2016-10-02 07:00:00,Malaysian Grand Prix,VET,5,Ferrari,5.0,22.0,0.0,1,Collision,5.0,94.557,93.972,93.584,,0.0
2016,17,Japanese Grand Prix,Japan,2016-10-09 05:00:00,Japanese Grand Prix,ROS,6,Mercedes,1.0,1.0,25.0,0,Finished,1.0,91.858,90.714,90.647,,0.0
2016,17,Japanese Grand Prix,Japan,2016-10-09 05:00:00,Japanese Grand Prix,VER,33,Red Bull,3.0,2.0,18.0,0,Finished,5.0,92.487,91.489,91.178,,0.0
2016,17,Japanese Grand Prix,Japan,2016-10-09 05:00:00,Japanese Grand Prix,HAM,44,Mercedes,2.0,3.0,15.0,0,Finished,2.0,92.218,91.129,90.66,,0.0
2016,17,Japanese Grand Prix,Japan,2016-10-09 05:00:00,Japanese Grand Prix,VET,5,Ferrari,6.0,4.0,12.0,0,Finished,4.0,91.659,91.227,91.028,,0.0
2016,17,Japanese Grand Prix,Japan,2016-10-09 05:00:00,Japanese Grand Prix,RAI,7,Ferrari,8.0,5.0,10.0,0,Finished,3.0,91.674,91.406,90.949,,0.0
2016,17,Japanese Grand Prix,Japan,2016-10-09 05:00:00,Japanese Grand Prix,RIC,3,Red Bull,4.0,6.0,8.0,0,Finished,6.0,92.538,91.719,91.24,,0.0
2016,17,Japanese Grand Prix,Japan,2016-10-09 05:00:00,Japanese Grand Prix,PER,11,Force India,5.0,7.0,6.0,0,Finished,7.0,92.682,92.237,91.961,,0.0
2016,17,Japanese Grand Prix,Japan,2016-10-09 05:00:00,Japanese Grand Prix,HUL,27,Force India,9.0,8.0,4.0,0,Finished,9.0,92.448,92.2,92.142,,0.0
2016,17,Japanese Grand Prix,Japan,2016-10-09 05:00:00,Japanese Grand Prix,MAS,19,Williams,12.0,9.0,2.0,0,Finished,12.0,92.562,92.38,,,0.0
2016,17,Japanese Grand Prix,Japan,2016-10-09 05:00:00,Japanese Grand Prix,BOT,77,Williams,11.0,10.0,1.0,0,Finished,11.0,92.383,92.315,,,0.0
2016,17,Japanese Grand Prix,Japan,2016-10-09 05:00:00,Japanese Grand Prix,GRO,8,Haas F1 Team,7.0,11.0,0.0,0,Finished,8.0,92.458,92.176,91.961,,0.0
2016,17,Japanese Grand Prix,Japan,2016-10-09 05:00:00,Japanese Grand Prix,PAL,30,Renault,16.0,12.0,0.0,0,+1 Lap,16.0,92.796,92.807,,,0.0
2016,17,Japanese Grand Prix,Japan,2016-10-09 05:00:00,Japanese Grand Prix,KVY,26,Toro Rosso,13.0,13.0,0.0,0,+1 Lap,13.0,92.645,92.623,,,0.0
2016,17,Japanese Grand Prix,Japan,2016-10-09 05:00:00,Japanese Grand Prix,MAG,20,Renault,17.0,14.0,0.0,0,+1 Lap,18.0,93.023,,,,0.0
2016,17,Japanese Grand Prix,Japan,2016-10-09 05:00:00,Japanese Grand Prix,ERI,9,Sauber,18.0,15.0,0.0,0,+1 Lap,19.0,93.222,,,,0.0
2016,17,Japanese Grand Prix,Japan,2016-10-09 05:00:00,Japanese Grand Prix,ALO,14,McLaren,15.0,16.0,0.0,0,+1 Lap,15.0,92.819,92.689,,,0.0
2016,17,Japanese Grand Prix,Japan,2016-10-09 05:00:00,Japanese Grand Prix,SAI,55,Toro Rosso,14.0,17.0,0.0,0,+1 Lap,14.0,92.789,92.685,,,0.0
2016,17,Japanese Grand Prix,Japan,2016-10-09 05:00:00,Japanese Grand Prix,BUT,22,McLaren,22.0,18.0,0.0,0,+1 Lap,17.0,92.851,,,,0.0
2016,17,Japanese Grand Prix,Japan,2016-10-09 05:00:00,Japanese Grand Prix,NAS,12,Sauber,19.0,19.0,0.0,0,+1 Lap,20.0,93.332,,,,0.0
2016,17,Japanese Grand Prix,Japan,2016-10-09 05:00:00,Japanese Grand Prix,GUT,21,Haas F1 Team,10.0,20.0,0.0,0,+1 Lap,10.0,92.62,92.155,92.547,,0.0
2016,17,Japanese Grand Prix,Japan,2016-10-09 05:00:00,Japanese Grand Prix,OCO,31,Manor Marussia,20.0,21.0,0.0,0,+1 Lap,21.0,93.353,,,,0.0
2016,17,Japanese Grand Prix,Japan,2016-10-09 05:00:00,Japanese Grand Prix,WEH,94,Manor Marussia,21.0,22.0,0.0,0,+1 Lap,22.0,93.561,,,,0.0
2016,18,United States Grand Prix,USA,2016-10-23 19:00:00,United States Grand Prix,HAM,44,Mercedes,1.0,1.0,25.0,0,Finished,1.0,96.296,96.45,94.999,,0.0
2016,18,United States Grand Prix,USA,2016-10-23 19:00:00,United States Grand Prix,ROS,6,Mercedes,2.0,2.0,18.0,0,Finished,2.0,96.397,96.351,95.215,,0.0
2016,18,United States Grand Prix,USA,2016-10-23 19:00:00,United States Grand Prix,RIC,3,Red Bull,3.0,3.0,15.0,0,Finished,3.0,96.759,96.255,95.509,,0.0
2016,18,United States Grand Prix,USA,2016-10-23 19:00:00,United States Grand Prix,VET,5,Ferrari,6.0,4.0,12.0,0,Finished,6.0,97.151,96.462,96.358,,0.0
2016,18,United States Grand Prix,USA,2016-10-23 19:00:00,United States Grand Prix,ALO,14,McLaren,12.0,5.0,10.0,0,Finished,12.0,97.913,97.417,,,0.0
2016,18,United States Grand Prix,USA,2016-10-23 19:00:00,United States Grand Prix,SAI,55,Toro Rosso,10.0,6.0,8.0,0,Finished,10.0,97.744,97.175,97.326,,0.0
2016,18,United States Grand Prix,USA,2016-10-23 19:00:00,United States Grand Prix,MAS,19,Williams,9.0,7.0,6.0,0,+1 Lap,9.0,97.402,97.214,97.269,,0.0
2016,18,United States Grand Prix,USA,2016-10-23 19:00:00,United States Grand Prix,PER,11,Force India,11.0,8.0,4.0,0,+1 Lap,11.0,97.345,97.353,,,0.0
2016,18,United States Grand Prix,USA,2016-10-23 19:00:00,United States Grand Prix,BUT,22,McLaren,19.0,9.0,2.0,0,+1 Lap,19.0,98.327,,,,0.0
2016,18,United States Grand Prix,USA,2016-10-23 19:00:00,United States Grand Prix,GRO,8,Haas F1 Team,17.0,10.0,1.0,0,+1 Lap,17.0,98.308,,,,0.0
2016,18,United States Grand Prix,USA,2016-10-23 19:00:00,United States Grand Prix,KVY,26,Toro Rosso,13.0,11.0,0.0,0,+1 Lap,13.0,97.844,97.48,,,0.0
2016,18,United States Grand Prix,USA,2016-10-23 19:00:00,United States Grand Prix,MAG,20,Renault,18.0,12.0,0.0,0,+1 Lap,18.0,98.317,,,,0.0
2016,18,United States Grand Prix,USA,2016-10-23 19:00:00,United States Grand Prix,PAL,30,Renault,15.0,13.0,0.0,0,+1 Lap,15.0,98.084,97.935,,,0.0
2016,18,United States Grand Prix,USA,2016-10-23 19:00:00,United States Grand Prix,ERI,9,Sauber,16.0,14.0,0.0,0,+1 Lap,16.0,98.04,99.356,,,0.0
2016,18,United States Grand Prix,USA,2016-10-23 19:00:00,United States Grand Prix,NAS,12,Sauber,21.0,15.0,0.0,0,+1 Lap,21.0,98.583,,,,0.0
2016,18,United States Grand Prix,USA,2016-10-23 19:00:00,United States Grand Prix,BOT,77,Williams,8.0,16.0,0.0,0,+1 Lap,8.0,97.456,97.202,97.116,,0.0
2016,18,United States Grand Prix,USA,2016-10-23 19:00:00,United States Grand Prix,WEH,94,Manor Marussia,20.0,17.0,0.0,0,+1 Lap,20.0,98.548,,,,0.0
2016,18,United States Grand Prix,USA,2016-10-23 19:00:00,United States Grand Prix,OCO,31,Manor Marussia,22.0,18.0,0.0,0,+2 Laps,22.0,98.806,,,,0.0
2016,18,United States Grand Prix,USA,2016-10-23 19:00:00,United States Grand Prix,RAI,7,Ferrari,5.0,19.0,0.0,1,Wheel,5.0,96.985,96.584,96.131,,0.0
2016,18,United States Grand Prix,USA,2016-10-23 19:00:00,United States Grand Prix,VER,33,Red Bull,4.0,20.0,0.0,1,Gearbox,4.0,96.613,96.857,95.747,,0.0
2016,18,United States Grand Prix,USA,2016-10-23 19:00:00,United States Grand Prix,GUT,21,Haas F1 Team,14.0,21.0,0.0,1,Brakes,14.0,98.053,97.773,,,0.0
2016,18,United States Grand Prix,USA,2016-10-23 19:00:00,United States Grand Prix,HUL,27,Force India,7.0,22.0,0.0,1,Collision,7.0,96.95,96.626,96.628,,0.0
2016,19,Mexican Grand Prix,Mexico,2016-10-30 19:00:00,Mexican Grand Prix,HAM,44,Mercedes,1.0,1.0,25.0,0,Finished,1.0,79.447,79.137,78.704,,0.0
2016,19,Mexican Grand Prix,Mexico,2016-10-30 19:00:00,Mexican Grand Prix,ROS,6,Mercedes,2.0,2.0,18.0,0,Finished,2.0,79.996,79.761,78.958,,0.0
2016,19,Mexican Grand Prix,Mexico,2016-10-30 19:00:00,Mexican Grand Prix,RIC,3,Red Bull,4.0,3.0,15.0,0,Finished,4.0,79.713,79.553,79.133,,0.0
2016,19,Mexican Grand Prix,Mexico,2016-10-30 19:00:00,Mexican Grand Prix,VER,33,Red Bull,3.0,4.0,12.0,0,Finished,3.0,79.874,78.972,79.054,,0.0
2016,19,Mexican Grand Prix,Mexico,2016-10-30 19:00:00,Mexican Grand Prix,VET,5,Ferrari,7.0,5.0,10.0,0,Finished,7.0,79.865,79.385,79.381,,0.0
2016,19,Mexican Grand Prix,Mexico,2016-10-30 19:00:00,Mexican Grand Prix,RAI,7,Ferrari,6.0,6.0,8.0,0,Finished,6.0,79.554,79.936,79.376,,0.0
2016,19,Mexican Grand Prix,Mexico,2016-10-30 19:00:00,Mexican Grand Prix,HUL,27,Force India,5.0,7.0,6.0,0,Finished,5.0,80.599,79.769,79.33,,0.0
2016,19,Mexican Grand Prix,Mexico,2016-10-30 19:00:00,Mexican Grand Prix,BOT,77,Williams,8.0,8.0,4.0,0,Finished,8.0,80.338,79.958,79.551,,0.0
2016,19,Mexican Grand Prix,Mexico,2016-10-30 19:00:00,Mexican Grand Prix,MAS,19,Williams,9.0,9.0,2.0,0,Finished,9.0,80.423,80.151,80.032,,0.0
2016,19,Mexican Grand Prix,Mexico,2016-10-30 19:00:00,Mexican Grand Prix,PER,11,Force India,12.0,10.0,1.0,0,Finished,12.0,80.308,80.287,,,0.0
2016,19,Mexican Grand Prix,Mexico,2016-10-30 19:00:00,Mexican Grand Prix,ERI,9,Sauber,15.0,11.0,0.0,0,+1 Lap,15.0,81.062,81.536,,,0.0
2016,19,Mexican Grand Prix,Mexico,2016-10-30 19:00:00,Mexican Grand Prix,BUT,22,McLaren,13.0,12.0,0.0,0,+1 Lap,13.0,81.333,80.673,,,0.0
2016,19,Mexican Grand Prix,Mexico,2016-10-30 19:00:00,Mexican Grand Prix,ALO,14,McLaren,11.0,13.0,0.0,0,+1 Lap,11.0,80.552,80.282,,,0.0
2016,19,Mexican Grand Prix,Mexico,2016-10-30 19:00:00,Mexican Grand Prix,PAL,30,Renault,21.0,14.0,0.0,0,+1 Lap,,,,,,0.0
2016,19,Mexican Grand Prix,Mexico,2016-10-30 19:00:00,Mexican Grand Prix,NAS,12,Sauber,19.0,15.0,0.0,0,+1 Lap,19.0,81.692,,,,0.0
2016,19,Mexican Grand Prix,Mexico,2016-10-30 19:00:00,Mexican Grand Prix,SAI,55,Toro Rosso,10.0,16.0,0.0,0,+1 Lap,10.0,80.457,80.169,80.378,,0.0
2016,19,Mexican Grand Prix,Mexico,2016-10-30 19:00:00,Mexican Grand Prix,MAG,20,Renault,14.0,17.0,0.0,0,+1 Lap,14.0,81.254,81.131,,,0.0
2016,19,Mexican Grand Prix,Mexico,2016-10-30 19:00:00,Mexican Grand Prix,KVY,26,Toro Rosso,18.0,18.0,0.0,0,+1 Lap,18.0,81.454,,,,0.0
2016,19,Mexican Grand Prix,Mexico,2016-10-30 19:00:00,Mexican Grand Prix,GUT,21,Haas F1 Team,17.0,19.0,0.0,0,+1 Lap,17.0,81.401,,,,0.0
2016,19,Mexican Grand Prix,Mexico,2016-10-30 19:00:00,Mexican Grand Prix,GRO,8,Haas F1 Team,22.0,20.0,0.0,0,+1 Lap,21.0,81.916,,,,0.0
2016,19,Mexican Grand Prix,Mexico,2016-10-30 19:00:00,Mexican Grand Prix,OCO,31,Manor Marussia,20.0,21.0,0.0,0,+2 Laps,20.0,81.881,,,,0.0
2016,19,Mexican Grand Prix,Mexico,2016-10-30 19:00:00,Mexican Grand Prix,WEH,94,Manor Marussia,16.0,22.0,0.0,1,Collision,16.0,81.363,81.785,,,0.0
2016,20,Brazilian Grand Prix,Brazil,2016-11-13 16:00:00,Brazilian Grand Prix,HAM,44,Mercedes,1.0,1.0,25.0,0,Finished,1.0,71.511,71.238,70.736,,0.0
2016,20,Brazilian Grand Prix,Brazil,2016-11-13 16:00:00,Brazilian Grand Prix,ROS,6,Mercedes,2.0,2.0,18.0,0,Finished,2.0,71.815,71.373,70.838,,0.0
2016,20,Brazilian Grand Prix,Brazil,2016-11-13 16:00:00,Brazilian Grand Prix,VER,33,Red Bull,4.0,3.0,15.0,0,Finished,4.0,71.957,71.834,71.485,,0.0
2016,20,Brazilian Grand Prix,Brazil,2016-11-13 16:00:00,Brazilian Grand Prix,PER,11,Force India,9.0,4.0,12.0,0,Finished,9.0,72.684,72.331,72.165,,0.0
2016,20,Brazilian Grand Prix,Brazil,2016-11-13 16:00:00,Brazilian Grand Prix,VET,5,Ferrari,5.0,5.0,10.0,0,Finished,5.0,72.159,72.01,71.495,,0.0
2016,20,Brazilian Grand Prix,Brazil,2016-11-13 16:00:00,Brazilian Grand Prix,SAI,55,Toro Rosso,15.0,6.0,8.0,0,Finished,15.0,72.95,72.92,,,0.0
2016,20,Brazilian Grand Prix,Brazil,2016-11-13 16:00:00,Brazilian Grand Prix,HUL,27,Force India,8.0,7.0,6.0,0,Finished,8.0,72.428,72.36,72.104,,0.0
2016,20,Brazilian Grand Prix,Brazil,2016-11-13 16:00:00,Brazilian Grand Prix,RIC,3,Red Bull,6.0,8.0,4.0,0,Finished,6.0,72.409,72.047,71.54,,0.0
2016,20,Brazilian Grand Prix,Brazil,2016-11-13 16:00:00,Brazilian Grand Prix,NAS,12,Sauber,21.0,9.0,2.0,0,Finished,22.0,73.681,,,,0.0
2016,20,Brazilian Grand Prix,Brazil,2016-11-13 16:00:00,Brazilian Grand Prix,ALO,14,McLaren,10.0,10.0,1.0,0,Finished,10.0,72.7,72.312,72.266,,0.0
2016,20,Brazilian Grand Prix,Brazil,2016-11-13 16:00:00,Brazilian Grand Prix,BOT,77,Williams,11.0,11.0,0.0,0,Finished,11.0,72.68,72.42,,,0.0
2016,20,Brazilian Grand Prix,Brazil,2016-11-13 16:00:00,Brazilian Grand Prix,OCO,31,Manor Marussia,22.0,12.0,0.0,0,Finished,20.0,73.432,,,,0.0
2016,20,Brazilian Grand Prix,Brazil,2016-11-13 16:00:00,Brazilian Grand Prix,KVY,26,Toro Rosso,14.0,13.0,0.0,0,Finished,14.0,73.071,72.726,,,0.0
2016,20,Brazilian Grand Prix,Brazil,2016-11-13 16:00:00,Brazilian Grand Prix,MAG,20,Renault,18.0,14.0,0.0,0,Finished,18.0,73.41,,,,0.0
2016,20,Brazilian Grand Prix,Brazil,2016-11-13 16:00:00,Brazilian Grand Prix,WEH,94,Manor Marussia,19.0,15.0,0.0,0,Finished,19.0,73.427,,,,0.0
2016,20,Brazilian Grand Prix,Brazil,2016-11-13 16:00:00,Brazilian Grand Prix,BUT,22,McLaren,17.0,16.0,0.0,0,Finished,17.0,73.276,,,,0.0
2016,20,Brazilian Grand Prix,Brazil,2016-11-13 16:00:00,Brazilian Grand Prix,GUT,21,Haas F1 Team,12.0,17.0,0.0,1,Retired,12.0,73.052,72.431,,,0.0
2016,20,Brazilian Grand Prix,Brazil,2016-11-13 16:00:00,Brazilian Grand Prix,MAS,19,Williams,13.0,18.0,0.0,1,Collision,13.0,72.432,72.521,,,0.0
2016,20,Brazilian Grand Prix,Brazil,2016-11-13 16:00:00,Brazilian Grand Prix,PAL,30,Renault,16.0,19.0,0.0,1,Collision damage,16.0,73.259,73.258,,,0.0
2016,20,Brazilian Grand Prix,Brazil,2016-11-13 16:00:00,Brazilian Grand Prix,RAI,7,Ferrari,3.0,20.0,0.0,1,Collision,3.0,72.1,72.301,71.404,,0.0
2016,20,Brazilian Grand Prix,Brazil,2016-11-13 16:00:00,Brazilian Grand Prix,ERI,9,Sauber,20.0,21.0,0.0,1,Collision,21.0,73.623,,,,0.0
2016,20,Brazilian Grand Prix,Brazil,2016-11-13 16:00:00,Brazilian Grand Prix,GRO,8,Haas F1 Team,7.0,22.0,0.0,1,Withdrew,7.0,72.893,72.343,71.937,,0.0
2016,21,Abu Dhabi Grand Prix,UAE,2016-11-27 13:00:00,Abu Dhabi Grand Prix,HAM,44,Mercedes,1.0,1.0,25.0,0,Finished,1.0,99.487,99.382,98.755,,0.0
2016,21,Abu Dhabi Grand Prix,UAE,2016-11-27 13:00:00,Abu Dhabi Grand Prix,ROS,6,Mercedes,2.0,2.0,18.0,0,Finished,2.0,100.511,99.49,99.058,,0.0
2016,21,Abu Dhabi Grand Prix,UAE,2016-11-27 13:00:00,Abu Dhabi Grand Prix,VET,5,Ferrari,5.0,3.0,15.0,0,Finished,5.0,100.341,100.034,99.661,,0.0
2016,21,Abu Dhabi Grand Prix,UAE,2016-11-27 13:00:00,Abu Dhabi Grand Prix,VER,33,Red Bull,6.0,4.0,12.0,0,Finished,6.0,100.424,99.903,99.818,,0.0
2016,21,Abu Dhabi Grand Prix,UAE,2016-11-27 13:00:00,Abu Dhabi Grand Prix,RIC,3,Red Bull,3.0,5.0,10.0,0,Finished,3.0,101.002,100.429,99.589,,0.0
2016,21,Abu Dhabi Grand Prix,UAE,2016-11-27 13:00:00,Abu Dhabi Grand Prix,RAI,7,Ferrari,4.0,6.0,8.0,0,Finished,4.0,100.338,99.629,99.604,,0.0
2016,21,Abu Dhabi Grand Prix,UAE,2016-11-27 13:00:00,Abu Dhabi Grand Prix,HUL,27,Force India,7.0,7.0,6.0,0,Finished,7.0,101.0,100.709,100.501,,0.0
2016,21,Abu Dhabi Grand Prix,UAE,2016-11-27 13:00:00,Abu Dhabi Grand Prix,PER,11,Force India,8.0,8.0,4.0,0,Finished,8.0,100.864,100.743,100.519,,0.0
2016,21,Abu Dhabi Grand Prix,UAE,2016-11-27 13:00:00,Abu Dhabi Grand Prix,MAS,19,Williams,10.0,9.0,2.0,0,Finished,10.0,101.157,100.858,101.213,,0.0
2016,21,Abu Dhabi Grand Prix,UAE,2016-11-27 13:00:00,Abu Dhabi Grand Prix,ALO,14,McLaren,9.0,10.0,1.0,0,Finished,9.0,101.616,101.044,101.106,,0.0
2016,21,Abu Dhabi Grand Prix,UAE,2016-11-27 13:00:00,Abu Dhabi Grand Prix,GRO,8,Haas F1 Team,14.0,11.0,0.0,0,Finished,14.0,101.467,101.564,,,0.0
2016,21,Abu Dhabi Grand Prix,UAE,2016-11-27 13:00:00,Abu Dhabi Grand Prix,GUT,21,Haas F1 Team,13.0,12.0,0.0,0,Finished,13.0,101.639,101.48,,,0.0
2016,21,Abu Dhabi Grand Prix,UAE,2016-11-27 13:00:00,Abu Dhabi Grand Prix,OCO,31,Manor Marussia,20.0,13.0,0.0,0,+1 Lap,20.0,102.286,,,,0.0
2016,21,Abu Dhabi Grand Prix,UAE,2016-11-27 13:00:00,Abu Dhabi Grand Prix,WEH,94,Manor Marussia,16.0,14.0,0.0,0,+1 Lap,16.0,101.886,101.995,,,0.0
2016,21,Abu Dhabi Grand Prix,UAE,2016-11-27 13:00:00,Abu Dhabi Grand Prix,ERI,9,Sauber,22.0,15.0,0.0,0,+1 Lap,22.0,102.637,,,,0.0
2016,21,Abu Dhabi Grand Prix,UAE,2016-11-27 13:00:00,Abu Dhabi Grand Prix,NAS,12,Sauber,19.0,16.0,0.0,0,+1 Lap,19.0,102.247,,,,0.0
2016,21,Abu Dhabi Grand Prix,UAE,2016-11-27 13:00:00,Abu Dhabi Grand Prix,PAL,30,Renault,15.0,17.0,0.0,0,+1 Lap,15.0,101.775,101.82,,,0.0
2016,21,Abu Dhabi Grand Prix,UAE,2016-11-27 13:00:00,Abu Dhabi Grand Prix,SAI,55,Toro Rosso,21.0,18.0,0.0,1,Collision damage,21.0,102.393,,,,0.0
2016,21,Abu Dhabi Grand Prix,UAE,2016-11-27 13:00:00,Abu Dhabi Grand Prix,KVY,26,Toro Rosso,17.0,19.0,0.0,1,Gearbox,17.0,102.003,,,,0.0
2016,21,Abu Dhabi Grand Prix,UAE,2016-11-27 13:00:00,Abu Dhabi Grand Prix,BUT,22,McLaren,12.0,20.0,0.0,1,Suspension,12.0,101.158,101.272,,,0.0
2016,21,Abu Dhabi Grand Prix,UAE,2016-11-27 13:00:00,Abu Dhabi Grand Prix,BOT,77,Williams,11.0,21.0,0.0,1,Suspension,11.0,101.192,101.084,,,0.0
2016,21,Abu Dhabi Grand Prix,UAE,2016-11-27 13:00:00,Abu Dhabi Grand Prix,MAG,20,Renault,18.0,22.0,0.0,1,Suspension,18.0,102.142,,,,0.0
2017,1,Australian Grand Prix,Australia,2017-03-26 05:00:00,Australian Grand Prix,VET,5,Ferrari,2.0,1.0,25.0,0,Finished,2.0,85.21,83.401,82.456,,0.0
2017,1,Australian Grand Prix,Australia,2017-03-26 05:00:00,Australian Grand Prix,HAM,44,Mercedes,1.0,2.0,18.0,0,Finished,1.0,84.191,83.251,82.188,,0.0
2017,1,Australian Grand Prix,Australia,2017-03-26 05:00:00,Australian Grand Prix,BOT,77,Mercedes,3.0,3.0,15.0,0,Finished,3.0,84.514,83.215,82.481,,0.0
2017,1,Australian Grand Prix,Australia,2017-03-26 05:00:00,Australian Grand Prix,RAI,7,Ferrari,4.0,4.0,12.0,0,Finished,4.0,84.352,83.376,83.033,,0.0
2017,1,Australian Grand Prix,Australia,2017-03-26 05:00:00,Australian Grand Prix,VER,33,Red Bull,5.0,5.0,10.0,0,Finished,5.0,84.482,84.092,83.485,,0.0
2017,1,Australian Grand Prix,Australia,2017-03-26 05:00:00,Australian Grand Prix,MAS,19,Williams,7.0,6.0,8.0,0,Finished,7.0,85.099,84.597,84.443,,0.0
2017,1,Australian Grand Prix,Australia,2017-03-26 05:00:00,Australian Grand Prix,PER,11,Force India,10.0,7.0,6.0,0,+1 Lap,11.0,85.064,85.081,,,0.0
2017,1,Australian Grand Prix,Australia,2017-03-26 05:00:00,Australian Grand Prix,SAI,55,Toro Rosso,8.0,8.0,4.0,0,+1 Lap,8.0,85.542,84.997,84.487,,0.0
2017,1,Australian Grand Prix,Australia,2017-03-26 05:00:00,Australian Grand Prix,KVY,26,Toro Rosso,9.0,9.0,2.0,0,+1 Lap,9.0,85.97,84.864,84.512,,0.0
2017,1,Australian Grand Prix,Australia,2017-03-26 05:00:00,Australian Grand Prix,OCO,31,Force India,13.0,10.0,1.0,0,+1 Lap,14.0,86.009,85.568,,,0.0
2017,1,Australian Grand Prix,Australia,2017-03-26 05:00:00,Australian Grand Prix,HUL,27,Renault,11.0,11.0,0.0,0,+1 Lap,12.0,84.975,85.091,,,0.0
2017,1,Australian Grand Prix,Australia,2017-03-26 05:00:00,Australian Grand Prix,GIO,36,Sauber,16.0,12.0,0.0,0,+2 Laps,16.0,86.419,,,,0.0
2017,1,Australian Grand Prix,Australia,2017-03-26 05:00:00,Australian Grand Prix,VAN,2,McLaren,18.0,13.0,0.0,0,+2 Laps,18.0,86.858,,,,0.0
2017,1,Australian Grand Prix,Australia,2017-03-26 05:00:00,Australian Grand Prix,ALO,14,McLaren,12.0,14.0,0.0,1,Vibrations,13.0,85.872,85.425,,,0.0
2017,1,Australian Grand Prix,Australia,2017-03-26 05:00:00,Australian Grand Prix,MAG,20,Haas F1 Team,17.0,15.0,0.0,1,Suspension,17.0,86.847,,,,0.0
2017,1,Australian Grand Prix,Australia,2017-03-26 05:00:00,Australian Grand Prix,STR,18,Williams,20.0,16.0,0.0,1,Brakes,19.0,87.143,,,,0.0
2017,1,Australian Grand Prix,Australia,2017-03-26 05:00:00,Australian Grand Prix,RIC,3,Red Bull,20.0,17.0,0.0,1,Power Unit,10.0,85.383,83.989,,,0.0
2017,1,Australian Grand Prix,Australia,2017-03-26 05:00:00,Australian Grand Prix,ERI,9,Sauber,14.0,18.0,0.0,1,Hydraulics,15.0,86.236,86.465,,,0.0
2017,1,Australian Grand Prix,Australia,2017-03-26 05:00:00,Australian Grand Prix,PAL,30,Renault,19.0,19.0,0.0,1,Brakes,20.0,88.244,,,,0.0
2017,1,Australian Grand Prix,Australia,2017-03-26 05:00:00,Australian Grand Prix,GRO,8,Haas F1 Team,6.0,20.0,0.0,1,Water leak,6.0,85.419,84.718,84.074,,0.0
2017,2,Chinese Grand Prix,China,2017-04-09 06:00:00,Chinese Grand Prix,HAM,44,Mercedes,1.0,1.0,25.0,0,Finished,1.0,93.333,92.406,91.678,,0.0
2017,2,Chinese Grand Prix,China,2017-04-09 06:00:00,Chinese Grand Prix,VET,5,Ferrari,2.0,2.0,18.0,0,Finished,2.0,93.078,92.391,91.864,,0.0
2017,2,Chinese Grand Prix,China,2017-04-09 06:00:00,Chinese Grand Prix,VER,33,Red Bull,16.0,3.0,15.0,0,Finished,19.0,95.433,,,,0.0
2017,2,Chinese Grand Prix,China,2017-04-09 06:00:00,Chinese Grand Prix,RIC,3,Red Bull,5.0,4.0,12.0,0,Finished,5.0,94.041,93.546,93.033,,0.0
2017,2,Chinese Grand Prix,China,2017-04-09 06:00:00,Chinese Grand Prix,RAI,7,Ferrari,4.0,5.0,10.0,0,Finished,4.0,93.341,92.181,92.14,,0.0
2017,2,Chinese Grand Prix,China,2017-04-09 06:00:00,Chinese Grand Prix,BOT,77,Mercedes,3.0,6.0,8.0,0,Finished,3.0,93.684,92.552,91.865,,0.0
2017,2,Chinese Grand Prix,China,2017-04-09 06:00:00,Chinese Grand Prix,SAI,55,Toro Rosso,11.0,7.0,6.0,0,Finished,11.0,94.567,94.15,,,0.0
2017,2,Chinese Grand Prix,China,2017-04-09 06:00:00,Chinese Grand Prix,MAG,20,Haas F1 Team,12.0,8.0,4.0,0,+1 Lap,12.0,94.942,94.164,,,0.0
2017,2,Chinese Grand Prix,China,2017-04-09 06:00:00,Chinese Grand Prix,PER,11,Force India,8.0,9.0,2.0,0,+1 Lap,8.0,94.657,93.92,93.706,,0.0
2017,2,Chinese Grand Prix,China,2017-04-09 06:00:00,Chinese Grand Prix,OCO,31,Force India,17.0,10.0,1.0,0,+1 Lap,20.0,95.496,,,,0.0
2017,2,Chinese Grand Prix,China,2017-04-09 06:00:00,Chinese Grand Prix,GRO,8,Haas F1 Team,19.0,11.0,0.0,0,+1 Lap,17.0,95.223,,,,0.0
2017,2,Chinese Grand Prix,China,2017-04-09 06:00:00,Chinese Grand Prix,HUL,27,Renault,7.0,12.0,0.0,0,+1 Lap,7.0,94.453,93.636,93.58,,0.0
2017,2,Chinese Grand Prix,China,2017-04-09 06:00:00,Chinese Grand Prix,PAL,30,Renault,20.0,13.0,0.0,0,+1 Lap,18.0,95.279,,,,0.0
2017,2,Chinese Grand Prix,China,2017-04-09 06:00:00,Chinese Grand Prix,MAS,19,Williams,6.0,14.0,0.0,0,+1 Lap,6.0,94.205,93.759,93.507,,0.0
2017,2,Chinese Grand Prix,China,2017-04-09 06:00:00,Chinese Grand Prix,ERI,9,Sauber,14.0,15.0,0.0,0,+1 Lap,14.0,94.892,95.046,,,0.0
2017,2,Chinese Grand Prix,China,2017-04-09 06:00:00,Chinese Grand Prix,ALO,14,McLaren,13.0,16.0,0.0,1,Driveshaft,13.0,94.499,94.372,,,0.0
2017,2,Chinese Grand Prix,China,2017-04-09 06:00:00,Chinese Grand Prix,KVY,26,Toro Rosso,9.0,17.0,0.0,1,Hydraulics,9.0,94.44,94.034,93.719,,0.0
2017,2,Chinese Grand Prix,China,2017-04-09 06:00:00,Chinese Grand Prix,VAN,2,McLaren,15.0,18.0,0.0,1,Fuel pressure,16.0,95.023,,,,0.0
2017,2,Chinese Grand Prix,China,2017-04-09 06:00:00,Chinese Grand Prix,GIO,36,Sauber,18.0,19.0,0.0,1,Accident,15.0,94.963,,,,0.0
2017,2,Chinese Grand Prix,China,2017-04-09 06:00:00,Chinese Grand Prix,STR,18,Williams,10.0,20.0,0.0,1,Collision,10.0,93.986,94.09,94.22,,0.0
2017,3,Bahrain Grand Prix,Bahrain,2017-04-16 15:00:00,Bahrain Grand Prix,VET,5,Ferrari,3.0,1.0,25.0,0,Finished,3.0,91.037,89.596,89.247,,0.0
2017,3,Bahrain Grand Prix,Bahrain,2017-04-16 15:00:00,Bahrain Grand Prix,HAM,44,Mercedes,2.0,2.0,18.0,0,Finished,2.0,90.814,89.535,88.792,,0.0
2017,3,Bahrain Grand Prix,Bahrain,2017-04-16 15:00:00,Bahrain Grand Prix,BOT,77,Mercedes,1.0,3.0,15.0,0,Finished,1.0,91.041,89.555,88.769,,0.0
2017,3,Bahrain Grand Prix,Bahrain,2017-04-16 15:00:00,Bahrain Grand Prix,RAI,7,Ferrari,5.0,4.0,12.0,0,Finished,5.0,90.988,89.843,89.567,,0.0
2017,3,Bahrain Grand Prix,Bahrain,2017-04-16 15:00:00,Bahrain Grand Prix,RIC,3,Red Bull,4.0,5.0,10.0,0,Finished,4.0,91.667,90.497,89.545,,0.0
2017,3,Bahrain Grand Prix,Bahrain,2017-04-16 15:00:00,Bahrain Grand Prix,MAS,19,Williams,8.0,6.0,8.0,0,Finished,8.0,91.373,90.677,90.074,,0.0
2017,3,Bahrain Grand Prix,Bahrain,2017-04-16 15:00:00,Bahrain Grand Prix,PER,11,Force India,18.0,7.0,6.0,0,Finished,18.0,92.318,,,,0.0
2017,3,Bahrain Grand Prix,Bahrain,2017-04-16 15:00:00,Bahrain Grand Prix,GRO,8,Haas F1 Team,9.0,8.0,4.0,0,Finished,9.0,91.691,90.857,90.763,,0.0
2017,3,Bahrain Grand Prix,Bahrain,2017-04-16 15:00:00,Bahrain Grand Prix,HUL,27,Renault,7.0,9.0,2.0,0,Finished,7.0,91.057,90.169,89.842,,0.0
2017,3,Bahrain Grand Prix,Bahrain,2017-04-16 15:00:00,Bahrain Grand Prix,OCO,31,Force India,14.0,10.0,1.0,0,Finished,14.0,91.774,91.684,,,0.0
2017,3,Bahrain Grand Prix,Bahrain,2017-04-16 15:00:00,Bahrain Grand Prix,WEH,94,Sauber,13.0,11.0,0.0,0,+1 Lap,13.0,91.995,91.414,,,0.0
2017,3,Bahrain Grand Prix,Bahrain,2017-04-16 15:00:00,Bahrain Grand Prix,KVY,26,Toro Rosso,11.0,12.0,0.0,0,+1 Lap,11.0,91.531,90.923,,,0.0
2017,3,Bahrain Grand Prix,Bahrain,2017-04-16 15:00:00,Bahrain Grand Prix,PAL,30,Renault,10.0,13.0,0.0,0,+1 Lap,10.0,91.458,90.899,91.074,,0.0
2017,3,Bahrain Grand Prix,Bahrain,2017-04-16 15:00:00,Bahrain Grand Prix,ALO,14,McLaren,15.0,14.0,0.0,1,Power Unit,15.0,92.054,,,,0.0
2017,3,Bahrain Grand Prix,Bahrain,2017-04-16 15:00:00,Bahrain Grand Prix,ERI,9,Sauber,19.0,15.0,0.0,1,Gearbox,19.0,92.543,,,,0.0
2017,3,Bahrain Grand Prix,Bahrain,2017-04-16 15:00:00,Bahrain Grand Prix,SAI,55,Toro Rosso,16.0,16.0,0.0,1,Collision,16.0,92.118,,,,0.0
2017,3,Bahrain Grand Prix,Bahrain,2017-04-16 15:00:00,Bahrain Grand Prix,STR,18,Williams,12.0,17.0,0.0,1,Collision,12.0,91.748,91.168,,,0.0
2017,3,Bahrain Grand Prix,Bahrain,2017-04-16 15:00:00,Bahrain Grand Prix,VER,33,Red Bull,6.0,18.0,0.0,1,Brakes,6.0,90.904,90.307,89.687,,0.0
2017,3,Bahrain Grand Prix,Bahrain,2017-04-16 15:00:00,Bahrain Grand Prix,MAG,20,Haas F1 Team,20.0,19.0,0.0,1,Electrical,20.0,92.9,,,,0.0
2017,3,Bahrain Grand Prix,Bahrain,2017-04-16 15:00:00,Bahrain Grand Prix,VAN,2,McLaren,17.0,20.0,0.0,1,Power Unit,17.0,92.313,,,,0.0
2017,4,Russian Grand Prix,Russia,2017-04-30 12:00:00,Russian Grand Prix,BOT,77,Mercedes,3.0,1.0,25.0,0,Finished,3.0,94.041,93.264,93.289,,0.0
2017,4,Russian Grand Prix,Russia,2017-04-30 12:00:00,Russian Grand Prix,VET,5,Ferrari,1.0,2.0,18.0,0,Finished,1.0,94.493,94.038,93.194,,0.0
2017,4,Russian Grand Prix,Russia,2017-04-30 12:00:00,Russian Grand Prix,RAI,7,Ferrari,2.0,3.0,15.0,0,Finished,2.0,94.953,93.663,93.253,,0.0
2017,4,Russian Grand Prix,Russia,2017-04-30 12:00:00,Russian Grand Prix,HAM,44,Mercedes,4.0,4.0,12.0,0,Finished,4.0,94.409,93.76,93.767,,0.0
2017,4,Russian Grand Prix,Russia,2017-04-30 12:00:00,Russian Grand Prix,VER,33,Red Bull,7.0,5.0,10.0,0,Finished,7.0,95.301,95.221,95.161,,0.0
2017,4,Russian Grand Prix,Russia,2017-04-30 12:00:00,Russian Grand Prix,PER,11,Force India,9.0,6.0,8.0,0,Finished,9.0,96.185,95.513,95.337,,0.0
2017,4,Russian Grand Prix,Russia,2017-04-30 12:00:00,Russian Grand Prix,OCO,31,Force India,10.0,7.0,6.0,0,Finished,10.0,95.372,95.729,95.43,,0.0
2017,4,Russian Grand Prix,Russia,2017-04-30 12:00:00,Russian Grand Prix,HUL,27,Renault,8.0,8.0,4.0,0,Finished,8.0,95.507,95.328,95.285,,0.0
2017,4,Russian Grand Prix,Russia,2017-04-30 12:00:00,Russian Grand Prix,MAS,19,Williams,6.0,9.0,2.0,0,+1 Lap,6.0,95.828,95.049,95.11,,0.0
2017,4,Russian Grand Prix,Russia,2017-04-30 12:00:00,Russian Grand Prix,SAI,55,Toro Rosso,14.0,10.0,1.0,0,+1 Lap,11.0,95.827,95.948,,,0.0
2017,4,Russian Grand Prix,Russia,2017-04-30 12:00:00,Russian Grand Prix,STR,18,Williams,11.0,11.0,0.0,0,+1 Lap,12.0,96.279,95.964,,,0.0
2017,4,Russian Grand Prix,Russia,2017-04-30 12:00:00,Russian Grand Prix,KVY,26,Toro Rosso,12.0,12.0,0.0,0,+1 Lap,13.0,95.984,95.968,,,0.0
2017,4,Russian Grand Prix,Russia,2017-04-30 12:00:00,Russian Grand Prix,MAG,20,Haas F1 Team,13.0,13.0,0.0,0,+1 Lap,14.0,96.408,96.017,,,0.0
2017,4,Russian Grand Prix,Russia,2017-04-30 12:00:00,Russian Grand Prix,VAN,2,McLaren,20.0,14.0,0.0,0,+1 Lap,17.0,97.07,,,,0.0
2017,4,Russian Grand Prix,Russia,2017-04-30 12:00:00,Russian Grand Prix,ERI,9,Sauber,18.0,15.0,0.0,0,+1 Lap,19.0,97.507,,,,0.0
2017,4,Russian Grand Prix,Russia,2017-04-30 12:00:00,Russian Grand Prix,WEH,94,Sauber,17.0,16.0,0.0,0,+2 Laps,18.0,97.332,,,,0.0
2017,4,Russian Grand Prix,Russia,2017-04-30 12:00:00,Russian Grand Prix,RIC,3,Red Bull,5.0,17.0,0.0,1,Brakes,5.0,95.56,95.483,94.905,,0.0
2017,4,Russian Grand Prix,Russia,2017-04-30 12:00:00,Russian Grand Prix,PAL,30,Renault,16.0,18.0,0.0,1,Collision,16.0,96.462,,,,0.0
2017,4,Russian Grand Prix,Russia,2017-04-30 12:00:00,Russian Grand Prix,GRO,8,Haas F1 Team,19.0,19.0,0.0,1,Collision,20.0,97.62,,,,0.0
2017,4,Russian Grand Prix,Russia,2017-04-30 12:00:00,Russian Grand Prix,ALO,14,McLaren,15.0,20.0,0.0,1,Power Unit,15.0,96.353,96.66,,,0.0
2017,5,Spanish Grand Prix,Spain,2017-05-14 12:00:00,Spanish Grand Prix,HAM,44,Mercedes,1.0,1.0,25.0,0,Finished,1.0,80.511,80.21,79.149,,0.0
2017,5,Spanish Grand Prix,Spain,2017-05-14 12:00:00,Spanish Grand Prix,VET,5,Ferrari,2.0,2.0,18.0,0,Finished,2.0,80.939,80.295,79.2,,0.0
2017,5,Spanish Grand Prix,Spain,2017-05-14 12:00:00,Spanish Grand Prix,RIC,3,Red Bull,6.0,3.0,15.0,0,Finished,6.0,81.704,80.855,80.175,,0.0
2017,5,Spanish Grand Prix,Spain,2017-05-14 12:00:00,Spanish Grand Prix,PER,11,Force India,8.0,4.0,12.0,0,+1 Lap,8.0,81.998,81.239,81.07,,0.0
2017,5,Spanish Grand Prix,Spain,2017-05-14 12:00:00,Spanish Grand Prix,OCO,31,Force India,10.0,5.0,10.0,0,+1 Lap,10.0,81.901,81.148,81.272,,0.0
2017,5,Spanish Grand Prix,Spain,2017-05-14 12:00:00,Spanish Grand Prix,HUL,27,Renault,13.0,6.0,8.0,0,+1 Lap,13.0,82.091,81.397,,,0.0
2017,5,Spanish Grand Prix,Spain,2017-05-14 12:00:00,Spanish Grand Prix,SAI,55,Toro Rosso,12.0,7.0,6.0,0,+1 Lap,12.0,81.941,81.371,,,0.0
2017,5,Spanish Grand Prix,Spain,2017-05-14 12:00:00,Spanish Grand Prix,WEH,94,Sauber,15.0,8.0,4.0,0,+1 Lap,15.0,82.327,81.803,,,0.0
2017,5,Spanish Grand Prix,Spain,2017-05-14 12:00:00,Spanish Grand Prix,KVY,26,Toro Rosso,19.0,9.0,2.0,0,+1 Lap,20.0,82.746,,,,0.0
2017,5,Spanish Grand Prix,Spain,2017-05-14 12:00:00,Spanish Grand Prix,GRO,8,Haas F1 Team,14.0,10.0,1.0,0,+1 Lap,14.0,81.822,81.517,,,0.0
2017,5,Spanish Grand Prix,Spain,2017-05-14 12:00:00,Spanish Grand Prix,ERI,9,Sauber,16.0,11.0,0.0,0,+2 Laps,16.0,82.332,,,,0.0
2017,5,Spanish Grand Prix,Spain,2017-05-14 12:00:00,Spanish Grand Prix,ALO,14,McLaren,7.0,12.0,0.0,0,+2 Laps,7.0,82.015,81.251,81.048,,0.0
2017,5,Spanish Grand Prix,Spain,2017-05-14 12:00:00,Spanish Grand Prix,MAS,19,Williams,9.0,13.0,0.0,0,+2 Laps,9.0,82.138,81.222,81.232,,0.0
2017,5,Spanish Grand Prix,Spain,2017-05-14 12:00:00,Spanish Grand Prix,MAG,20,Haas F1 Team,11.0,14.0,0.0,0,+2 Laps,11.0,81.945,81.329,,,0.0
2017,5,Spanish Grand Prix,Spain,2017-05-14 12:00:00,Spanish Grand Prix,PAL,30,Renault,17.0,15.0,0.0,0,+2 Laps,17.0,82.401,,,,0.0
2017,5,Spanish Grand Prix,Spain,2017-05-14 12:00:00,Spanish Grand Prix,STR,18,Williams,18.0,16.0,0.0,0,+2 Laps,18.0,82.411,,,,0.0
2017,5,Spanish Grand Prix,Spain,2017-05-14 12:00:00,Spanish Grand Prix,BOT,77,Mercedes,3.0,17.0,0.0,1,Power Unit,3.0,80.991,80.3,79.373,,0.0
2017,5,Spanish Grand Prix,Spain,2017-05-14 12:00:00,Spanish Grand Prix,VAN,2,McLaren,20.0,18.0,0.0,1,Collision,19.0,82.532,,,,0.0
2017,5,Spanish Grand Prix,Spain,2017-05-14 12:00:00,Spanish Grand Prix,VER,33,Red Bull,5.0,19.0,0.0,1,Collision damage,5.0,81.43,80.722,79.706,,0.0
2017,5,Spanish Grand Prix,Spain,2017-05-14 12:00:00,Spanish Grand Prix,RAI,7,Ferrari,4.0,20.0,0.0,1,Collision damage,4.0,80.742,80.621,79.439,,0.0
2017,6,Monaco Grand Prix,Monaco,2017-05-28 12:00:00,Monaco Grand Prix,VET,5,Ferrari,2.0,1.0,25.0,0,Finished,2.0,73.09,72.449,72.221,,0.0
2017,6,Monaco Grand Prix,Monaco,2017-05-28 12:00:00,Monaco Grand Prix,RAI,7,Ferrari,1.0,2.0,18.0,0,Finished,1.0,73.117,72.231,72.178,,0.0
2017,6,Monaco Grand Prix,Monaco,2017-05-28 12:00:00,Monaco Grand Prix,RIC,3,Red Bull,5.0,3.0,15.0,0,Finished,5.0,73.219,73.011,72.998,,0.0
2017,6,Monaco Grand Prix,Monaco,2017-05-28 12:00:00,Monaco Grand Prix,BOT,77,Mercedes,3.0,4.0,12.0,0,Finished,3.0,73.325,72.901,72.223,,0.0
2017,6,Monaco Grand Prix,Monaco,2017-05-28 12:00:00,Monaco Grand Prix,VER,33,Red Bull,4.0,5.0,10.0,0,Finished,4.0,73.078,72.697,72.496,,0.0
2017,6,Monaco Grand Prix,Monaco,2017-05-28 12:00:00,Monaco Grand Prix,SAI,55,Toro Rosso,6.0,6.0,8.0,0,Finished,6.0,73.526,73.397,73.162,,0.0
2017,6,Monaco Grand Prix,Monaco,2017-05-28 12:00:00,Monaco Grand Prix,HAM,44,Mercedes,13.0,7.0,6.0,0,Finished,14.0,73.64,74.106,,,0.0
2017,6,Monaco Grand Prix,Monaco,2017-05-28 12:00:00,Monaco Grand Prix,GRO,8,Haas F1 Team,8.0,8.0,4.0,0,Finished,8.0,73.786,73.203,73.349,,0.0
2017,6,Monaco Grand Prix,Monaco,2017-05-28 12:00:00,Monaco Grand Prix,MAS,19,Williams,14.0,9.0,2.0,0,Finished,15.0,73.796,80.529,,,0.0
2017,6,Monaco Grand Prix,Monaco,2017-05-28 12:00:00,Monaco Grand Prix,MAG,20,Haas F1 Team,11.0,10.0,1.0,0,Finished,13.0,73.531,73.959,,,0.0
2017,6,Monaco Grand Prix,Monaco,2017-05-28 12:00:00,Monaco Grand Prix,PAL,30,Renault,16.0,11.0,0.0,0,Finished,17.0,74.696,,,,0.0
2017,6,Monaco Grand Prix,Monaco,2017-05-28 12:00:00,Monaco Grand Prix,OCO,31,Force India,15.0,12.0,0.0,0,Finished,16.0,74.101,,,,0.0
2017,6,Monaco Grand Prix,Monaco,2017-05-28 12:00:00,Monaco Grand Prix,PER,11,Force India,7.0,13.0,0.0,0,Finished,7.0,73.53,73.43,73.329,,0.0
2017,6,Monaco Grand Prix,Monaco,2017-05-28 12:00:00,Monaco Grand Prix,KVY,26,Toro Rosso,9.0,14.0,0.0,1,Collision damage,11.0,73.899,73.516,,,0.0
2017,6,Monaco Grand Prix,Monaco,2017-05-28 12:00:00,Monaco Grand Prix,STR,18,Williams,17.0,15.0,0.0,1,Brakes,18.0,74.893,,,,0.0
2017,6,Monaco Grand Prix,Monaco,2017-05-28 12:00:00,Monaco Grand Prix,VAN,2,McLaren,12.0,16.0,0.0,1,Accident,10.0,73.476,73.249,,,0.0
2017,6,Monaco Grand Prix,Monaco,2017-05-28 12:00:00,Monaco Grand Prix,ERI,9,Sauber,19.0,17.0,0.0,1,Accident,20.0,75.276,,,,0.0
2017,6,Monaco Grand Prix,Monaco,2017-05-28 12:00:00,Monaco Grand Prix,BUT,22,McLaren,20.0,18.0,0.0,1,Collision damage,9.0,73.723,73.453,73.613,,0.0
2017,6,Monaco Grand Prix,Monaco,2017-05-28 12:00:00,Monaco Grand Prix,WEH,94,Sauber,18.0,19.0,0.0,1,Collision,19.0,75.159,,,,0.0
2017,6,Monaco Grand Prix,Monaco,2017-05-28 12:00:00,Monaco Grand Prix,HUL,27,Renault,10.0,20.0,0.0,1,Gearbox,12.0,73.787,73.628,,,0.0
2017,7,Canadian Grand Prix,Canada,2017-06-11 18:00:00,Canadian Grand Prix,HAM,44,Mercedes,1.0,1.0,25.0,0,Finished,1.0,72.692,72.496,71.459,,0.0
2017,7,Canadian Grand Prix,Canada,2017-06-11 18:00:00,Canadian Grand Prix,BOT,77,Mercedes,3.0,2.0,18.0,0,Finished,3.0,72.685,72.563,72.177,,0.0
2017,7,Canadian Grand Prix,Canada,2017-06-11 18:00:00,Canadian Grand Prix,RIC,3,Red Bull,6.0,3.0,15.0,0,Finished,6.0,73.543,72.81,72.557,,0.0
2017,7,Canadian Grand Prix,Canada,2017-06-11 18:00:00,Canadian Grand Prix,VET,5,Ferrari,2.0,4.0,12.0,0,Finished,2.0,73.046,72.749,71.789,,0.0
2017,7,Canadian Grand Prix,Canada,2017-06-11 18:00:00,Canadian Grand Prix,PER,11,Force India,8.0,5.0,10.0,0,Finished,8.0,73.47,73.262,73.018,,0.0
2017,7,Canadian Grand Prix,Canada,2017-06-11 18:00:00,Canadian Grand Prix,OCO,31,Force India,9.0,6.0,8.0,0,Finished,9.0,73.52,73.32,73.135,,0.0
2017,7,Canadian Grand Prix,Canada,2017-06-11 18:00:00,Canadian Grand Prix,RAI,7,Ferrari,4.0,7.0,6.0,0,Finished,4.0,73.548,72.58,72.252,,0.0
2017,7,Canadian Grand Prix,Canada,2017-06-11 18:00:00,Canadian Grand Prix,HUL,27,Renault,10.0,8.0,4.0,0,Finished,10.0,73.804,73.406,73.271,,0.0
2017,7,Canadian Grand Prix,Canada,2017-06-11 18:00:00,Canadian Grand Prix,STR,18,Williams,17.0,9.0,2.0,0,+1 Lap,17.0,74.209,,,,0.0
2017,7,Canadian Grand Prix,Canada,2017-06-11 18:00:00,Canadian Grand Prix,GRO,8,Haas F1 Team,14.0,10.0,1.0,0,+1 Lap,14.0,73.78,73.839,,,0.0
2017,7,Canadian Grand Prix,Canada,2017-06-11 18:00:00,Canadian Grand Prix,PAL,30,Renault,15.0,11.0,0.0,0,+1 Lap,15.0,73.99,74.293,,,0.0
2017,7,Canadian Grand Prix,Canada,2017-06-11 18:00:00,Canadian Grand Prix,MAG,20,Haas F1 Team,18.0,12.0,0.0,0,+1 Lap,18.0,74.318,,,,0.0
2017,7,Canadian Grand Prix,Canada,2017-06-11 18:00:00,Canadian Grand Prix,ERI,9,Sauber,19.0,13.0,0.0,0,+1 Lap,19.0,74.495,,,,0.0
2017,7,Canadian Grand Prix,Canada,2017-06-11 18:00:00,Canadian Grand Prix,VAN,2,McLaren,16.0,14.0,0.0,0,+1 Lap,16.0,74.182,,,,0.0
2017,7,Canadian Grand Prix,Canada,2017-06-11 18:00:00,Canadian Grand Prix,WEH,94,Sauber,20.0,15.0,0.0,0,+2 Laps,20.0,74.81,,,,0.0
2017,7,Canadian Grand Prix,Canada,2017-06-11 18:00:00,Canadian Grand Prix,ALO,14,McLaren,12.0,16.0,0.0,1,Power Unit,12.0,73.669,73.693,,,0.0
2017,7,Canadian Grand Prix,Canada,2017-06-11 18:00:00,Canadian Grand Prix,KVY,26,Toro Rosso,11.0,17.0,0.0,1,Power Unit,11.0,73.802,73.69,,,0.0
2017,7,Canadian Grand Prix,Canada,2017-06-11 18:00:00,Canadian Grand Prix,VER,33,Red Bull,5.0,18.0,0.0,1,Electrical,5.0,73.177,72.751,72.403,,0.0
2017,7,Canadian Grand Prix,Canada,2017-06-11 18:00:00,Canadian Grand Prix,MAS,19,Williams,7.0,19.0,0.0,1,Collision,7.0,73.435,73.012,72.858,,0.0
2017,7,Canadian Grand Prix,Canada,2017-06-11 18:00:00,Canadian Grand Prix,SAI,55,Toro Rosso,13.0,20.0,0.0,1,Collision,13.0,74.051,73.756,,,0.0
2017,8,Azerbaijan Grand Prix,Azerbaijan,2017-06-25 13:00:00,Azerbaijan Grand Prix,RIC,3,Red Bull,10.0,1.0,25.0,0,Finished,10.0,102.857,102.215,103.414,,0.0
2017,8,Azerbaijan Grand Prix,Azerbaijan,2017-06-25 13:00:00,Azerbaijan Grand Prix,BOT,77,Mercedes,2.0,2.0,18.0,0,Finished,2.0,103.026,101.502,101.027,,0.0
2017,8,Azerbaijan Grand Prix,Azerbaijan,2017-06-25 13:00:00,Azerbaijan Grand Prix,STR,18,Williams,8.0,3.0,15.0,0,Finished,8.0,103.613,102.284,102.753,,0.0
2017,8,Azerbaijan Grand Prix,Azerbaijan,2017-06-25 13:00:00,Azerbaijan Grand Prix,VET,5,Ferrari,4.0,4.0,12.0,0,Finished,4.0,102.952,101.911,101.841,,0.0
2017,8,Azerbaijan Grand Prix,Azerbaijan,2017-06-25 13:00:00,Azerbaijan Grand Prix,HAM,44,Mercedes,1.0,5.0,10.0,0,Finished,1.0,101.983,101.275,100.593,,0.0
2017,8,Azerbaijan Grand Prix,Azerbaijan,2017-06-25 13:00:00,Azerbaijan Grand Prix,OCO,31,Force India,7.0,6.0,8.0,0,Finished,7.0,103.051,102.751,102.186,,0.0
2017,8,Azerbaijan Grand Prix,Azerbaijan,2017-06-25 13:00:00,Azerbaijan Grand Prix,MAG,20,Haas F1 Team,12.0,7.0,6.0,0,Finished,13.0,104.029,103.796,,,0.0
2017,8,Azerbaijan Grand Prix,Azerbaijan,2017-06-25 13:00:00,Azerbaijan Grand Prix,SAI,55,Toro Rosso,15.0,8.0,4.0,0,Finished,12.0,103.489,103.347,,,0.0
2017,8,Azerbaijan Grand Prix,Azerbaijan,2017-06-25 13:00:00,Azerbaijan Grand Prix,ALO,14,McLaren,19.0,9.0,2.0,0,Finished,16.0,104.334,,,,0.0
2017,8,Azerbaijan Grand Prix,Azerbaijan,2017-06-25 13:00:00,Azerbaijan Grand Prix,WEH,94,Sauber,14.0,10.0,1.0,0,Finished,15.0,104.317,104.603,,,0.0
2017,8,Azerbaijan Grand Prix,Azerbaijan,2017-06-25 13:00:00,Azerbaijan Grand Prix,ERI,9,Sauber,17.0,11.0,0.0,0,Finished,18.0,104.795,,,,0.0
2017,8,Azerbaijan Grand Prix,Azerbaijan,2017-06-25 13:00:00,Azerbaijan Grand Prix,VAN,2,McLaren,18.0,12.0,0.0,0,Finished,19.0,105.03,,,,0.0
2017,8,Azerbaijan Grand Prix,Azerbaijan,2017-06-25 13:00:00,Azerbaijan Grand Prix,GRO,8,Haas F1 Team,16.0,13.0,0.0,0,+1 Lap,17.0,104.468,,,,0.0
2017,8,Azerbaijan Grand Prix,Azerbaijan,2017-06-25 13:00:00,Azerbaijan Grand Prix,RAI,7,Ferrari,3.0,14.0,0.0,1,Water pressure,3.0,102.678,102.09,101.693,,0.0
2017,8,Azerbaijan Grand Prix,Azerbaijan,2017-06-25 13:00:00,Azerbaijan Grand Prix,PER,11,Force India,6.0,15.0,0.0,1,Seat,6.0,103.162,102.467,102.111,,0.0
2017,8,Azerbaijan Grand Prix,Azerbaijan,2017-06-25 13:00:00,Azerbaijan Grand Prix,MAS,19,Williams,9.0,16.0,0.0,1,Suspension,9.0,103.165,102.735,102.798,,0.0
2017,8,Azerbaijan Grand Prix,Azerbaijan,2017-06-25 13:00:00,Azerbaijan Grand Prix,HUL,27,Renault,13.0,17.0,0.0,1,Accident,14.0,103.93,104.267,,,0.0
2017,8,Azerbaijan Grand Prix,Azerbaijan,2017-06-25 13:00:00,Azerbaijan Grand Prix,VER,33,Red Bull,5.0,18.0,0.0,1,Oil pressure,5.0,102.544,101.961,101.879,,0.0
2017,8,Azerbaijan Grand Prix,Azerbaijan,2017-06-25 13:00:00,Azerbaijan Grand Prix,KVY,26,Toro Rosso,11.0,19.0,0.0,1,Battery,11.0,102.927,103.186,,,0.0
2017,8,Azerbaijan Grand Prix,Azerbaijan,2017-06-25 13:00:00,Azerbaijan Grand Prix,PAL,30,Renault,20.0,20.0,0.0,1,Power Unit,,,,,,0.0
2017,9,Austrian Grand Prix,Austria,2017-07-09 12:00:00,Austrian Grand Prix,BOT,77,Mercedes,1.0,1.0,25.0,0,Finished,1.0,65.76,64.316,64.251,,0.0
2017,9,Austrian Grand Prix,Austria,2017-07-09 12:00:00,Austrian Grand Prix,VET,5,Ferrari,2.0,2.0,18.0,0,Finished,2.0,65.585,64.772,64.293,,0.0
2017,9,Austrian Grand Prix,Austria,2017-07-09 12:00:00,Austrian Grand Prix,RIC,3,Red Bull,4.0,3.0,15.0,0,Finished,5.0,65.854,65.161,64.896,,0.0
2017,9,Austrian Grand Prix,Austria,2017-07-09 12:00:00,Austrian Grand Prix,HAM,44,Mercedes,8.0,4.0,12.0,0,Finished,3.0,65.064,64.8,64.424,,0.0
2017,9,Austrian Grand Prix,Austria,2017-07-09 12:00:00,Austrian Grand Prix,RAI,7,Ferrari,3.0,5.0,10.0,0,Finished,4.0,65.148,65.004,64.779,,0.0
2017,9,Austrian Grand Prix,Austria,2017-07-09 12:00:00,Austrian Grand Prix,GRO,8,Haas F1 Team,6.0,6.0,8.0,0,Finished,7.0,65.902,65.319,65.48,,0.0
2017,9,Austrian Grand Prix,Austria,2017-07-09 12:00:00,Austrian Grand Prix,PER,11,Force India,7.0,7.0,6.0,0,+1 Lap,8.0,65.975,65.435,65.605,,0.0
2017,9,Austrian Grand Prix,Austria,2017-07-09 12:00:00,Austrian Grand Prix,OCO,31,Force India,9.0,8.0,4.0,0,+1 Lap,9.0,66.033,65.55,65.674,,0.0
2017,9,Austrian Grand Prix,Austria,2017-07-09 12:00:00,Austrian Grand Prix,MAS,19,Williams,17.0,9.0,2.0,0,+1 Lap,17.0,66.534,,,,0.0
2017,9,Austrian Grand Prix,Austria,2017-07-09 12:00:00,Austrian Grand Prix,STR,18,Williams,18.0,10.0,1.0,0,+1 Lap,18.0,66.608,,,,0.0
2017,9,Austrian Grand Prix,Austria,2017-07-09 12:00:00,Austrian Grand Prix,PAL,30,Renault,16.0,11.0,0.0,0,+1 Lap,16.0,66.345,,,,0.0
2017,9,Austrian Grand Prix,Austria,2017-07-09 12:00:00,Austrian Grand Prix,VAN,2,McLaren,13.0,12.0,0.0,0,+1 Lap,13.0,66.316,65.741,,,0.0
2017,9,Austrian Grand Prix,Austria,2017-07-09 12:00:00,Austrian Grand Prix,HUL,27,Renault,11.0,13.0,0.0,0,+1 Lap,11.0,66.174,65.597,,,0.0
2017,9,Austrian Grand Prix,Austria,2017-07-09 12:00:00,Austrian Grand Prix,WEH,94,Sauber,20.0,14.0,0.0,0,+1 Lap,20.0,67.011,,,,0.0
2017,9,Austrian Grand Prix,Austria,2017-07-09 12:00:00,Austrian Grand Prix,ERI,9,Sauber,19.0,15.0,0.0,0,+2 Laps,19.0,66.857,,,,0.0
2017,9,Austrian Grand Prix,Austria,2017-07-09 12:00:00,Austrian Grand Prix,KVY,26,Toro Rosso,14.0,16.0,0.0,0,+3 Laps,14.0,65.99,65.884,,,0.0
2017,9,Austrian Grand Prix,Austria,2017-07-09 12:00:00,Austrian Grand Prix,SAI,55,Toro Rosso,10.0,17.0,0.0,1,Engine,10.0,65.675,65.544,65.726,,0.0
2017,9,Austrian Grand Prix,Austria,2017-07-09 12:00:00,Austrian Grand Prix,MAG,20,Haas F1 Team,15.0,18.0,0.0,1,Hydraulics,15.0,66.143,,,,0.0
2017,9,Austrian Grand Prix,Austria,2017-07-09 12:00:00,Austrian Grand Prix,ALO,14,McLaren,12.0,19.0,0.0,1,Collision damage,12.0,66.158,65.602,,,0.0
2017,9,Austrian Grand Prix,Austria,2017-07-09 12:00:00,Austrian Grand Prix,VER,33,Red Bull,5.0,20.0,0.0,1,Collision damage,6.0,65.779,64.948,64.983,,0.0
2017,10,British Grand Prix,UK,2017-07-16 12:00:00,British Grand Prix,HAM,44,Mercedes,1.0,1.0,25.0,0,Finished,1.0,99.069,87.893,86.6,,0.0
2017,10,British Grand Prix,UK,2017-07-16 12:00:00,British Grand Prix,BOT,77,Mercedes,9.0,2.0,18.0,0,Finished,4.0,99.698,88.732,87.376,,0.0
2017,10,British Grand Prix,UK,2017-07-16 12:00:00,British Grand Prix,RAI,7,Ferrari,2.0,3.0,15.0,0,Finished,2.0,100.455,88.992,87.147,,0.0
2017,10,British Grand Prix,UK,2017-07-16 12:00:00,British Grand Prix,VER,33,Red Bull,4.0,4.0,12.0,0,Finished,5.0,98.912,89.431,88.13,,0.0
2017,10,British Grand Prix,UK,2017-07-16 12:00:00,British Grand Prix,RIC,3,Red Bull,19.0,5.0,10.0,0,Finished,20.0,102.966,,,,0.0
2017,10,British Grand Prix,UK,2017-07-16 12:00:00,British Grand Prix,HUL,27,Renault,5.0,6.0,8.0,0,Finished,6.0,99.201,89.34,88.856,,0.0
2017,10,British Grand Prix,UK,2017-07-16 12:00:00,British Grand Prix,VET,5,Ferrari,3.0,7.0,6.0,0,Finished,3.0,99.962,88.978,87.356,,0.0
2017,10,British Grand Prix,UK,2017-07-16 12:00:00,British Grand Prix,OCO,31,Force India,7.0,8.0,4.0,0,+1 Lap,8.0,99.738,89.701,89.074,,0.0
2017,10,British Grand Prix,UK,2017-07-16 12:00:00,British Grand Prix,PER,11,Force India,6.0,9.0,2.0,0,+1 Lap,7.0,102.009,89.824,88.902,,0.0
2017,10,British Grand Prix,UK,2017-07-16 12:00:00,British Grand Prix,MAS,19,Williams,14.0,10.0,1.0,0,+1 Lap,15.0,101.874,91.482,,,0.0
2017,10,British Grand Prix,UK,2017-07-16 12:00:00,British Grand Prix,VAN,2,McLaren,8.0,11.0,0.0,0,+1 Lap,9.0,100.011,90.105,89.418,,0.0
2017,10,British Grand Prix,UK,2017-07-16 12:00:00,British Grand Prix,MAG,20,Haas F1 Team,16.0,12.0,0.0,0,+1 Lap,17.0,102.577,,,,0.0
2017,10,British Grand Prix,UK,2017-07-16 12:00:00,British Grand Prix,GRO,8,Haas F1 Team,10.0,13.0,0.0,0,+1 Lap,10.0,102.042,89.966,89.549,,0.0
2017,10,British Grand Prix,UK,2017-07-16 12:00:00,British Grand Prix,ERI,9,Sauber,18.0,14.0,0.0,0,+1 Lap,19.0,102.633,,,,0.0
2017,10,British Grand Prix,UK,2017-07-16 12:00:00,British Grand Prix,KVY,26,Toro Rosso,12.0,15.0,0.0,0,+1 Lap,12.0,101.726,90.355,,,0.0
2017,10,British Grand Prix,UK,2017-07-16 12:00:00,British Grand Prix,STR,18,Williams,15.0,16.0,0.0,0,+1 Lap,16.0,102.573,,,,0.0
2017,10,British Grand Prix,UK,2017-07-16 12:00:00,British Grand Prix,WEH,94,Sauber,17.0,17.0,0.0,0,+1 Lap,18.0,102.593,,,,0.0
2017,10,British Grand Prix,UK,2017-07-16 12:00:00,British Grand Prix,ALO,14,McLaren,20.0,18.0,0.0,1,Power Unit,13.0,97.598,90.6,,,0.0
2017,10,British Grand Prix,UK,2017-07-16 12:00:00,British Grand Prix,SAI,55,Toro Rosso,13.0,19.0,0.0,1,Collision damage,14.0,101.114,91.368,,,0.0
2017,10,British Grand Prix,UK,2017-07-16 12:00:00,British Grand Prix,PAL,30,Renault,11.0,20.0,0.0,1,Hydraulics,11.0,101.404,90.193,,,0.0
2017,11,Hungarian Grand Prix,Hungary,2017-07-30 12:00:00,Hungarian Grand Prix,VET,5,Ferrari,1.0,1.0,25.0,0,Finished,1.0,77.244,76.802,76.276,,0.0
2017,11,Hungarian Grand Prix,Hungary,2017-07-30 12:00:00,Hungarian Grand Prix,RAI,7,Ferrari,2.0,2.0,18.0,0,Finished,2.0,77.364,77.207,76.444,,0.0
2017,11,Hungarian Grand Prix,Hungary,2017-07-30 12:00:00,Hungarian Grand Prix,BOT,77,Mercedes,3.0,3.0,15.0,0,Finished,3.0,78.058,77.362,76.53,,0.0
2017,11,Hungarian Grand Prix,Hungary,2017-07-30 12:00:00,Hungarian Grand Prix,HAM,44,Mercedes,4.0,4.0,12.0,0,Finished,4.0,77.492,76.693,76.707,,0.0
2017,11,Hungarian Grand Prix,Hungary,2017-07-30 12:00:00,Hungarian Grand Prix,VER,33,Red Bull,5.0,5.0,10.0,0,Finished,5.0,77.266,77.028,76.797,,0.0
2017,11,Hungarian Grand Prix,Hungary,2017-07-30 12:00:00,Hungarian Grand Prix,ALO,14,McLaren,7.0,6.0,8.0,0,Finished,8.0,78.395,77.919,77.549,,0.0
2017,11,Hungarian Grand Prix,Hungary,2017-07-30 12:00:00,Hungarian Grand Prix,SAI,55,Toro Rosso,9.0,7.0,6.0,0,+1 Lap,10.0,78.948,78.311,78.912,,0.0
2017,11,Hungarian Grand Prix,Hungary,2017-07-30 12:00:00,Hungarian Grand Prix,PER,11,Force India,13.0,8.0,4.0,0,+1 Lap,14.0,79.095,78.639,,,0.0
2017,11,Hungarian Grand Prix,Hungary,2017-07-30 12:00:00,Hungarian Grand Prix,OCO,31,Force India,11.0,9.0,2.0,0,+1 Lap,12.0,78.843,78.495,,,0.0
2017,11,Hungarian Grand Prix,Hungary,2017-07-30 12:00:00,Hungarian Grand Prix,VAN,2,McLaren,8.0,10.0,1.0,0,+1 Lap,9.0,78.479,78.0,77.894,,0.0
2017,11,Hungarian Grand Prix,Hungary,2017-07-30 12:00:00,Hungarian Grand Prix,KVY,26,Toro Rosso,16.0,11.0,0.0,0,+1 Lap,13.0,78.702,78.538,,,0.0
2017,11,Hungarian Grand Prix,Hungary,2017-07-30 12:00:00,Hungarian Grand Prix,PAL,30,Renault,10.0,12.0,0.0,0,+1 Lap,11.0,78.699,78.415,,,0.0
2017,11,Hungarian Grand Prix,Hungary,2017-07-30 12:00:00,Hungarian Grand Prix,MAG,20,Haas F1 Team,15.0,13.0,0.0,0,+1 Lap,16.0,79.095,,,,0.0
2017,11,Hungarian Grand Prix,Hungary,2017-07-30 12:00:00,Hungarian Grand Prix,STR,18,Williams,17.0,14.0,0.0,0,+1 Lap,17.0,79.102,,,,0.0
2017,11,Hungarian Grand Prix,Hungary,2017-07-30 12:00:00,Hungarian Grand Prix,WEH,94,Sauber,18.0,15.0,0.0,0,+2 Laps,18.0,79.839,,,,0.0
2017,11,Hungarian Grand Prix,Hungary,2017-07-30 12:00:00,Hungarian Grand Prix,ERI,9,Sauber,20.0,16.0,0.0,0,+2 Laps,20.0,79.972,,,,0.0
2017,11,Hungarian Grand Prix,Hungary,2017-07-30 12:00:00,Hungarian Grand Prix,HUL,27,Renault,12.0,17.0,0.0,1,Brakes,7.0,78.137,77.655,77.468,,0.0
2017,11,Hungarian Grand Prix,Hungary,2017-07-30 12:00:00,Hungarian Grand Prix,DIR,40,Williams,19.0,18.0,0.0,1,Oil leak,19.0,79.868,,,,0.0
2017,11,Hungarian Grand Prix,Hungary,2017-07-30 12:00:00,Hungarian Grand Prix,GRO,8,Haas F1 Team,14.0,19.0,0.0,1,Wheel nut,15.0,79.085,78.771,,,0.0
2017,11,Hungarian Grand Prix,Hungary,2017-07-30 12:00:00,Hungarian Grand Prix,RIC,3,Red Bull,6.0,20.0,0.0,1,Collision,6.0,77.702,77.698,76.818,,0.0
2017,12,Belgian Grand Prix,Belgium,2017-08-27 12:00:00,Belgian Grand Prix,HAM,44,Mercedes,1.0,1.0,25.0,0,Finished,1.0,104.184,102.927,102.553,,0.0
2017,12,Belgian Grand Prix,Belgium,2017-08-27 12:00:00,Belgian Grand Prix,VET,5,Ferrari,2.0,2.0,18.0,0,Finished,2.0,104.275,103.987,102.795,,0.0
2017,12,Belgian Grand Prix,Belgium,2017-08-27 12:00:00,Belgian Grand Prix,RIC,3,Red Bull,6.0,3.0,15.0,0,Finished,6.0,105.114,104.224,103.863,,0.0
2017,12,Belgian Grand Prix,Belgium,2017-08-27 12:00:00,Belgian Grand Prix,RAI,7,Ferrari,4.0,4.0,12.0,0,Finished,4.0,104.729,103.7,103.27,,0.0
2017,12,Belgian Grand Prix,Belgium,2017-08-27 12:00:00,Belgian Grand Prix,BOT,77,Mercedes,3.0,5.0,10.0,0,Finished,3.0,104.773,103.249,103.094,,0.0
2017,12,Belgian Grand Prix,Belgium,2017-08-27 12:00:00,Belgian Grand Prix,HUL,27,Renault,7.0,6.0,8.0,0,Finished,7.0,105.28,104.988,104.982,,0.0
2017,12,Belgian Grand Prix,Belgium,2017-08-27 12:00:00,Belgian Grand Prix,GRO,8,Haas F1 Team,11.0,7.0,6.0,0,Finished,12.0,105.728,105.133,,,0.0
2017,12,Belgian Grand Prix,Belgium,2017-08-27 12:00:00,Belgian Grand Prix,MAS,19,Williams,16.0,8.0,4.0,0,Finished,16.0,105.823,,,,0.0
2017,12,Belgian Grand Prix,Belgium,2017-08-27 12:00:00,Belgian Grand Prix,OCO,31,Force India,9.0,9.0,2.0,0,Finished,9.0,105.277,105.006,105.369,,0.0
2017,12,Belgian Grand Prix,Belgium,2017-08-27 12:00:00,Belgian Grand Prix,SAI,55,Toro Rosso,13.0,10.0,1.0,0,Finished,14.0,105.374,105.439,,,0.0
2017,12,Belgian Grand Prix,Belgium,2017-08-27 12:00:00,Belgian Grand Prix,STR,18,Williams,15.0,11.0,0.0,0,Finished,18.0,106.915,,,,0.0
2017,12,Belgian Grand Prix,Belgium,2017-08-27 12:00:00,Belgian Grand Prix,KVY,26,Toro Rosso,19.0,12.0,0.0,0,Finished,17.0,106.028,,,,0.0
2017,12,Belgian Grand Prix,Belgium,2017-08-27 12:00:00,Belgian Grand Prix,PAL,30,Renault,14.0,13.0,0.0,0,Finished,10.0,105.447,104.685,,,0.0
2017,12,Belgian Grand Prix,Belgium,2017-08-27 12:00:00,Belgian Grand Prix,VAN,2,McLaren,20.0,14.0,0.0,0,Finished,15.0,105.441,,,,0.0
2017,12,Belgian Grand Prix,Belgium,2017-08-27 12:00:00,Belgian Grand Prix,MAG,20,Haas F1 Team,12.0,15.0,0.0,0,Finished,13.0,105.535,105.4,,,0.0
2017,12,Belgian Grand Prix,Belgium,2017-08-27 12:00:00,Belgian Grand Prix,ERI,9,Sauber,17.0,16.0,0.0,0,Finished,19.0,107.214,,,,0.0
2017,12,Belgian Grand Prix,Belgium,2017-08-27 12:00:00,Belgian Grand Prix,PER,11,Force India,8.0,17.0,0.0,1,Gearbox,8.0,105.591,104.894,105.244,,0.0
2017,12,Belgian Grand Prix,Belgium,2017-08-27 12:00:00,Belgian Grand Prix,ALO,14,McLaren,10.0,18.0,0.0,1,Engine,11.0,105.668,105.09,,,0.0
2017,12,Belgian Grand Prix,Belgium,2017-08-27 12:00:00,Belgian Grand Prix,VER,33,Red Bull,5.0,19.0,0.0,1,Engine,5.0,104.535,103.94,103.38,,0.0
2017,12,Belgian Grand Prix,Belgium,2017-08-27 12:00:00,Belgian Grand Prix,WEH,94,Sauber,18.0,20.0,0.0,1,Collision,20.0,107.679,,,,0.0
2017,13,Italian Grand Prix,Italy,2017-09-03 12:00:00,Italian Grand Prix,HAM,44,Mercedes,1.0,1.0,25.0,0,Finished,1.0,96.009,94.66,95.554,,0.0
2017,13,Italian Grand Prix,Italy,2017-09-03 12:00:00,Italian Grand Prix,BOT,77,Mercedes,4.0,2.0,18.0,0,Finished,6.0,95.716,95.396,97.833,,0.0
2017,13,Italian Grand Prix,Italy,2017-09-03 12:00:00,Italian Grand Prix,VET,5,Ferrari,6.0,3.0,15.0,0,Finished,8.0,97.198,96.223,98.064,,0.0
2017,13,Italian Grand Prix,Italy,2017-09-03 12:00:00,Italian Grand Prix,RIC,3,Red Bull,16.0,4.0,12.0,0,Finished,3.0,98.304,97.313,96.841,,0.0
2017,13,Italian Grand Prix,Italy,2017-09-03 12:00:00,Italian Grand Prix,RAI,7,Ferrari,5.0,5.0,10.0,0,Finished,7.0,98.235,97.031,97.987,,0.0
2017,13,Italian Grand Prix,Italy,2017-09-03 12:00:00,Italian Grand Prix,OCO,31,Force India,3.0,6.0,8.0,0,Finished,5.0,98.775,97.58,97.719,,0.0
2017,13,Italian Grand Prix,Italy,2017-09-03 12:00:00,Italian Grand Prix,STR,18,Williams,2.0,7.0,6.0,0,Finished,4.0,97.653,97.002,97.032,,0.0
2017,13,Italian Grand Prix,Italy,2017-09-03 12:00:00,Italian Grand Prix,MAS,19,Williams,7.0,8.0,4.0,0,Finished,9.0,98.338,97.456,98.251,,0.0
2017,13,Italian Grand Prix,Italy,2017-09-03 12:00:00,Italian Grand Prix,PER,11,Force India,10.0,9.0,2.0,0,Finished,11.0,98.511,97.582,,,0.0
2017,13,Italian Grand Prix,Italy,2017-09-03 12:00:00,Italian Grand Prix,VER,33,Red Bull,13.0,10.0,1.0,0,+1 Lap,2.0,97.344,96.113,96.702,,0.0
2017,13,Italian Grand Prix,Italy,2017-09-03 12:00:00,Italian Grand Prix,MAG,20,Haas F1 Team,9.0,11.0,0.0,0,+1 Lap,16.0,100.489,,,,0.0
2017,13,Italian Grand Prix,Italy,2017-09-03 12:00:00,Italian Grand Prix,KVY,26,Toro Rosso,8.0,12.0,0.0,0,+1 Lap,14.0,99.183,98.245,,,0.0
2017,13,Italian Grand Prix,Italy,2017-09-03 12:00:00,Italian Grand Prix,HUL,27,Renault,14.0,13.0,0.0,0,+1 Lap,12.0,99.242,98.059,,,0.0
2017,13,Italian Grand Prix,Italy,2017-09-03 12:00:00,Italian Grand Prix,SAI,55,Toro Rosso,15.0,14.0,0.0,0,+1 Lap,15.0,99.788,98.526,,,0.0
2017,13,Italian Grand Prix,Italy,2017-09-03 12:00:00,Italian Grand Prix,GRO,8,Haas F1 Team,20.0,15.0,0.0,0,+1 Lap,20.0,103.355,,,,0.0
2017,13,Italian Grand Prix,Italy,2017-09-03 12:00:00,Italian Grand Prix,WEH,94,Sauber,12.0,16.0,0.0,0,+2 Laps,19.0,101.875,,,,0.0
2017,13,Italian Grand Prix,Italy,2017-09-03 12:00:00,Italian Grand Prix,ALO,14,McLaren,19.0,17.0,0.0,1,Gearbox,13.0,99.134,98.202,,,0.0
2017,13,Italian Grand Prix,Italy,2017-09-03 12:00:00,Italian Grand Prix,ERI,9,Sauber,11.0,18.0,0.0,1,Gearbox,18.0,101.732,,,,0.0
2017,13,Italian Grand Prix,Italy,2017-09-03 12:00:00,Italian Grand Prix,VAN,2,McLaren,18.0,19.0,0.0,1,Engine,10.0,98.767,97.471,99.157,,0.0
2017,13,Italian Grand Prix,Italy,2017-09-03 12:00:00,Italian Grand Prix,PAL,30,Renault,17.0,20.0,0.0,1,Engine,17.0,100.646,,,,0.0
2017,14,Singapore Grand Prix,Singapore,2017-09-17 12:00:00,Singapore Grand Prix,HAM,44,Mercedes,5.0,1.0,25.0,0,Finished,5.0,102.455,100.577,100.126,,0.0
2017,14,Singapore Grand Prix,Singapore,2017-09-17 12:00:00,Singapore Grand Prix,RIC,3,Red Bull,3.0,2.0,18.0,0,Finished,3.0,102.063,100.385,99.84,,0.0
2017,14,Singapore Grand Prix,Singapore,2017-09-17 12:00:00,Singapore Grand Prix,BOT,77,Mercedes,6.0,3.0,15.0,0,Finished,6.0,103.137,101.409,100.81,,0.0
2017,14,Singapore Grand Prix,Singapore,2017-09-17 12:00:00,Singapore Grand Prix,SAI,55,Toro Rosso,10.0,4.0,12.0,0,Finished,10.0,102.176,101.826,102.056,,0.0
2017,14,Singapore Grand Prix,Singapore,2017-09-17 12:00:00,Singapore Grand Prix,PER,11,Force India,12.0,5.0,10.0,0,Finished,12.0,103.594,102.246,,,0.0
2017,14,Singapore Grand Prix,Singapore,2017-09-17 12:00:00,Singapore Grand Prix,PAL,30,Renault,11.0,6.0,8.0,0,Finished,11.0,102.472,102.107,,,0.0
2017,14,Singapore Grand Prix,Singapore,2017-09-17 12:00:00,Singapore Grand Prix,VAN,2,McLaren,9.0,7.0,6.0,0,Finished,9.0,102.222,101.227,101.398,,0.0
2017,14,Singapore Grand Prix,Singapore,2017-09-17 12:00:00,Singapore Grand Prix,STR,18,Williams,18.0,8.0,4.0,0,Finished,18.0,104.728,,,,0.0
2017,14,Singapore Grand Prix,Singapore,2017-09-17 12:00:00,Singapore Grand Prix,GRO,8,Haas F1 Team,15.0,9.0,2.0,0,Finished,15.0,103.627,103.883,,,0.0
2017,14,Singapore Grand Prix,Singapore,2017-09-17 12:00:00,Singapore Grand Prix,OCO,31,Force India,14.0,10.0,1.0,0,Finished,14.0,103.626,102.76,,,0.0
2017,14,Singapore Grand Prix,Singapore,2017-09-17 12:00:00,Singapore Grand Prix,MAS,19,Williams,17.0,11.0,0.0,0,Finished,17.0,104.014,,,,0.0
2017,14,Singapore Grand Prix,Singapore,2017-09-17 12:00:00,Singapore Grand Prix,WEH,94,Sauber,19.0,12.0,0.0,0,+2 Laps,19.0,105.059,,,,0.0
2017,14,Singapore Grand Prix,Singapore,2017-09-17 12:00:00,Singapore Grand Prix,MAG,20,Haas F1 Team,16.0,13.0,0.0,1,Engine,16.0,103.756,,,,0.0
2017,14,Singapore Grand Prix,Singapore,2017-09-17 12:00:00,Singapore Grand Prix,HUL,27,Renault,7.0,14.0,0.0,1,Engine,7.0,102.586,101.277,101.013,,0.0
2017,14,Singapore Grand Prix,Singapore,2017-09-17 12:00:00,Singapore Grand Prix,ERI,9,Sauber,20.0,15.0,0.0,1,Accident,20.0,105.57,,,,0.0
2017,14,Singapore Grand Prix,Singapore,2017-09-17 12:00:00,Singapore Grand Prix,KVY,26,Toro Rosso,13.0,16.0,0.0,1,Accident,13.0,102.544,102.338,,,0.0
2017,14,Singapore Grand Prix,Singapore,2017-09-17 12:00:00,Singapore Grand Prix,ALO,14,McLaren,8.0,17.0,0.0,1,Collision damage,8.0,102.086,101.442,101.179,,0.0
2017,14,Singapore Grand Prix,Singapore,2017-09-17 12:00:00,Singapore Grand Prix,VET,5,Ferrari,1.0,18.0,0.0,1,Accident,1.0,103.336,100.529,99.491,,0.0
2017,14,Singapore Grand Prix,Singapore,2017-09-17 12:00:00,Singapore Grand Prix,VER,33,Red Bull,2.0,19.0,0.0,1,Accident,2.0,102.01,100.332,99.814,,0.0
2017,14,Singapore Grand Prix,Singapore,2017-09-17 12:00:00,Singapore Grand Prix,RAI,7,Ferrari,4.0,20.0,0.0,1,Accident,4.0,103.328,100.525,100.069,,0.0
2017,15,Malaysian Grand Prix,Malaysia,2017-10-01 07:00:00,Malaysian Grand Prix,VER,33,Red Bull,3.0,1.0,25.0,0,Finished,3.0,91.92,90.931,90.541,,0.0
2017,15,Malaysian Grand Prix,Malaysia,2017-10-01 07:00:00,Malaysian Grand Prix,HAM,44,Mercedes,1.0,2.0,18.0,0,Finished,1.0,91.605,90.977,90.076,,0.0
2017,15,Malaysian Grand Prix,Malaysia,2017-10-01 07:00:00,Malaysian Grand Prix,RIC,3,Red Bull,4.0,3.0,15.0,0,Finished,4.0,92.416,91.061,90.595,,0.0
2017,15,Malaysian Grand Prix,Malaysia,2017-10-01 07:00:00,Malaysian Grand Prix,VET,5,Ferrari,20.0,4.0,12.0,0,Finished,20.0,,,,,0.0
2017,15,Malaysian Grand Prix,Malaysia,2017-10-01 07:00:00,Malaysian Grand Prix,BOT,77,Mercedes,5.0,5.0,10.0,0,Finished,5.0,92.254,90.803,90.758,,0.0
2017,15,Malaysian Grand Prix,Malaysia,2017-10-01 07:00:00,Malaysian Grand Prix,PER,11,Force India,9.0,6.0,8.0,0,Finished,9.0,92.768,91.484,91.658,,0.0
2017,15,Malaysian Grand Prix,Malaysia,2017-10-01 07:00:00,Malaysian Grand Prix,VAN,2,McLaren,7.0,7.0,6.0,0,+1 Lap,7.0,92.838,91.848,91.582,,0.0
2017,15,Malaysian Grand Prix,Malaysia,2017-10-01 07:00:00,Malaysian Grand Prix,STR,18,Williams,13.0,8.0,4.0,0,+1 Lap,13.0,93.0,92.307,,,0.0
2017,15,Malaysian Grand Prix,Malaysia,2017-10-01 07:00:00,Malaysian Grand Prix,MAS,19,Williams,11.0,9.0,2.0,0,+1 Lap,11.0,92.267,92.034,,,0.0
2017,15,Malaysian Grand Prix,Malaysia,2017-10-01 07:00:00,Malaysian Grand Prix,OCO,31,Force India,6.0,10.0,1.0,0,+1 Lap,6.0,92.527,91.651,91.478,,0.0
2017,15,Malaysian Grand Prix,Malaysia,2017-10-01 07:00:00,Malaysian Grand Prix,ALO,14,McLaren,10.0,11.0,0.0,0,+1 Lap,10.0,93.049,92.01,91.704,,0.0
2017,15,Malaysian Grand Prix,Malaysia,2017-10-01 07:00:00,Malaysian Grand Prix,MAG,20,Haas F1 Team,17.0,12.0,0.0,0,+1 Lap,17.0,93.434,,,,0.0
2017,15,Malaysian Grand Prix,Malaysia,2017-10-01 07:00:00,Malaysian Grand Prix,GRO,8,Haas F1 Team,16.0,13.0,0.0,0,+1 Lap,16.0,93.308,,,,0.0
2017,15,Malaysian Grand Prix,Malaysia,2017-10-01 07:00:00,Malaysian Grand Prix,GAS,10,Toro Rosso,15.0,14.0,0.0,0,+1 Lap,15.0,92.547,92.558,,,0.0
2017,15,Malaysian Grand Prix,Malaysia,2017-10-01 07:00:00,Malaysian Grand Prix,PAL,30,Renault,12.0,15.0,0.0,0,+1 Lap,12.0,92.576,92.1,,,0.0
2017,15,Malaysian Grand Prix,Malaysia,2017-10-01 07:00:00,Malaysian Grand Prix,HUL,27,Renault,8.0,16.0,0.0,0,+1 Lap,8.0,92.586,91.778,91.607,,0.0
2017,15,Malaysian Grand Prix,Malaysia,2017-10-01 07:00:00,Malaysian Grand Prix,WEH,94,Sauber,18.0,17.0,0.0,0,+1 Lap,18.0,93.483,,,,0.0
2017,15,Malaysian Grand Prix,Malaysia,2017-10-01 07:00:00,Malaysian Grand Prix,ERI,9,Sauber,19.0,18.0,0.0,0,+2 Laps,19.0,93.97,,,,0.0
2017,15,Malaysian Grand Prix,Malaysia,2017-10-01 07:00:00,Malaysian Grand Prix,SAI,55,Toro Rosso,14.0,19.0,0.0,1,Engine,14.0,92.65,92.402,,,0.0
2017,15,Malaysian Grand Prix,Malaysia,2017-10-01 07:00:00,Malaysian Grand Prix,RAI,7,Ferrari,20.0,20.0,0.0,1,Battery,2.0,92.259,90.926,90.121,,0.0
2017,16,Japanese Grand Prix,Japan,2017-10-08 05:00:00,Japanese Grand Prix,HAM,44,Mercedes,1.0,1.0,25.0,0,Finished,1.0,89.047,87.819,87.319,,0.0
2017,16,Japanese Grand Prix,Japan,2017-10-08 05:00:00,Japanese Grand Prix,VER,33,Red Bull,4.0,2.0,18.0,0,Finished,5.0,89.181,88.747,88.332,,0.0
2017,16,Japanese Grand Prix,Japan,2017-10-08 05:00:00,Japanese Grand Prix,RIC,3,Red Bull,3.0,3.0,15.0,0,Finished,4.0,89.475,88.935,88.306,,0.0
2017,16,Japanese Grand Prix,Japan,2017-10-08 05:00:00,Japanese Grand Prix,BOT,77,Mercedes,6.0,4.0,12.0,0,Finished,2.0,89.332,88.543,87.651,,0.0
2017,16,Japanese Grand Prix,Japan,2017-10-08 05:00:00,Japanese Grand Prix,RAI,7,Ferrari,10.0,5.0,10.0,0,Finished,6.0,89.163,89.079,88.498,,0.0
2017,16,Japanese Grand Prix,Japan,2017-10-08 05:00:00,Japanese Grand Prix,OCO,31,Force India,5.0,6.0,8.0,0,Finished,7.0,90.115,89.199,89.111,,0.0
2017,16,Japanese Grand Prix,Japan,2017-10-08 05:00:00,Japanese Grand Prix,PER,11,Force India,7.0,7.0,6.0,0,Finished,8.0,89.696,89.343,89.26,,0.0
2017,16,Japanese Grand Prix,Japan,2017-10-08 05:00:00,Japanese Grand Prix,MAG,20,Haas F1 Team,12.0,8.0,4.0,0,Finished,13.0,90.774,89.972,,,0.0
2017,16,Japanese Grand Prix,Japan,2017-10-08 05:00:00,Japanese Grand Prix,GRO,8,Haas F1 Team,13.0,9.0,2.0,0,Finished,16.0,90.849,,,,0.0
2017,16,Japanese Grand Prix,Japan,2017-10-08 05:00:00,Japanese Grand Prix,MAS,19,Williams,8.0,10.0,1.0,0,+1 Lap,9.0,90.352,89.687,89.48,,0.0
2017,16,Japanese Grand Prix,Japan,2017-10-08 05:00:00,Japanese Grand Prix,ALO,14,McLaren,20.0,11.0,0.0,0,+1 Lap,10.0,90.525,89.749,90.687,,0.0
2017,16,Japanese Grand Prix,Japan,2017-10-08 05:00:00,Japanese Grand Prix,PAL,30,Renault,18.0,12.0,0.0,0,+1 Lap,14.0,90.516,90.022,,,0.0
2017,16,Japanese Grand Prix,Japan,2017-10-08 05:00:00,Japanese Grand Prix,GAS,10,Toro Rosso,14.0,13.0,0.0,0,+1 Lap,17.0,91.317,,,,0.0
2017,16,Japanese Grand Prix,Japan,2017-10-08 05:00:00,Japanese Grand Prix,VAN,2,McLaren,9.0,14.0,0.0,0,+1 Lap,11.0,90.654,89.778,,,0.0
2017,16,Japanese Grand Prix,Japan,2017-10-08 05:00:00,Japanese Grand Prix,WEH,94,Sauber,17.0,15.0,0.0,0,+2 Laps,20.0,91.885,,,,0.0
2017,16,Japanese Grand Prix,Japan,2017-10-08 05:00:00,Japanese Grand Prix,STR,18,Williams,15.0,16.0,0.0,1,Wheel,18.0,91.409,,,,0.0
2017,16,Japanese Grand Prix,Japan,2017-10-08 05:00:00,Japanese Grand Prix,HUL,27,Renault,11.0,17.0,0.0,1,Front wing,12.0,90.252,89.879,,,0.0
2017,16,Japanese Grand Prix,Japan,2017-10-08 05:00:00,Japanese Grand Prix,ERI,9,Sauber,16.0,18.0,0.0,1,Accident,19.0,91.597,,,,0.0
2017,16,Japanese Grand Prix,Japan,2017-10-08 05:00:00,Japanese Grand Prix,VET,5,Ferrari,2.0,19.0,0.0,1,Spark plugs,3.0,89.352,88.225,87.791,,0.0
2017,16,Japanese Grand Prix,Japan,2017-10-08 05:00:00,Japanese Grand Prix,SAI,55,Toro Rosso,19.0,20.0,0.0,1,Accident,15.0,90.565,90.413,,,0.0
2017,17,United States Grand Prix,USA,2017-10-22 19:00:00,United States Grand Prix,HAM,44,Mercedes,1.0,1.0,25.0,0,Finished,1.0,94.822,93.437,93.108,,0.0
2017,17,United States Grand Prix,USA,2017-10-22 19:00:00,United States Grand Prix,VET,5,Ferrari,2.0,2.0,18.0,0,Finished,2.0,95.42,94.103,93.347,,0.0
2017,17,United States Grand Prix,USA,2017-10-22 19:00:00,United States Grand Prix,RAI,7,Ferrari,5.0,3.0,15.0,0,Finished,5.0,95.649,93.84,93.577,,0.0
2017,17,United States Grand Prix,USA,2017-10-22 19:00:00,United States Grand Prix,VER,33,Red Bull,16.0,4.0,12.0,0,Finished,6.0,94.899,94.716,93.658,,0.0
2017,17,United States Grand Prix,USA,2017-10-22 19:00:00,United States Grand Prix,BOT,77,Mercedes,3.0,5.0,10.0,0,Finished,3.0,95.309,93.769,93.568,,0.0
2017,17,United States Grand Prix,USA,2017-10-22 19:00:00,United States Grand Prix,OCO,31,Force India,6.0,6.0,8.0,0,Finished,7.0,95.849,95.113,94.647,,0.0
2017,17,United States Grand Prix,USA,2017-10-22 19:00:00,United States Grand Prix,SAI,55,Renault,7.0,7.0,6.0,0,Finished,8.0,95.517,94.899,94.852,,0.0
2017,17,United States Grand Prix,USA,2017-10-22 19:00:00,United States Grand Prix,PER,11,Force India,9.0,8.0,4.0,0,+1 Lap,10.0,96.358,94.789,95.148,,0.0
2017,17,United States Grand Prix,USA,2017-10-22 19:00:00,United States Grand Prix,MAS,19,Williams,10.0,9.0,2.0,0,+1 Lap,11.0,95.603,95.155,,,0.0
2017,17,United States Grand Prix,USA,2017-10-22 19:00:00,United States Grand Prix,KVY,26,Toro Rosso,11.0,10.0,1.0,0,+1 Lap,12.0,96.073,95.529,,,0.0
2017,17,United States Grand Prix,USA,2017-10-22 19:00:00,United States Grand Prix,STR,18,Williams,15.0,11.0,0.0,0,+1 Lap,17.0,96.868,,,,0.0
2017,17,United States Grand Prix,USA,2017-10-22 19:00:00,United States Grand Prix,VAN,2,McLaren,20.0,12.0,0.0,0,+1 Lap,13.0,96.286,95.641,,,0.0
2017,17,United States Grand Prix,USA,2017-10-22 19:00:00,United States Grand Prix,HAR,39,Toro Rosso,19.0,13.0,0.0,0,+1 Lap,18.0,96.889,,,,0.0
2017,17,United States Grand Prix,USA,2017-10-22 19:00:00,United States Grand Prix,GRO,8,Haas F1 Team,12.0,14.0,0.0,0,+1 Lap,14.0,96.835,95.87,,,0.0
2017,17,United States Grand Prix,USA,2017-10-22 19:00:00,United States Grand Prix,ERI,9,Sauber,13.0,15.0,0.0,0,+1 Lap,16.0,96.842,,,,0.0
2017,17,United States Grand Prix,USA,2017-10-22 19:00:00,United States Grand Prix,MAG,20,Haas F1 Team,17.0,16.0,0.0,0,+1 Lap,20.0,97.394,,,,0.0
2017,17,United States Grand Prix,USA,2017-10-22 19:00:00,United States Grand Prix,ALO,14,McLaren,8.0,17.0,0.0,1,Engine,9.0,95.712,95.046,95.007,,0.0
2017,17,United States Grand Prix,USA,2017-10-22 19:00:00,United States Grand Prix,RIC,3,Red Bull,4.0,18.0,0.0,1,Engine,4.0,95.991,94.495,93.577,,0.0
2017,17,United States Grand Prix,USA,2017-10-22 19:00:00,United States Grand Prix,WEH,94,Sauber,14.0,19.0,0.0,1,Collision,19.0,97.179,,,,0.0
2017,17,United States Grand Prix,USA,2017-10-22 19:00:00,United States Grand Prix,HUL,27,Renault,18.0,20.0,0.0,1,Engine,15.0,95.74,,,,0.0
2017,18,Mexican Grand Prix,Mexico,2017-10-29 19:00:00,Mexican Grand Prix,VER,33,Red Bull,2.0,1.0,25.0,0,Finished,2.0,77.63,76.524,76.574,,0.0
2017,18,Mexican Grand Prix,Mexico,2017-10-29 19:00:00,Mexican Grand Prix,BOT,77,Mercedes,4.0,2.0,18.0,0,Finished,4.0,77.578,77.161,76.958,,0.0
2017,18,Mexican Grand Prix,Mexico,2017-10-29 19:00:00,Mexican Grand Prix,RAI,7,Ferrari,5.0,3.0,15.0,0,Finished,5.0,78.148,77.534,77.238,,0.0
2017,18,Mexican Grand Prix,Mexico,2017-10-29 19:00:00,Mexican Grand Prix,VET,5,Ferrari,1.0,4.0,12.0,0,Finished,1.0,77.665,76.87,76.488,,0.0
2017,18,Mexican Grand Prix,Mexico,2017-10-29 19:00:00,Mexican Grand Prix,OCO,31,Force India,6.0,5.0,10.0,0,+1 Lap,6.0,78.336,77.827,77.437,,0.0
2017,18,Mexican Grand Prix,Mexico,2017-10-29 19:00:00,Mexican Grand Prix,STR,18,Williams,11.0,6.0,8.0,0,+1 Lap,12.0,78.902,79.159,,,0.0
2017,18,Mexican Grand Prix,Mexico,2017-10-29 19:00:00,Mexican Grand Prix,PER,11,Force India,9.0,7.0,6.0,0,+1 Lap,10.0,78.02,77.868,77.807,,0.0
2017,18,Mexican Grand Prix,Mexico,2017-10-29 19:00:00,Mexican Grand Prix,MAG,20,Haas F1 Team,14.0,8.0,4.0,0,+1 Lap,18.0,79.443,,,,0.0
2017,18,Mexican Grand Prix,Mexico,2017-10-29 19:00:00,Mexican Grand Prix,HAM,44,Mercedes,3.0,9.0,2.0,0,+1 Lap,3.0,77.518,77.035,76.934,,0.0
2017,18,Mexican Grand Prix,Mexico,2017-10-29 19:00:00,Mexican Grand Prix,ALO,14,McLaren,18.0,10.0,1.0,0,+1 Lap,14.0,77.71,,,,0.0
2017,18,Mexican Grand Prix,Mexico,2017-10-29 19:00:00,Mexican Grand Prix,MAS,19,Williams,10.0,11.0,0.0,0,+1 Lap,11.0,78.57,78.099,,,0.0
2017,18,Mexican Grand Prix,Mexico,2017-10-29 19:00:00,Mexican Grand Prix,VAN,2,McLaren,19.0,12.0,0.0,0,+1 Lap,15.0,78.578,,,,0.0
2017,18,Mexican Grand Prix,Mexico,2017-10-29 19:00:00,Mexican Grand Prix,GAS,10,Toro Rosso,20.0,13.0,0.0,0,+1 Lap,,,,,,0.0
2017,18,Mexican Grand Prix,Mexico,2017-10-29 19:00:00,Mexican Grand Prix,WEH,94,Sauber,13.0,14.0,0.0,0,+2 Laps,17.0,79.333,,,,0.0
2017,18,Mexican Grand Prix,Mexico,2017-10-29 19:00:00,Mexican Grand Prix,GRO,8,Haas F1 Team,15.0,15.0,0.0,0,+2 Laps,19.0,79.473,,,,0.0
2017,18,Mexican Grand Prix,Mexico,2017-10-29 19:00:00,Mexican Grand Prix,SAI,55,Renault,8.0,16.0,0.0,1,Engine,9.0,78.405,77.753,77.794,,0.0
2017,18,Mexican Grand Prix,Mexico,2017-10-29 19:00:00,Mexican Grand Prix,ERI,9,Sauber,12.0,17.0,0.0,1,Engine,16.0,79.176,,,,0.0
2017,18,Mexican Grand Prix,Mexico,2017-10-29 19:00:00,Mexican Grand Prix,HAR,28,Toro Rosso,17.0,18.0,0.0,1,Engine,13.0,78.683,,,,0.0
2017,18,Mexican Grand Prix,Mexico,2017-10-29 19:00:00,Mexican Grand Prix,HUL,27,Renault,7.0,19.0,0.0,1,Electrical,8.0,78.322,77.792,77.466,,0.0
2017,18,Mexican Grand Prix,Mexico,2017-10-29 19:00:00,Mexican Grand Prix,RIC,3,Red Bull,16.0,20.0,0.0,1,Engine,7.0,78.208,77.631,77.447,,0.0
2017,19,Brazilian Grand Prix,Brazil,2017-11-12 16:00:00,Brazilian Grand Prix,VET,5,Ferrari,2.0,1.0,25.0,0,Finished,2.0,69.643,68.494,68.36,,0.0
2017,19,Brazilian Grand Prix,Brazil,2017-11-12 16:00:00,Brazilian Grand Prix,BOT,77,Mercedes,1.0,2.0,18.0,0,Finished,1.0,69.452,68.638,68.322,,0.0
2017,19,Brazilian Grand Prix,Brazil,2017-11-12 16:00:00,Brazilian Grand Prix,RAI,7,Ferrari,3.0,3.0,15.0,0,Finished,3.0,69.405,69.116,68.538,,0.0
2017,19,Brazilian Grand Prix,Brazil,2017-11-12 16:00:00,Brazilian Grand Prix,HAM,44,Mercedes,20.0,4.0,12.0,0,Finished,20.0,,,,,0.0
2017,19,Brazilian Grand Prix,Brazil,2017-11-12 16:00:00,Brazilian Grand Prix,VER,33,Red Bull,4.0,5.0,10.0,0,Finished,4.0,69.82,69.05,68.925,,0.0
2017,19,Brazilian Grand Prix,Brazil,2017-11-12 16:00:00,Brazilian Grand Prix,RIC,3,Red Bull,14.0,6.0,8.0,0,Finished,5.0,69.828,69.533,69.33,,0.0
2017,19,Brazilian Grand Prix,Brazil,2017-11-12 16:00:00,Brazilian Grand Prix,MAS,19,Williams,9.0,7.0,6.0,0,Finished,10.0,69.789,69.612,69.841,,0.0
2017,19,Brazilian Grand Prix,Brazil,2017-11-12 16:00:00,Brazilian Grand Prix,ALO,14,McLaren,6.0,8.0,4.0,0,Finished,7.0,70.172,69.593,69.617,,0.0
2017,19,Brazilian Grand Prix,Brazil,2017-11-12 16:00:00,Brazilian Grand Prix,PER,11,Force India,5.0,9.0,2.0,0,Finished,6.0,70.145,69.76,69.598,,0.0
2017,19,Brazilian Grand Prix,Brazil,2017-11-12 16:00:00,Brazilian Grand Prix,HUL,27,Renault,7.0,10.0,1.0,0,+1 Lap,8.0,70.078,69.726,69.703,,0.0
2017,19,Brazilian Grand Prix,Brazil,2017-11-12 16:00:00,Brazilian Grand Prix,SAI,55,Renault,8.0,11.0,0.0,0,+1 Lap,9.0,70.227,69.768,69.805,,0.0
2017,19,Brazilian Grand Prix,Brazil,2017-11-12 16:00:00,Brazilian Grand Prix,GAS,10,Toro Rosso,19.0,12.0,0.0,0,+1 Lap,17.0,70.686,,,,0.0
2017,19,Brazilian Grand Prix,Brazil,2017-11-12 16:00:00,Brazilian Grand Prix,ERI,9,Sauber,17.0,13.0,0.0,0,+1 Lap,19.0,70.875,,,,0.0
2017,19,Brazilian Grand Prix,Brazil,2017-11-12 16:00:00,Brazilian Grand Prix,WEH,94,Sauber,15.0,14.0,0.0,0,+1 Lap,16.0,70.678,,,,0.0
2017,19,Brazilian Grand Prix,Brazil,2017-11-12 16:00:00,Brazilian Grand Prix,GRO,8,Haas F1 Team,11.0,15.0,0.0,0,+2 Laps,12.0,70.148,69.879,,,0.0
2017,19,Brazilian Grand Prix,Brazil,2017-11-12 16:00:00,Brazilian Grand Prix,STR,18,Williams,16.0,16.0,0.0,0,+2 Laps,18.0,70.776,,,,0.0
2017,19,Brazilian Grand Prix,Brazil,2017-11-12 16:00:00,Brazilian Grand Prix,HAR,28,Toro Rosso,18.0,17.0,0.0,1,Engine,15.0,70.625,,,,0.0
2017,19,Brazilian Grand Prix,Brazil,2017-11-12 16:00:00,Brazilian Grand Prix,OCO,31,Force India,10.0,18.0,0.0,1,Accident,11.0,70.168,69.83,,,0.0
2017,19,Brazilian Grand Prix,Brazil,2017-11-12 16:00:00,Brazilian Grand Prix,VAN,2,McLaren,12.0,19.0,0.0,1,Accident,13.0,70.286,70.116,,,0.0
2017,19,Brazilian Grand Prix,Brazil,2017-11-12 16:00:00,Brazilian Grand Prix,MAG,20,Haas F1 Team,13.0,20.0,0.0,1,Accident,14.0,70.521,70.154,,,0.0
2017,20,Abu Dhabi Grand Prix,UAE,2017-11-26 13:00:00,Abu Dhabi Grand Prix,BOT,77,Mercedes,1.0,1.0,25.0,0,Finished,1.0,97.356,96.822,96.231,,0.0
2017,20,Abu Dhabi Grand Prix,UAE,2017-11-26 13:00:00,Abu Dhabi Grand Prix,HAM,44,Mercedes,2.0,2.0,18.0,0,Finished,2.0,97.391,96.742,96.403,,0.0
2017,20,Abu Dhabi Grand Prix,UAE,2017-11-26 13:00:00,Abu Dhabi Grand Prix,VET,5,Ferrari,3.0,3.0,15.0,0,Finished,3.0,97.817,97.023,96.777,,0.0
2017,20,Abu Dhabi Grand Prix,UAE,2017-11-26 13:00:00,Abu Dhabi Grand Prix,RAI,7,Ferrari,5.0,4.0,12.0,0,Finished,5.0,97.453,97.302,96.985,,0.0
2017,20,Abu Dhabi Grand Prix,UAE,2017-11-26 13:00:00,Abu Dhabi Grand Prix,VER,33,Red Bull,6.0,5.0,10.0,0,Finished,6.0,98.021,97.777,97.328,,0.0
2017,20,Abu Dhabi Grand Prix,UAE,2017-11-26 13:00:00,Abu Dhabi Grand Prix,HUL,27,Renault,7.0,6.0,8.0,0,Finished,7.0,98.781,98.138,98.282,,0.0
2017,20,Abu Dhabi Grand Prix,UAE,2017-11-26 13:00:00,Abu Dhabi Grand Prix,PER,11,Force India,8.0,7.0,6.0,0,Finished,8.0,98.601,98.359,98.374,,0.0
2017,20,Abu Dhabi Grand Prix,UAE,2017-11-26 13:00:00,Abu Dhabi Grand Prix,OCO,31,Force India,9.0,8.0,4.0,0,Finished,9.0,98.896,98.392,98.397,,0.0
2017,20,Abu Dhabi Grand Prix,UAE,2017-11-26 13:00:00,Abu Dhabi Grand Prix,ALO,14,McLaren,11.0,9.0,2.0,0,+1 Lap,11.0,98.82,98.636,,,0.0
2017,20,Abu Dhabi Grand Prix,UAE,2017-11-26 13:00:00,Abu Dhabi Grand Prix,MAS,19,Williams,10.0,10.0,1.0,0,+1 Lap,10.0,98.629,98.565,98.55,,0.0
2017,20,Abu Dhabi Grand Prix,UAE,2017-11-26 13:00:00,Abu Dhabi Grand Prix,GRO,8,Haas F1 Team,16.0,11.0,0.0,0,+1 Lap,16.0,99.516,,,,0.0
2017,20,Abu Dhabi Grand Prix,UAE,2017-11-26 13:00:00,Abu Dhabi Grand Prix,VAN,2,McLaren,13.0,12.0,0.0,0,+1 Lap,13.0,98.777,98.808,,,0.0
2017,20,Abu Dhabi Grand Prix,UAE,2017-11-26 13:00:00,Abu Dhabi Grand Prix,MAG,20,Haas F1 Team,14.0,13.0,0.0,0,+1 Lap,14.0,99.395,99.298,,,0.0
2017,20,Abu Dhabi Grand Prix,UAE,2017-11-26 13:00:00,Abu Dhabi Grand Prix,WEH,94,Sauber,18.0,14.0,0.0,0,+1 Lap,18.0,99.93,,,,0.0
2017,20,Abu Dhabi Grand Prix,UAE,2017-11-26 13:00:00,Abu Dhabi Grand Prix,HAR,28,Toro Rosso,20.0,15.0,0.0,0,+1 Lap,20.0,100.471,,,,0.0
2017,20,Abu Dhabi Grand Prix,UAE,2017-11-26 13:00:00,Abu Dhabi Grand Prix,GAS,10,Toro Rosso,17.0,16.0,0.0,0,+1 Lap,17.0,99.724,,,,0.0
2017,20,Abu Dhabi Grand Prix,UAE,2017-11-26 13:00:00,Abu Dhabi Grand Prix,ERI,9,Sauber,19.0,17.0,0.0,0,+1 Lap,19.0,99.994,,,,0.0
2017,20,Abu Dhabi Grand Prix,UAE,2017-11-26 13:00:00,Abu Dhabi Grand Prix,STR,18,Williams,15.0,18.0,0.0,0,+1 Lap,15.0,99.503,99.646,,,0.0
2017,20,Abu Dhabi Grand Prix,UAE,2017-11-26 13:00:00,Abu Dhabi Grand Prix,SAI,55,Renault,12.0,19.0,0.0,1,Wheel,12.0,98.81,98.725,,,0.0
2017,20,Abu Dhabi Grand Prix,UAE,2017-11-26 13:00:00,Abu Dhabi Grand Prix,RIC,3,Red Bull,4.0,20.0,0.0,1,Hydraulics,4.0,98.016,97.583,96.959,,0.0
2018,1,Australian Grand Prix,Australia,2018-03-25 00:00:00,Australian Grand Prix,VET,5,Ferrari,3.0,1.0,25.0,0,Finished,3.0,83.348,81.944,81.838,,0.0
2018,1,Australian Grand Prix,Australia,2018-03-25 00:00:00,Australian Grand Prix,HAM,44,Mercedes,1.0,2.0,18.0,0,Finished,1.0,82.824,82.051,81.164,,0.0
2018,1,Australian Grand Prix,Australia,2018-03-25 00:00:00,Australian Grand Prix,RAI,7,Ferrari,2.0,3.0,15.0,0,Finished,2.0,83.096,82.507,81.828,,0.0
2018,1,Australian Grand Prix,Australia,2018-03-25 00:00:00,Australian Grand Prix,RIC,3,Red Bull Racing,8.0,4.0,12.0,0,Finished,5.0,83.494,82.897,82.152,,0.0
2018,1,Australian Grand Prix,Australia,2018-03-25 00:00:00,Australian Grand Prix,ALO,14,McLaren,10.0,5.0,10.0,0,Finished,11.0,83.597,83.692,,,0.0
2018,1,Australian Grand Prix,Australia,2018-03-25 00:00:00,Australian Grand Prix,VER,33,Red Bull Racing,4.0,6.0,8.0,0,Finished,4.0,83.483,82.416,81.879,,0.0
2018,1,Australian Grand Prix,Australia,2018-03-25 00:00:00,Australian Grand Prix,HUL,27,Renault,7.0,7.0,6.0,0,Finished,8.0,83.782,83.544,83.532,,0.0
2018,1,Australian Grand Prix,Australia,2018-03-25 00:00:00,Australian Grand Prix,BOT,77,Mercedes,15.0,8.0,4.0,0,Finished,10.0,83.686,82.089,,,0.0
2018,1,Australian Grand Prix,Australia,2018-03-25 00:00:00,Australian Grand Prix,VAN,2,McLaren,11.0,9.0,2.0,0,Finished,12.0,84.073,83.853,,,0.0
2018,1,Australian Grand Prix,Australia,2018-03-25 00:00:00,Australian Grand Prix,SAI,55,Renault,9.0,10.0,1.0,0,Finished,9.0,83.529,83.061,83.577,,0.0
2018,1,Australian Grand Prix,Australia,2018-03-25 00:00:00,Australian Grand Prix,PER,11,Force India,12.0,11.0,0.0,0,Finished,13.0,84.344,84.005,,,0.0
2018,1,Australian Grand Prix,Australia,2018-03-25 00:00:00,Australian Grand Prix,OCO,31,Force India,14.0,12.0,0.0,0,Finished,15.0,84.503,84.786,,,0.0
2018,1,Australian Grand Prix,Australia,2018-03-25 00:00:00,Australian Grand Prix,LEC,16,Sauber,18.0,13.0,0.0,0,Finished,18.0,84.636,,,,0.0
2018,1,Australian Grand Prix,Australia,2018-03-25 00:00:00,Australian Grand Prix,STR,18,Williams,13.0,14.0,0.0,0,Finished,14.0,84.464,84.23,,,0.0
2018,1,Australian Grand Prix,Australia,2018-03-25 00:00:00,Australian Grand Prix,HAR,28,Toro Rosso,16.0,15.0,0.0,0,+1 Lap,16.0,84.532,,,,0.0
2018,1,Australian Grand Prix,Australia,2018-03-25 00:00:00,Australian Grand Prix,GRO,8,Haas F1 Team,6.0,16.0,0.0,1,Wheel,7.0,83.671,83.468,83.339,,0.0
2018,1,Australian Grand Prix,Australia,2018-03-25 00:00:00,Australian Grand Prix,MAG,20,Haas F1 Team,5.0,17.0,0.0,1,Wheel,6.0,83.909,83.3,83.187,,0.0
2018,1,Australian Grand Prix,Australia,2018-03-25 00:00:00,Australian Grand Prix,GAS,10,Toro Rosso,20.0,18.0,0.0,1,Engine,20.0,85.295,,,,0.0
2018,1,Australian Grand Prix,Australia,2018-03-25 00:00:00,Australian Grand Prix,ERI,9,Sauber,17.0,19.0,0.0,1,Steering,17.0,84.556,,,,0.0
2018,1,Australian Grand Prix,Australia,2018-03-25 00:00:00,Australian Grand Prix,SIR,35,Williams,19.0,20.0,0.0,1,Brakes,19.0,84.922,,,,0.0
2018,2,Bahrain Grand Prix,Bahrain,2018-04-08 00:00:00,Bahrain Grand Prix,VET,5,Ferrari,1.0,1.0,25.0,0,Finished,1.0,89.06,88.341,87.958,,0.0
2018,2,Bahrain Grand Prix,Bahrain,2018-04-08 00:00:00,Bahrain Grand Prix,BOT,77,Mercedes,3.0,2.0,18.0,0,Finished,3.0,89.275,88.794,88.124,,0.0
2018,2,Bahrain Grand Prix,Bahrain,2018-04-08 00:00:00,Bahrain Grand Prix,HAM,44,Mercedes,9.0,3.0,15.0,0,Finished,4.0,89.396,88.458,88.22,,0.0
2018,2,Bahrain Grand Prix,Bahrain,2018-04-08 00:00:00,Bahrain Grand Prix,GAS,10,Toro Rosso,5.0,4.0,12.0,0,Finished,6.0,90.121,89.836,89.329,,0.0
2018,2,Bahrain Grand Prix,Bahrain,2018-04-08 00:00:00,Bahrain Grand Prix,MAG,20,Haas F1 Team,6.0,5.0,10.0,0,Finished,7.0,89.594,89.623,89.358,,0.0
2018,2,Bahrain Grand Prix,Bahrain,2018-04-08 00:00:00,Bahrain Grand Prix,HUL,27,Renault,7.0,6.0,8.0,0,Finished,8.0,90.26,89.187,89.57,,0.0
2018,2,Bahrain Grand Prix,Bahrain,2018-04-08 00:00:00,Bahrain Grand Prix,ALO,14,McLaren,13.0,7.0,6.0,0,+1 Lap,13.0,90.53,90.212,,,0.0
2018,2,Bahrain Grand Prix,Bahrain,2018-04-08 00:00:00,Bahrain Grand Prix,VAN,2,McLaren,14.0,8.0,4.0,0,+1 Lap,14.0,90.479,90.525,,,0.0
2018,2,Bahrain Grand Prix,Bahrain,2018-04-08 00:00:00,Bahrain Grand Prix,ERI,9,Sauber,17.0,9.0,2.0,0,+1 Lap,17.0,91.063,,,,0.0
2018,2,Bahrain Grand Prix,Bahrain,2018-04-08 00:00:00,Bahrain Grand Prix,OCO,31,Force India,8.0,10.0,1.0,0,+1 Lap,9.0,90.338,90.009,89.874,,0.0
2018,2,Bahrain Grand Prix,Bahrain,2018-04-08 00:00:00,Bahrain Grand Prix,SAI,55,Renault,10.0,11.0,0.0,0,+1 Lap,10.0,89.893,89.802,89.986,,0.0
2018,2,Bahrain Grand Prix,Bahrain,2018-04-08 00:00:00,Bahrain Grand Prix,LEC,16,Sauber,19.0,12.0,0.0,0,+1 Lap,19.0,91.42,,,,0.0
2018,2,Bahrain Grand Prix,Bahrain,2018-04-08 00:00:00,Bahrain Grand Prix,GRO,8,Haas F1 Team,16.0,13.0,0.0,0,+1 Lap,16.0,90.53,,,,0.0
2018,2,Bahrain Grand Prix,Bahrain,2018-04-08 00:00:00,Bahrain Grand Prix,STR,18,Williams,20.0,14.0,0.0,0,+1 Lap,20.0,91.503,,,,0.0
2018,2,Bahrain Grand Prix,Bahrain,2018-04-08 00:00:00,Bahrain Grand Prix,SIR,35,Williams,18.0,15.0,0.0,0,+1 Lap,18.0,91.414,,,,0.0
2018,2,Bahrain Grand Prix,Bahrain,2018-04-08 00:00:00,Bahrain Grand Prix,PER,11,Force India,12.0,16.0,0.0,0,+1 Lap,12.0,90.218,90.156,,,0.0
2018,2,Bahrain Grand Prix,Bahrain,2018-04-08 00:00:00,Bahrain Grand Prix,HAR,28,Toro Rosso,11.0,17.0,0.0,0,+1 Lap,11.0,90.412,90.105,,,0.0
2018,2,Bahrain Grand Prix,Bahrain,2018-04-08 00:00:00,Bahrain Grand Prix,RAI,7,Ferrari,2.0,18.0,0.0,1,Wheel,2.0,88.951,88.515,88.101,,0.0
2018,2,Bahrain Grand Prix,Bahrain,2018-04-08 00:00:00,Bahrain Grand Prix,VER,33,Red Bull Racing,15.0,19.0,0.0,1,Puncture,15.0,89.374,,,,0.0
2018,2,Bahrain Grand Prix,Bahrain,2018-04-08 00:00:00,Bahrain Grand Prix,RIC,3,Red Bull Racing,4.0,20.0,0.0,1,Electrical,5.0,89.552,88.962,88.398,,0.0
2018,3,Chinese Grand Prix,China,2018-04-15 00:00:00,Chinese Grand Prix,RIC,3,Red Bull Racing,6.0,1.0,25.0,0,Finished,6.0,93.877,92.688,91.948,,0.0
2018,3,Chinese Grand Prix,China,2018-04-15 00:00:00,Chinese Grand Prix,BOT,77,Mercedes,3.0,2.0,18.0,0,Finished,3.0,92.921,92.063,91.625,,0.0
2018,3,Chinese Grand Prix,China,2018-04-15 00:00:00,Chinese Grand Prix,RAI,7,Ferrari,2.0,3.0,15.0,0,Finished,2.0,92.474,92.286,91.182,,0.0
2018,3,Chinese Grand Prix,China,2018-04-15 00:00:00,Chinese Grand Prix,HAM,44,Mercedes,4.0,4.0,12.0,0,Finished,4.0,93.283,91.914,91.675,,0.0
2018,3,Chinese Grand Prix,China,2018-04-15 00:00:00,Chinese Grand Prix,VER,33,Red Bull Racing,5.0,5.0,10.0,0,Finished,5.0,92.932,92.809,91.796,,0.0
2018,3,Chinese Grand Prix,China,2018-04-15 00:00:00,Chinese Grand Prix,HUL,27,Renault,7.0,6.0,8.0,0,Finished,7.0,93.545,92.494,92.532,,0.0
2018,3,Chinese Grand Prix,China,2018-04-15 00:00:00,Chinese Grand Prix,ALO,14,McLaren,13.0,7.0,6.0,0,Finished,13.0,93.428,93.232,,,0.0
2018,3,Chinese Grand Prix,China,2018-04-15 00:00:00,Chinese Grand Prix,VET,5,Ferrari,1.0,8.0,4.0,0,Finished,1.0,92.171,92.385,91.095,,0.0
2018,3,Chinese Grand Prix,China,2018-04-15 00:00:00,Chinese Grand Prix,SAI,55,Renault,9.0,9.0,2.0,0,Finished,9.0,93.315,92.97,92.819,,0.0
2018,3,Chinese Grand Prix,China,2018-04-15 00:00:00,Chinese Grand Prix,MAG,20,Haas F1 Team,11.0,10.0,1.0,0,Finished,11.0,93.359,92.986,,,0.0
2018,3,Chinese Grand Prix,China,2018-04-15 00:00:00,Chinese Grand Prix,OCO,31,Force India,12.0,11.0,0.0,0,Finished,12.0,93.585,93.057,,,0.0
2018,3,Chinese Grand Prix,China,2018-04-15 00:00:00,Chinese Grand Prix,PER,11,Force India,8.0,12.0,0.0,0,Finished,8.0,93.464,92.931,92.758,,0.0
2018,3,Chinese Grand Prix,China,2018-04-15 00:00:00,Chinese Grand Prix,VAN,2,McLaren,14.0,13.0,0.0,0,Finished,14.0,93.824,93.505,,,0.0
2018,3,Chinese Grand Prix,China,2018-04-15 00:00:00,Chinese Grand Prix,STR,18,Williams,18.0,14.0,0.0,0,Finished,18.0,94.285,,,,0.0
2018,3,Chinese Grand Prix,China,2018-04-15 00:00:00,Chinese Grand Prix,SIR,35,Williams,16.0,15.0,0.0,0,Finished,16.0,94.062,,,,0.0
2018,3,Chinese Grand Prix,China,2018-04-15 00:00:00,Chinese Grand Prix,ERI,9,Sauber,20.0,16.0,0.0,0,Finished,20.0,94.914,,,,0.0
2018,3,Chinese Grand Prix,China,2018-04-15 00:00:00,Chinese Grand Prix,GRO,8,Haas F1 Team,10.0,17.0,0.0,0,Finished,10.0,93.238,92.524,92.855,,0.0
2018,3,Chinese Grand Prix,China,2018-04-15 00:00:00,Chinese Grand Prix,GAS,10,Toro Rosso,17.0,18.0,0.0,0,Finished,17.0,94.101,,,,0.0
2018,3,Chinese Grand Prix,China,2018-04-15 00:00:00,Chinese Grand Prix,LEC,16,Sauber,19.0,19.0,0.0,0,Finished,19.0,94.454,,,,0.0
2018,3,Chinese Grand Prix,China,2018-04-15 00:00:00,Chinese Grand Prix,HAR,28,Toro Rosso,15.0,20.0,0.0,1,Collision damage,15.0,94.013,93.795,,,0.0
2018,4,Azerbaijan Grand Prix,Azerbaijan,2018-04-29 00:00:00,Azerbaijan Grand Prix,HAM,44,Mercedes,2.0,1.0,25.0,0,Finished,2.0,102.693,102.676,101.677,,0.0
2018,4,Azerbaijan Grand Prix,Azerbaijan,2018-04-29 00:00:00,Azerbaijan Grand Prix,RAI,7,Ferrari,6.0,2.0,18.0,0,Finished,6.0,102.538,102.51,102.49,,0.0
2018,4,Azerbaijan Grand Prix,Azerbaijan,2018-04-29 00:00:00,Azerbaijan Grand Prix,PER,11,Force India,8.0,3.0,15.0,0,Finished,8.0,103.992,103.366,102.547,,0.0
2018,4,Azerbaijan Grand Prix,Azerbaijan,2018-04-29 00:00:00,Azerbaijan Grand Prix,VET,5,Ferrari,1.0,4.0,12.0,0,Finished,1.0,102.762,103.015,101.498,,0.0
2018,4,Azerbaijan Grand Prix,Azerbaijan,2018-04-29 00:00:00,Azerbaijan Grand Prix,SAI,55,Renault,9.0,5.0,10.0,0,Finished,10.0,103.426,103.464,103.351,,0.0
2018,4,Azerbaijan Grand Prix,Azerbaijan,2018-04-29 00:00:00,Azerbaijan Grand Prix,LEC,16,Sauber,13.0,6.0,8.0,0,Finished,14.0,103.752,104.074,,,0.0
2018,4,Azerbaijan Grand Prix,Azerbaijan,2018-04-29 00:00:00,Azerbaijan Grand Prix,ALO,14,McLaren,12.0,7.0,6.0,0,Finished,13.0,104.01,104.019,,,0.0
2018,4,Azerbaijan Grand Prix,Azerbaijan,2018-04-29 00:00:00,Azerbaijan Grand Prix,STR,18,Williams,10.0,8.0,4.0,0,Finished,11.0,104.359,103.585,,,0.0
2018,4,Azerbaijan Grand Prix,Azerbaijan,2018-04-29 00:00:00,Azerbaijan Grand Prix,VAN,2,McLaren,16.0,9.0,2.0,0,Finished,16.0,104.489,,,,0.0
2018,4,Azerbaijan Grand Prix,Azerbaijan,2018-04-29 00:00:00,Azerbaijan Grand Prix,HAR,28,Toro Rosso,19.0,10.0,1.0,0,Finished,19.0,117.354,,,,0.0
2018,4,Azerbaijan Grand Prix,Azerbaijan,2018-04-29 00:00:00,Azerbaijan Grand Prix,ERI,9,Sauber,18.0,11.0,0.0,0,Finished,18.0,105.541,,,,0.0
2018,4,Azerbaijan Grand Prix,Azerbaijan,2018-04-29 00:00:00,Azerbaijan Grand Prix,GAS,10,Toro Rosso,17.0,12.0,0.0,0,Finished,17.0,104.496,,,,0.0
2018,4,Azerbaijan Grand Prix,Azerbaijan,2018-04-29 00:00:00,Azerbaijan Grand Prix,MAG,20,Haas F1 Team,15.0,13.0,0.0,0,Finished,15.0,103.674,104.759,,,0.0
2018,4,Azerbaijan Grand Prix,Azerbaijan,2018-04-29 00:00:00,Azerbaijan Grand Prix,BOT,77,Mercedes,3.0,14.0,0.0,1,Puncture,3.0,103.355,102.679,101.837,,0.0
2018,4,Azerbaijan Grand Prix,Azerbaijan,2018-04-29 00:00:00,Azerbaijan Grand Prix,GRO,8,Haas F1 Team,20.0,15.0,0.0,1,Accident,20.0,,,,,0.0
2018,4,Azerbaijan Grand Prix,Azerbaijan,2018-04-29 00:00:00,Azerbaijan Grand Prix,VER,33,Red Bull Racing,5.0,16.0,0.0,1,Collision,5.0,102.642,102.901,101.994,,0.0
2018,4,Azerbaijan Grand Prix,Azerbaijan,2018-04-29 00:00:00,Azerbaijan Grand Prix,RIC,3,Red Bull Racing,4.0,17.0,0.0,1,Collision,4.0,102.857,103.482,101.911,,0.0
2018,4,Azerbaijan Grand Prix,Azerbaijan,2018-04-29 00:00:00,Azerbaijan Grand Prix,HUL,27,Renault,14.0,18.0,0.0,1,Accident,9.0,103.746,103.232,103.066,,0.0
2018,4,Azerbaijan Grand Prix,Azerbaijan,2018-04-29 00:00:00,Azerbaijan Grand Prix,OCO,31,Force India,7.0,19.0,0.0,1,Collision,7.0,103.021,102.967,102.523,,0.0
2018,4,Azerbaijan Grand Prix,Azerbaijan,2018-04-29 00:00:00,Azerbaijan Grand Prix,SIR,35,Williams,11.0,20.0,0.0,1,Collision,12.0,104.261,103.886,,,0.0
2018,5,Spanish Grand Prix,Spain,2018-05-13 00:00:00,Spanish Grand Prix,HAM,44,Mercedes,1.0,1.0,25.0,0,Finished,1.0,77.633,77.166,76.173,,0.0
2018,5,Spanish Grand Prix,Spain,2018-05-13 00:00:00,Spanish Grand Prix,BOT,77,Mercedes,2.0,2.0,18.0,0,Finished,2.0,77.674,77.111,76.213,,0.0
2018,5,Spanish Grand Prix,Spain,2018-05-13 00:00:00,Spanish Grand Prix,VER,33,Red Bull Racing,5.0,3.0,15.0,0,Finished,5.0,77.411,77.266,76.816,,0.0
2018,5,Spanish Grand Prix,Spain,2018-05-13 00:00:00,Spanish Grand Prix,VET,5,Ferrari,3.0,4.0,12.0,0,Finished,3.0,77.031,76.802,76.305,,0.0
2018,5,Spanish Grand Prix,Spain,2018-05-13 00:00:00,Spanish Grand Prix,RIC,3,Red Bull Racing,6.0,5.0,10.0,0,Finished,6.0,77.623,77.638,76.818,,0.0
2018,5,Spanish Grand Prix,Spain,2018-05-13 00:00:00,Spanish Grand Prix,MAG,20,Haas F1 Team,7.0,6.0,8.0,0,+1 Lap,7.0,78.169,77.618,77.676,,0.0
2018,5,Spanish Grand Prix,Spain,2018-05-13 00:00:00,Spanish Grand Prix,SAI,55,Renault,9.0,7.0,6.0,0,+1 Lap,9.0,78.48,77.803,77.79,,0.0
2018,5,Spanish Grand Prix,Spain,2018-05-13 00:00:00,Spanish Grand Prix,ALO,14,McLaren,8.0,8.0,4.0,0,+1 Lap,8.0,78.276,78.1,77.721,,0.0
2018,5,Spanish Grand Prix,Spain,2018-05-13 00:00:00,Spanish Grand Prix,PER,11,Force India,15.0,9.0,2.0,0,+2 Laps,15.0,78.74,79.098,,,0.0
2018,5,Spanish Grand Prix,Spain,2018-05-13 00:00:00,Spanish Grand Prix,LEC,16,Sauber,14.0,10.0,1.0,0,+2 Laps,14.0,78.661,78.91,,,0.0
2018,5,Spanish Grand Prix,Spain,2018-05-13 00:00:00,Spanish Grand Prix,STR,18,Williams,18.0,11.0,0.0,0,+2 Laps,19.0,80.225,,,,0.0
2018,5,Spanish Grand Prix,Spain,2018-05-13 00:00:00,Spanish Grand Prix,HAR,28,Toro Rosso,20.0,12.0,0.0,0,+2 Laps,20.0,,,,,0.0
2018,5,Spanish Grand Prix,Spain,2018-05-13 00:00:00,Spanish Grand Prix,ERI,9,Sauber,17.0,13.0,0.0,0,+2 Laps,17.0,79.493,,,,0.0
2018,5,Spanish Grand Prix,Spain,2018-05-13 00:00:00,Spanish Grand Prix,SIR,35,Williams,19.0,14.0,0.0,0,+3 Laps,18.0,79.695,,,,0.0
2018,5,Spanish Grand Prix,Spain,2018-05-13 00:00:00,Spanish Grand Prix,VAN,2,McLaren,11.0,15.0,0.0,1,Gearbox,11.0,78.885,78.323,,,0.0
2018,5,Spanish Grand Prix,Spain,2018-05-13 00:00:00,Spanish Grand Prix,OCO,31,Force India,13.0,16.0,0.0,1,Oil leak,13.0,78.813,78.696,,,0.0
2018,5,Spanish Grand Prix,Spain,2018-05-13 00:00:00,Spanish Grand Prix,RAI,7,Ferrari,4.0,17.0,0.0,1,Turbo,4.0,77.483,77.071,76.612,,0.0
2018,5,Spanish Grand Prix,Spain,2018-05-13 00:00:00,Spanish Grand Prix,GRO,8,Haas F1 Team,10.0,18.0,0.0,1,Collision,10.0,78.305,77.699,77.835,,0.0
2018,5,Spanish Grand Prix,Spain,2018-05-13 00:00:00,Spanish Grand Prix,GAS,10,Toro Rosso,12.0,19.0,0.0,1,Collision,12.0,78.55,78.463,,,0.0
2018,5,Spanish Grand Prix,Spain,2018-05-13 00:00:00,Spanish Grand Prix,HUL,27,Renault,16.0,20.0,0.0,1,Collision,16.0,78.923,,,,0.0
2018,6,Monaco Grand Prix,Monaco,2018-05-27 00:00:00,Monaco Grand Prix,RIC,3,Red Bull Racing,1.0,1.0,25.0,0,Finished,1.0,72.013,71.278,70.81,,0.0
2018,6,Monaco Grand Prix,Monaco,2018-05-27 00:00:00,Monaco Grand Prix,VET,5,Ferrari,2.0,2.0,18.0,0,Finished,2.0,72.415,71.518,71.039,,0.0
2018,6,Monaco Grand Prix,Monaco,2018-05-27 00:00:00,Monaco Grand Prix,HAM,44,Mercedes,3.0,3.0,15.0,0,Finished,3.0,72.46,71.584,71.232,,0.0
2018,6,Monaco Grand Prix,Monaco,2018-05-27 00:00:00,Monaco Grand Prix,RAI,7,Ferrari,4.0,4.0,12.0,0,Finished,4.0,72.639,71.391,71.266,,0.0
2018,6,Monaco Grand Prix,Monaco,2018-05-27 00:00:00,Monaco Grand Prix,BOT,77,Mercedes,5.0,5.0,10.0,0,Finished,5.0,72.434,72.002,71.441,,0.0
2018,6,Monaco Grand Prix,Monaco,2018-05-27 00:00:00,Monaco Grand Prix,OCO,31,Force India,6.0,6.0,8.0,0,Finished,6.0,73.028,72.188,72.061,,0.0
2018,6,Monaco Grand Prix,Monaco,2018-05-27 00:00:00,Monaco Grand Prix,GAS,10,Toro Rosso,10.0,7.0,6.0,0,Finished,10.0,72.941,72.313,72.221,,0.0
2018,6,Monaco Grand Prix,Monaco,2018-05-27 00:00:00,Monaco Grand Prix,HUL,27,Renault,11.0,8.0,4.0,0,Finished,11.0,73.065,72.411,,,0.0
2018,6,Monaco Grand Prix,Monaco,2018-05-27 00:00:00,Monaco Grand Prix,VER,33,Red Bull Racing,20.0,9.0,2.0,0,Finished,20.0,,,,,0.0
2018,6,Monaco Grand Prix,Monaco,2018-05-27 00:00:00,Monaco Grand Prix,SAI,55,Renault,8.0,10.0,1.0,0,Finished,8.0,72.95,72.286,72.13,,0.0
2018,6,Monaco Grand Prix,Monaco,2018-05-27 00:00:00,Monaco Grand Prix,ERI,9,Sauber,16.0,11.0,0.0,0,Finished,17.0,73.265,,,,0.0
2018,6,Monaco Grand Prix,Monaco,2018-05-27 00:00:00,Monaco Grand Prix,PER,11,Force India,9.0,12.0,0.0,0,Finished,9.0,72.848,72.194,72.154,,0.0
2018,6,Monaco Grand Prix,Monaco,2018-05-27 00:00:00,Monaco Grand Prix,MAG,20,Haas F1 Team,19.0,13.0,0.0,0,Finished,19.0,73.393,,,,0.0
2018,6,Monaco Grand Prix,Monaco,2018-05-27 00:00:00,Monaco Grand Prix,VAN,2,McLaren,12.0,14.0,0.0,0,+1 Lap,12.0,72.463,72.44,,,0.0
2018,6,Monaco Grand Prix,Monaco,2018-05-27 00:00:00,Monaco Grand Prix,GRO,8,Haas F1 Team,18.0,15.0,0.0,0,+1 Lap,15.0,72.93,72.728,,,0.0
2018,6,Monaco Grand Prix,Monaco,2018-05-27 00:00:00,Monaco Grand Prix,SIR,35,Williams,13.0,16.0,0.0,0,+1 Lap,13.0,72.706,72.521,,,0.0
2018,6,Monaco Grand Prix,Monaco,2018-05-27 00:00:00,Monaco Grand Prix,STR,18,Williams,17.0,17.0,0.0,0,+2 Laps,18.0,73.323,,,,0.0
2018,6,Monaco Grand Prix,Monaco,2018-05-27 00:00:00,Monaco Grand Prix,LEC,16,Sauber,14.0,18.0,0.0,1,Collision,14.0,72.829,72.714,,,0.0
2018,6,Monaco Grand Prix,Monaco,2018-05-27 00:00:00,Monaco Grand Prix,HAR,28,Toro Rosso,15.0,19.0,0.0,1,Collision,16.0,73.179,,,,0.0
2018,6,Monaco Grand Prix,Monaco,2018-05-27 00:00:00,Monaco Grand Prix,ALO,14,McLaren,7.0,20.0,0.0,1,Gearbox,7.0,72.657,72.269,72.11,,0.0
2018,7,Canadian Grand Prix,Canada,2018-06-10 00:00:00,Canadian Grand Prix,VET,5,Ferrari,1.0,1.0,25.0,0,Finished,1.0,71.71,71.524,70.764,,0.0
2018,7,Canadian Grand Prix,Canada,2018-06-10 00:00:00,Canadian Grand Prix,BOT,77,Mercedes,2.0,2.0,18.0,0,Finished,2.0,71.95,71.514,70.857,,0.0
2018,7,Canadian Grand Prix,Canada,2018-06-10 00:00:00,Canadian Grand Prix,VER,33,Red Bull Racing,3.0,3.0,15.0,0,Finished,3.0,72.008,71.472,70.937,,0.0
2018,7,Canadian Grand Prix,Canada,2018-06-10 00:00:00,Canadian Grand Prix,RIC,3,Red Bull Racing,6.0,4.0,12.0,0,Finished,6.0,72.459,71.434,71.116,,0.0
2018,7,Canadian Grand Prix,Canada,2018-06-10 00:00:00,Canadian Grand Prix,HAM,44,Mercedes,4.0,5.0,10.0,0,Finished,4.0,71.835,71.74,70.996,,0.0
2018,7,Canadian Grand Prix,Canada,2018-06-10 00:00:00,Canadian Grand Prix,RAI,7,Ferrari,5.0,6.0,8.0,0,Finished,5.0,71.725,71.62,71.095,,0.0
2018,7,Canadian Grand Prix,Canada,2018-06-10 00:00:00,Canadian Grand Prix,HUL,27,Renault,7.0,7.0,6.0,0,+1 Lap,7.0,72.795,71.916,71.973,,0.0
2018,7,Canadian Grand Prix,Canada,2018-06-10 00:00:00,Canadian Grand Prix,SAI,55,Renault,9.0,8.0,4.0,0,+1 Lap,9.0,72.689,72.097,72.168,,0.0
2018,7,Canadian Grand Prix,Canada,2018-06-10 00:00:00,Canadian Grand Prix,OCO,31,Force India,8.0,9.0,2.0,0,+1 Lap,8.0,72.577,72.141,72.084,,0.0
2018,7,Canadian Grand Prix,Canada,2018-06-10 00:00:00,Canadian Grand Prix,LEC,16,Sauber,13.0,10.0,1.0,0,+1 Lap,13.0,72.945,72.661,,,0.0
2018,7,Canadian Grand Prix,Canada,2018-06-10 00:00:00,Canadian Grand Prix,GAS,10,Toro Rosso,16.0,11.0,0.0,0,+1 Lap,16.0,73.047,,,,0.0
2018,7,Canadian Grand Prix,Canada,2018-06-10 00:00:00,Canadian Grand Prix,GRO,8,Haas F1 Team,20.0,12.0,0.0,0,+1 Lap,20.0,,,,,0.0
2018,7,Canadian Grand Prix,Canada,2018-06-10 00:00:00,Canadian Grand Prix,MAG,20,Haas F1 Team,11.0,13.0,0.0,0,+1 Lap,11.0,72.68,72.606,,,0.0
2018,7,Canadian Grand Prix,Canada,2018-06-10 00:00:00,Canadian Grand Prix,PER,11,Force India,10.0,14.0,0.0,0,+1 Lap,10.0,72.702,72.395,72.671,,0.0
2018,7,Canadian Grand Prix,Canada,2018-06-10 00:00:00,Canadian Grand Prix,ERI,9,Sauber,19.0,15.0,0.0,0,+2 Laps,19.0,74.593,,,,0.0
2018,7,Canadian Grand Prix,Canada,2018-06-10 00:00:00,Canadian Grand Prix,VAN,2,McLaren,15.0,16.0,0.0,0,+2 Laps,15.0,72.998,72.865,,,0.0
2018,7,Canadian Grand Prix,Canada,2018-06-10 00:00:00,Canadian Grand Prix,SIR,35,Williams,18.0,17.0,0.0,0,+2 Laps,18.0,73.643,,,,0.0
2018,7,Canadian Grand Prix,Canada,2018-06-10 00:00:00,Canadian Grand Prix,ALO,14,McLaren,14.0,18.0,0.0,1,Exhaust,14.0,72.979,72.856,,,0.0
2018,7,Canadian Grand Prix,Canada,2018-06-10 00:00:00,Canadian Grand Prix,HAR,28,Toro Rosso,12.0,19.0,0.0,1,Collision,12.0,72.587,72.635,,,0.0
2018,7,Canadian Grand Prix,Canada,2018-06-10 00:00:00,Canadian Grand Prix,STR,18,Williams,17.0,20.0,0.0,1,Collision,17.0,73.59,,,,0.0
2018,8,French Grand Prix,France,2018-06-24 00:00:00,French Grand Prix,HAM,44,Mercedes,1.0,1.0,25.0,0,Finished,1.0,91.271,90.645,90.029,,0.0
2018,8,French Grand Prix,France,2018-06-24 00:00:00,French Grand Prix,VER,33,Red Bull Racing,4.0,2.0,18.0,0,Finished,4.0,91.531,90.818,90.705,,0.0
2018,8,French Grand Prix,France,2018-06-24 00:00:00,French Grand Prix,RAI,7,Ferrari,6.0,3.0,15.0,0,Finished,6.0,91.567,90.772,91.057,,0.0
2018,8,French Grand Prix,France,2018-06-24 00:00:00,French Grand Prix,RIC,3,Red Bull Racing,5.0,4.0,12.0,0,Finished,5.0,91.91,91.538,90.895,,0.0
2018,8,French Grand Prix,France,2018-06-24 00:00:00,French Grand Prix,VET,5,Ferrari,3.0,5.0,10.0,0,Finished,3.0,91.82,90.751,90.4,,0.0
2018,8,French Grand Prix,France,2018-06-24 00:00:00,French Grand Prix,MAG,20,Haas F1 Team,9.0,6.0,8.0,0,Finished,9.0,92.169,91.51,92.93,,0.0
2018,8,French Grand Prix,France,2018-06-24 00:00:00,French Grand Prix,BOT,77,Mercedes,2.0,7.0,6.0,0,Finished,2.0,91.776,91.227,90.147,,0.0
2018,8,French Grand Prix,France,2018-06-24 00:00:00,French Grand Prix,SAI,55,Renault,7.0,8.0,4.0,0,Finished,7.0,92.394,92.016,92.126,,0.0
2018,8,French Grand Prix,France,2018-06-24 00:00:00,French Grand Prix,HUL,27,Renault,12.0,9.0,2.0,0,Finished,12.0,92.949,92.115,,,0.0
2018,8,French Grand Prix,France,2018-06-24 00:00:00,French Grand Prix,LEC,16,Sauber,8.0,10.0,1.0,0,Finished,8.0,92.538,92.055,92.635,,0.0
2018,8,French Grand Prix,France,2018-06-24 00:00:00,French Grand Prix,GRO,8,Haas F1 Team,10.0,11.0,0.0,0,+1 Lap,10.0,92.083,91.472,,,0.0
2018,8,French Grand Prix,France,2018-06-24 00:00:00,French Grand Prix,VAN,2,McLaren,17.0,12.0,0.0,0,+1 Lap,18.0,93.162,,,,0.0
2018,8,French Grand Prix,France,2018-06-24 00:00:00,French Grand Prix,ERI,9,Sauber,15.0,13.0,0.0,0,+1 Lap,15.0,92.804,92.82,,,0.0
2018,8,French Grand Prix,France,2018-06-24 00:00:00,French Grand Prix,HAR,28,Toro Rosso,20.0,14.0,0.0,0,+1 Lap,17.0,93.025,,,,0.0
2018,8,French Grand Prix,France,2018-06-24 00:00:00,French Grand Prix,SIR,35,Williams,18.0,15.0,0.0,0,+1 Lap,19.0,93.636,,,,0.0
2018,8,French Grand Prix,France,2018-06-24 00:00:00,French Grand Prix,ALO,14,McLaren,16.0,16.0,0.0,1,Wheel,16.0,92.976,,,,0.0
2018,8,French Grand Prix,France,2018-06-24 00:00:00,French Grand Prix,STR,18,Williams,19.0,17.0,0.0,1,Puncture,20.0,93.729,,,,0.0
2018,8,French Grand Prix,France,2018-06-24 00:00:00,French Grand Prix,PER,11,Force India,13.0,18.0,0.0,1,Engine,13.0,92.692,92.454,,,0.0
2018,8,French Grand Prix,France,2018-06-24 00:00:00,French Grand Prix,OCO,31,Force India,11.0,19.0,0.0,1,Collision,11.0,92.786,92.075,,,0.0
2018,8,French Grand Prix,France,2018-06-24 00:00:00,French Grand Prix,GAS,10,Toro Rosso,14.0,20.0,0.0,1,Collision,14.0,92.447,92.46,,,0.0
2018,9,Austrian Grand Prix,Austria,2018-07-01 00:00:00,Austrian Grand Prix,VER,33,Red Bull Racing,4.0,1.0,25.0,0,Finished,5.0,64.273,64.001,63.84,,0.0
2018,9,Austrian Grand Prix,Austria,2018-07-01 00:00:00,Austrian Grand Prix,RAI,7,Ferrari,3.0,2.0,18.0,0,Finished,4.0,64.234,63.975,63.66,,0.0
2018,9,Austrian Grand Prix,Austria,2018-07-01 00:00:00,Austrian Grand Prix,VET,5,Ferrari,6.0,3.0,15.0,0,Finished,3.0,64.347,63.544,63.464,,0.0
2018,9,Austrian Grand Prix,Austria,2018-07-01 00:00:00,Austrian Grand Prix,GRO,8,Haas F1 Team,5.0,4.0,12.0,0,+1 Lap,6.0,64.242,64.059,63.892,,0.0
2018,9,Austrian Grand Prix,Austria,2018-07-01 00:00:00,Austrian Grand Prix,MAG,20,Haas F1 Team,8.0,5.0,10.0,0,+1 Lap,8.0,64.46,64.291,64.051,,0.0
2018,9,Austrian Grand Prix,Austria,2018-07-01 00:00:00,Austrian Grand Prix,OCO,31,Force India,11.0,6.0,8.0,0,+1 Lap,11.0,65.148,64.845,,,0.0
2018,9,Austrian Grand Prix,Austria,2018-07-01 00:00:00,Austrian Grand Prix,PER,11,Force India,16.0,7.0,6.0,0,+1 Lap,17.0,65.279,,,,0.0
2018,9,Austrian Grand Prix,Austria,2018-07-01 00:00:00,Austrian Grand Prix,ALO,14,McLaren,13.0,8.0,4.0,0,+1 Lap,14.0,64.965,65.058,,,0.0
2018,9,Austrian Grand Prix,Austria,2018-07-01 00:00:00,Austrian Grand Prix,LEC,16,Sauber,18.0,9.0,2.0,0,+1 Lap,13.0,64.967,64.979,,,0.0
2018,9,Austrian Grand Prix,Austria,2018-07-01 00:00:00,Austrian Grand Prix,ERI,9,Sauber,20.0,10.0,1.0,0,+1 Lap,20.0,65.479,,,,0.0
2018,9,Austrian Grand Prix,Austria,2018-07-01 00:00:00,Austrian Grand Prix,GAS,10,Toro Rosso,12.0,11.0,0.0,0,+1 Lap,12.0,65.011,64.874,,,0.0
2018,9,Austrian Grand Prix,Austria,2018-07-01 00:00:00,Austrian Grand Prix,SAI,55,Renault,9.0,12.0,0.0,0,+1 Lap,9.0,64.948,64.561,64.725,,0.0
2018,9,Austrian Grand Prix,Austria,2018-07-01 00:00:00,Austrian Grand Prix,SIR,35,Williams,17.0,13.0,0.0,0,+2 Laps,18.0,65.322,,,,0.0
2018,9,Austrian Grand Prix,Austria,2018-07-01 00:00:00,Austrian Grand Prix,STR,18,Williams,14.0,14.0,0.0,0,+2 Laps,15.0,65.264,65.286,,,0.0
2018,9,Austrian Grand Prix,Austria,2018-07-01 00:00:00,Austrian Grand Prix,VAN,2,McLaren,15.0,15.0,0.0,1,Collision damage,16.0,65.271,,,,0.0
2018,9,Austrian Grand Prix,Austria,2018-07-01 00:00:00,Austrian Grand Prix,HAM,44,Mercedes,2.0,16.0,0.0,1,Fuel pressure,2.0,64.08,63.577,63.149,,0.0
2018,9,Austrian Grand Prix,Austria,2018-07-01 00:00:00,Austrian Grand Prix,HAR,28,Toro Rosso,19.0,17.0,0.0,1,Hydraulics,19.0,65.366,,,,0.0
2018,9,Austrian Grand Prix,Austria,2018-07-01 00:00:00,Austrian Grand Prix,RIC,3,Red Bull Racing,7.0,18.0,0.0,1,Exhaust,7.0,64.723,64.403,63.996,,0.0
2018,9,Austrian Grand Prix,Austria,2018-07-01 00:00:00,Austrian Grand Prix,BOT,77,Mercedes,1.0,19.0,0.0,1,Hydraulics,1.0,64.175,63.756,63.13,,0.0
2018,9,Austrian Grand Prix,Austria,2018-07-01 00:00:00,Austrian Grand Prix,HUL,27,Renault,10.0,20.0,0.0,1,Engine,10.0,64.864,64.676,65.019,,0.0
2018,10,British Grand Prix,Great Britain,2018-07-08 00:00:00,British Grand Prix,VET,5,Ferrari,2.0,1.0,25.0,0,Finished,2.0,86.585,86.372,85.936,,0.0
2018,10,British Grand Prix,Great Britain,2018-07-08 00:00:00,British Grand Prix,HAM,44,Mercedes,1.0,2.0,18.0,0,Finished,1.0,86.818,86.256,85.892,,0.0
2018,10,British Grand Prix,Great Britain,2018-07-08 00:00:00,British Grand Prix,RAI,7,Ferrari,3.0,3.0,15.0,0,Finished,3.0,87.549,86.483,85.99,,0.0
2018,10,British Grand Prix,Great Britain,2018-07-08 00:00:00,British Grand Prix,BOT,77,Mercedes,4.0,4.0,12.0,0,Finished,4.0,87.025,86.413,86.217,,0.0
2018,10,British Grand Prix,Great Britain,2018-07-08 00:00:00,British Grand Prix,RIC,3,Red Bull Racing,6.0,5.0,10.0,0,Finished,6.0,87.979,87.369,87.099,,0.0
2018,10,British Grand Prix,Great Britain,2018-07-08 00:00:00,British Grand Prix,HUL,27,Renault,11.0,6.0,8.0,0,Finished,11.0,88.017,87.901,,,0.0
2018,10,British Grand Prix,Great Britain,2018-07-08 00:00:00,British Grand Prix,OCO,31,Force India,10.0,7.0,6.0,0,Finished,10.0,88.279,87.843,88.194,,0.0
2018,10,British Grand Prix,Great Britain,2018-07-08 00:00:00,British Grand Prix,ALO,14,McLaren,13.0,8.0,4.0,0,Finished,13.0,88.187,88.139,,,0.0
2018,10,British Grand Prix,Great Britain,2018-07-08 00:00:00,British Grand Prix,MAG,20,Haas F1 Team,7.0,9.0,2.0,0,Finished,7.0,88.143,87.73,87.244,,0.0
2018,10,British Grand Prix,Great Britain,2018-07-08 00:00:00,British Grand Prix,PER,11,Force India,12.0,10.0,1.0,0,Finished,12.0,88.21,87.928,,,0.0
2018,10,British Grand Prix,Great Britain,2018-07-08 00:00:00,British Grand Prix,VAN,2,McLaren,17.0,11.0,0.0,0,Finished,17.0,89.096,,,,0.0
2018,10,British Grand Prix,Great Britain,2018-07-08 00:00:00,British Grand Prix,STR,18,Williams,19.0,12.0,0.0,0,Finished,19.0,,,,,0.0
2018,10,British Grand Prix,Great Britain,2018-07-08 00:00:00,British Grand Prix,GAS,10,Toro Rosso,14.0,13.0,0.0,0,Finished,14.0,88.399,88.343,,,0.0
2018,10,British Grand Prix,Great Britain,2018-07-08 00:00:00,British Grand Prix,SIR,35,Williams,18.0,14.0,0.0,0,Finished,18.0,89.252,,,,0.0
2018,10,British Grand Prix,Great Britain,2018-07-08 00:00:00,British Grand Prix,VER,33,Red Bull Racing,5.0,15.0,0.0,1,Brakes,5.0,87.309,87.013,86.602,,0.0
2018,10,British Grand Prix,Great Britain,2018-07-08 00:00:00,British Grand Prix,GRO,8,Haas F1 Team,8.0,16.0,0.0,1,Collision,8.0,88.086,87.522,87.455,,0.0
2018,10,British Grand Prix,Great Britain,2018-07-08 00:00:00,British Grand Prix,SAI,55,Renault,16.0,17.0,0.0,1,Collision,16.0,88.456,,,,0.0
2018,10,British Grand Prix,Great Britain,2018-07-08 00:00:00,British Grand Prix,ERI,9,Sauber,15.0,18.0,0.0,1,Accident,15.0,88.249,88.391,,,0.0
2018,10,British Grand Prix,Great Britain,2018-07-08 00:00:00,British Grand Prix,LEC,16,Sauber,9.0,19.0,0.0,1,Tyre,9.0,87.962,87.79,87.879,,0.0
2018,10,British Grand Prix,Great Britain,2018-07-08 00:00:00,British Grand Prix,HAR,28,Toro Rosso,20.0,20.0,0.0,1,Power Unit,20.0,,,,,0.0
2018,11,German Grand Prix,Germany,2018-07-22 00:00:00,German Grand Prix,HAM,44,Mercedes,14.0,1.0,25.0,0,Finished,14.0,73.012,,,,0.0
2018,11,German Grand Prix,Germany,2018-07-22 00:00:00,German Grand Prix,BOT,77,Mercedes,2.0,2.0,18.0,0,Finished,2.0,72.962,72.152,71.416,,0.0
2018,11,German Grand Prix,Germany,2018-07-22 00:00:00,German Grand Prix,RAI,7,Ferrari,3.0,3.0,15.0,0,Finished,3.0,72.505,72.336,71.547,,0.0
2018,11,German Grand Prix,Germany,2018-07-22 00:00:00,German Grand Prix,VER,33,Red Bull Racing,4.0,4.0,12.0,0,Finished,4.0,73.127,72.188,71.822,,0.0
2018,11,German Grand Prix,Germany,2018-07-22 00:00:00,German Grand Prix,HUL,27,Renault,7.0,5.0,10.0,0,Finished,7.0,73.479,72.946,72.56,,0.0
2018,11,German Grand Prix,Germany,2018-07-22 00:00:00,German Grand Prix,GRO,8,Haas F1 Team,6.0,6.0,8.0,0,Finished,6.0,72.986,72.722,72.544,,0.0
2018,11,German Grand Prix,Germany,2018-07-22 00:00:00,German Grand Prix,PER,11,Force India,10.0,7.0,6.0,0,Finished,10.0,73.427,73.072,72.774,,0.0
2018,11,German Grand Prix,Germany,2018-07-22 00:00:00,German Grand Prix,OCO,31,Force India,15.0,8.0,4.0,0,Finished,16.0,73.72,,,,0.0
2018,11,German Grand Prix,Germany,2018-07-22 00:00:00,German Grand Prix,ERI,9,Sauber,13.0,9.0,2.0,0,Finished,13.0,73.562,73.736,,,0.0
2018,11,German Grand Prix,Germany,2018-07-22 00:00:00,German Grand Prix,HAR,28,Toro Rosso,17.0,10.0,1.0,0,Finished,18.0,74.045,,,,0.0
2018,11,German Grand Prix,Germany,2018-07-22 00:00:00,German Grand Prix,MAG,20,Haas F1 Team,5.0,11.0,0.0,0,Finished,5.0,73.105,72.523,72.2,,0.0
2018,11,German Grand Prix,Germany,2018-07-22 00:00:00,German Grand Prix,SAI,55,Renault,8.0,12.0,0.0,0,Finished,8.0,73.324,73.032,72.692,,0.0
2018,11,German Grand Prix,Germany,2018-07-22 00:00:00,German Grand Prix,VAN,2,McLaren,19.0,13.0,0.0,0,Finished,20.0,74.401,,,,0.0
2018,11,German Grand Prix,Germany,2018-07-22 00:00:00,German Grand Prix,GAS,10,Toro Rosso,16.0,14.0,0.0,0,+1 Lap,17.0,73.749,,,,0.0
2018,11,German Grand Prix,Germany,2018-07-22 00:00:00,German Grand Prix,LEC,16,Sauber,9.0,15.0,0.0,0,+1 Lap,9.0,73.077,72.995,72.717,,0.0
2018,11,German Grand Prix,Germany,2018-07-22 00:00:00,German Grand Prix,ALO,14,McLaren,11.0,16.0,0.0,1,Retired,11.0,73.614,73.657,,,0.0
2018,11,German Grand Prix,Germany,2018-07-22 00:00:00,German Grand Prix,STR,18,Williams,18.0,17.0,0.0,1,Engine,19.0,74.206,,,,0.0
2018,11,German Grand Prix,Germany,2018-07-22 00:00:00,German Grand Prix,VET,5,Ferrari,1.0,18.0,0.0,1,Accident,1.0,72.538,72.505,71.212,,0.0
2018,11,German Grand Prix,Germany,2018-07-22 00:00:00,German Grand Prix,SIR,35,Williams,12.0,19.0,0.0,1,Engine,12.0,73.708,73.702,,,0.0
2018,11,German Grand Prix,Germany,2018-07-22 00:00:00,German Grand Prix,RIC,3,Red Bull Racing,20.0,20.0,0.0,1,Engine,15.0,73.318,,,,0.0
2018,12,Hungarian Grand Prix,Hungary,2018-07-29 00:00:00,Hungarian Grand Prix,HAM,44,Mercedes,1.0,1.0,25.0,0,Finished,1.0,77.419,91.242,95.658,,0.0
2018,12,Hungarian Grand Prix,Hungary,2018-07-29 00:00:00,Hungarian Grand Prix,VET,5,Ferrari,4.0,2.0,18.0,0,Finished,4.0,76.666,88.636,96.21,,0.0
2018,12,Hungarian Grand Prix,Hungary,2018-07-29 00:00:00,Hungarian Grand Prix,RAI,7,Ferrari,3.0,3.0,15.0,0,Finished,3.0,77.526,92.762,96.186,,0.0
2018,12,Hungarian Grand Prix,Hungary,2018-07-29 00:00:00,Hungarian Grand Prix,RIC,3,Red Bull Racing,12.0,4.0,12.0,0,Finished,12.0,78.54,96.442,,,0.0
2018,12,Hungarian Grand Prix,Hungary,2018-07-29 00:00:00,Hungarian Grand Prix,BOT,77,Mercedes,2.0,5.0,10.0,0,Finished,2.0,77.123,92.081,95.918,,0.0
2018,12,Hungarian Grand Prix,Hungary,2018-07-29 00:00:00,Hungarian Grand Prix,GAS,10,Toro Rosso,6.0,6.0,8.0,0,Finished,6.0,78.577,91.286,97.591,,0.0
2018,12,Hungarian Grand Prix,Hungary,2018-07-29 00:00:00,Hungarian Grand Prix,MAG,20,Haas F1 Team,9.0,7.0,6.0,0,+1 Lap,9.0,78.314,92.968,99.858,,0.0
2018,12,Hungarian Grand Prix,Hungary,2018-07-29 00:00:00,Hungarian Grand Prix,ALO,14,McLaren,11.0,8.0,4.0,0,+1 Lap,11.0,78.208,95.214,,,0.0
2018,12,Hungarian Grand Prix,Hungary,2018-07-29 00:00:00,Hungarian Grand Prix,SAI,55,Renault,5.0,9.0,2.0,0,+1 Lap,5.0,77.829,90.771,96.743,,0.0
2018,12,Hungarian Grand Prix,Hungary,2018-07-29 00:00:00,Hungarian Grand Prix,GRO,8,Haas F1 Team,10.0,10.0,1.0,0,+1 Lap,10.0,77.901,93.65,100.593,,0.0
2018,12,Hungarian Grand Prix,Hungary,2018-07-29 00:00:00,Hungarian Grand Prix,HAR,28,Toro Rosso,8.0,11.0,0.0,0,+1 Lap,8.0,78.429,92.59,98.128,,0.0
2018,12,Hungarian Grand Prix,Hungary,2018-07-29 00:00:00,Hungarian Grand Prix,HUL,27,Renault,13.0,12.0,0.0,0,+1 Lap,13.0,77.905,96.506,,,0.0
2018,12,Hungarian Grand Prix,Hungary,2018-07-29 00:00:00,Hungarian Grand Prix,OCO,31,Force India,18.0,13.0,0.0,0,+1 Lap,18.0,79.142,,,,0.0
2018,12,Hungarian Grand Prix,Hungary,2018-07-29 00:00:00,Hungarian Grand Prix,PER,11,Force India,19.0,14.0,0.0,0,+1 Lap,19.0,79.2,,,,0.0
2018,12,Hungarian Grand Prix,Hungary,2018-07-29 00:00:00,Hungarian Grand Prix,ERI,9,Sauber,14.0,15.0,0.0,0,+2 Laps,14.0,78.641,97.075,,,0.0
2018,12,Hungarian Grand Prix,Hungary,2018-07-29 00:00:00,Hungarian Grand Prix,SIR,35,Williams,20.0,16.0,0.0,0,+2 Laps,20.0,79.301,,,,0.0
2018,12,Hungarian Grand Prix,Hungary,2018-07-29 00:00:00,Hungarian Grand Prix,STR,18,Williams,15.0,17.0,0.0,0,+2 Laps,15.0,78.56,,,,0.0
2018,12,Hungarian Grand Prix,Hungary,2018-07-29 00:00:00,Hungarian Grand Prix,VAN,2,McLaren,16.0,18.0,0.0,1,Gearbox,16.0,78.782,,,,0.0
2018,12,Hungarian Grand Prix,Hungary,2018-07-29 00:00:00,Hungarian Grand Prix,VER,33,Red Bull Racing,7.0,19.0,0.0,1,Power loss,7.0,76.94,91.178,98.032,,0.0
2018,12,Hungarian Grand Prix,Hungary,2018-07-29 00:00:00,Hungarian Grand Prix,LEC,16,Sauber,17.0,20.0,0.0,1,Suspension,17.0,78.817,,,,0.0
2018,13,Belgian Grand Prix,Belgium,2018-08-26 00:00:00,Belgian Grand Prix,VET,5,Ferrari,2.0,1.0,25.0,0,Finished,2.0,103.035,101.501,118.905,,0.0
2018,13,Belgian Grand Prix,Belgium,2018-08-26 00:00:00,Belgian Grand Prix,HAM,44,Mercedes,1.0,2.0,18.0,0,Finished,1.0,102.977,101.553,118.179,,0.0
2018,13,Belgian Grand Prix,Belgium,2018-08-26 00:00:00,Belgian Grand Prix,VER,33,Red Bull Racing,7.0,3.0,15.0,0,Finished,7.0,103.199,102.554,122.769,,0.0
2018,13,Belgian Grand Prix,Belgium,2018-08-26 00:00:00,Belgian Grand Prix,BOT,77,Mercedes,19.0,4.0,12.0,0,Finished,10.0,102.805,102.191,,,0.0
2018,13,Belgian Grand Prix,Belgium,2018-08-26 00:00:00,Belgian Grand Prix,PER,11,Racing Point,4.0,5.0,10.0,0,Finished,4.0,104.004,103.014,121.894,,0.0
2018,13,Belgian Grand Prix,Belgium,2018-08-26 00:00:00,Belgian Grand Prix,OCO,31,Racing Point,3.0,6.0,8.0,0,Finished,3.0,104.003,103.302,121.851,,0.0
2018,13,Belgian Grand Prix,Belgium,2018-08-26 00:00:00,Belgian Grand Prix,GRO,8,Haas F1 Team,5.0,7.0,6.0,0,Finished,5.0,103.597,103.042,122.122,,0.0
2018,13,Belgian Grand Prix,Belgium,2018-08-26 00:00:00,Belgian Grand Prix,MAG,20,Haas F1 Team,9.0,8.0,4.0,0,Finished,9.0,103.834,103.32,124.933,,0.0
2018,13,Belgian Grand Prix,Belgium,2018-08-26 00:00:00,Belgian Grand Prix,GAS,10,Toro Rosso,10.0,9.0,2.0,0,Finished,11.0,104.221,103.844,,,0.0
2018,13,Belgian Grand Prix,Belgium,2018-08-26 00:00:00,Belgian Grand Prix,ERI,9,Sauber,13.0,10.0,1.0,0,+1 Lap,14.0,103.846,104.301,,,0.0
2018,13,Belgian Grand Prix,Belgium,2018-08-26 00:00:00,Belgian Grand Prix,SAI,55,Renault,14.0,11.0,0.0,0,+1 Lap,16.0,104.489,,,,0.0
2018,13,Belgian Grand Prix,Belgium,2018-08-26 00:00:00,Belgian Grand Prix,SIR,35,Williams,16.0,12.0,0.0,0,+1 Lap,18.0,104.998,,,,0.0
2018,13,Belgian Grand Prix,Belgium,2018-08-26 00:00:00,Belgian Grand Prix,STR,18,Williams,17.0,13.0,0.0,0,+1 Lap,19.0,105.134,,,,0.0
2018,13,Belgian Grand Prix,Belgium,2018-08-26 00:00:00,Belgian Grand Prix,HAR,28,Toro Rosso,11.0,14.0,0.0,0,+1 Lap,12.0,104.153,103.865,,,0.0
2018,13,Belgian Grand Prix,Belgium,2018-08-26 00:00:00,Belgian Grand Prix,VAN,2,McLaren,18.0,15.0,0.0,0,+1 Lap,20.0,105.307,,,,0.0
2018,13,Belgian Grand Prix,Belgium,2018-08-26 00:00:00,Belgian Grand Prix,RIC,3,Red Bull Racing,8.0,16.0,0.0,1,Retired,8.0,103.604,103.126,122.939,,0.0
2018,13,Belgian Grand Prix,Belgium,2018-08-26 00:00:00,Belgian Grand Prix,RAI,7,Ferrari,6.0,17.0,0.0,1,Brakes,6.0,102.585,101.533,122.671,,0.0
2018,13,Belgian Grand Prix,Belgium,2018-08-26 00:00:00,Belgian Grand Prix,LEC,16,Sauber,12.0,18.0,0.0,1,Accident,13.0,103.654,104.062,,,0.0
2018,13,Belgian Grand Prix,Belgium,2018-08-26 00:00:00,Belgian Grand Prix,ALO,14,McLaren,15.0,19.0,0.0,1,Accident,17.0,104.917,,,,0.0
2018,13,Belgian Grand Prix,Belgium,2018-08-26 00:00:00,Belgian Grand Prix,HUL,27,Renault,20.0,20.0,0.0,1,Accident,15.0,104.145,,,,0.0
2018,14,Italian Grand Prix,Italy,2018-09-02 00:00:00,Italian Grand Prix,HAM,44,Mercedes,3.0,1.0,25.0,0,Finished,3.0,80.81,79.798,79.294,,0.0
2018,14,Italian Grand Prix,Italy,2018-09-02 00:00:00,Italian Grand Prix,RAI,7,Ferrari,1.0,2.0,18.0,0,Finished,1.0,80.722,79.846,79.119,,0.0
2018,14,Italian Grand Prix,Italy,2018-09-02 00:00:00,Italian Grand Prix,BOT,77,Mercedes,4.0,3.0,15.0,0,Finished,4.0,81.381,80.427,79.656,,0.0
2018,14,Italian Grand Prix,Italy,2018-09-02 00:00:00,Italian Grand Prix,VET,5,Ferrari,2.0,4.0,12.0,0,Finished,2.0,80.542,79.629,79.28,,0.0
2018,14,Italian Grand Prix,Italy,2018-09-02 00:00:00,Italian Grand Prix,VER,33,Red Bull Racing,5.0,5.0,10.0,0,Finished,5.0,81.381,80.333,80.615,,0.0
2018,14,Italian Grand Prix,Italy,2018-09-02 00:00:00,Italian Grand Prix,OCO,31,Racing Point,8.0,6.0,8.0,0,Finished,8.0,81.57,81.315,81.099,,0.0
2018,14,Italian Grand Prix,Italy,2018-09-02 00:00:00,Italian Grand Prix,PER,11,Racing Point,14.0,7.0,6.0,0,Finished,16.0,81.888,,,,0.0
2018,14,Italian Grand Prix,Italy,2018-09-02 00:00:00,Italian Grand Prix,SAI,55,Renault,7.0,8.0,4.0,0,Finished,7.0,81.732,81.552,81.041,,0.0
2018,14,Italian Grand Prix,Italy,2018-09-02 00:00:00,Italian Grand Prix,STR,18,Williams,10.0,9.0,2.0,0,+1 Lap,10.0,81.838,81.494,81.627,,0.0
2018,14,Italian Grand Prix,Italy,2018-09-02 00:00:00,Italian Grand Prix,SIR,35,Williams,12.0,10.0,1.0,0,+1 Lap,12.0,81.813,81.732,,,0.0
2018,14,Italian Grand Prix,Italy,2018-09-02 00:00:00,Italian Grand Prix,LEC,16,Sauber,15.0,11.0,0.0,0,+1 Lap,17.0,81.889,,,,0.0
2018,14,Italian Grand Prix,Italy,2018-09-02 00:00:00,Italian Grand Prix,VAN,2,McLaren,17.0,12.0,0.0,0,+1 Lap,20.0,82.085,,,,0.0
2018,14,Italian Grand Prix,Italy,2018-09-02 00:00:00,Italian Grand Prix,HUL,27,Renault,20.0,13.0,0.0,0,+1 Lap,14.0,81.801,,,,0.0
2018,14,Italian Grand Prix,Italy,2018-09-02 00:00:00,Italian Grand Prix,GAS,10,Toro Rosso,9.0,14.0,0.0,0,+1 Lap,9.0,81.834,81.667,81.35,,0.0
2018,14,Italian Grand Prix,Italy,2018-09-02 00:00:00,Italian Grand Prix,ERI,9,Sauber,18.0,15.0,0.0,0,+1 Lap,19.0,82.048,,,,0.0
2018,14,Italian Grand Prix,Italy,2018-09-02 00:00:00,Italian Grand Prix,MAG,20,Haas F1 Team,11.0,16.0,0.0,0,+1 Lap,11.0,81.783,81.669,,,0.0
2018,14,Italian Grand Prix,Italy,2018-09-02 00:00:00,Italian Grand Prix,RIC,3,Red Bull Racing,19.0,17.0,0.0,1,Engine,15.0,81.28,,,,0.0
2018,14,Italian Grand Prix,Italy,2018-09-02 00:00:00,Italian Grand Prix,ALO,14,McLaren,13.0,18.0,0.0,1,Engine,13.0,81.85,82.568,,,0.0
2018,14,Italian Grand Prix,Italy,2018-09-02 00:00:00,Italian Grand Prix,HAR,28,Toro Rosso,16.0,19.0,0.0,1,Brakes,18.0,81.934,,,,0.0
2018,14,Italian Grand Prix,Italy,2018-09-02 00:00:00,Italian Grand Prix,GRO,8,Haas F1 Team,6.0,20.0,0.0,1,Disqualified,6.0,81.887,81.239,80.936,,0.0
2018,15,Singapore Grand Prix,Singapore,2018-09-16 00:00:00,Singapore Grand Prix,HAM,44,Mercedes,1.0,1.0,25.0,0,Finished,1.0,99.403,97.344,96.015,,0.0
2018,15,Singapore Grand Prix,Singapore,2018-09-16 00:00:00,Singapore Grand Prix,VER,33,Red Bull Racing,2.0,2.0,18.0,0,Finished,2.0,98.751,97.214,96.334,,0.0
2018,15,Singapore Grand Prix,Singapore,2018-09-16 00:00:00,Singapore Grand Prix,VET,5,Ferrari,3.0,3.0,15.0,0,Finished,3.0,98.218,97.876,96.628,,0.0
2018,15,Singapore Grand Prix,Singapore,2018-09-16 00:00:00,Singapore Grand Prix,BOT,77,Mercedes,4.0,4.0,12.0,0,Finished,4.0,99.291,97.254,96.702,,0.0
2018,15,Singapore Grand Prix,Singapore,2018-09-16 00:00:00,Singapore Grand Prix,RAI,7,Ferrari,5.0,5.0,10.0,0,Finished,5.0,98.534,97.194,96.794,,0.0
2018,15,Singapore Grand Prix,Singapore,2018-09-16 00:00:00,Singapore Grand Prix,RIC,3,Red Bull Racing,6.0,6.0,8.0,0,Finished,6.0,98.153,97.406,96.996,,0.0
2018,15,Singapore Grand Prix,Singapore,2018-09-16 00:00:00,Singapore Grand Prix,ALO,14,McLaren,11.0,7.0,6.0,0,Finished,11.0,99.022,98.641,,,0.0
2018,15,Singapore Grand Prix,Singapore,2018-09-16 00:00:00,Singapore Grand Prix,SAI,55,Renault,12.0,8.0,4.0,0,+1 Lap,12.0,99.103,98.716,,,0.0
2018,15,Singapore Grand Prix,Singapore,2018-09-16 00:00:00,Singapore Grand Prix,LEC,16,Sauber,13.0,9.0,2.0,0,+1 Lap,13.0,99.206,98.747,,,0.0
2018,15,Singapore Grand Prix,Singapore,2018-09-16 00:00:00,Singapore Grand Prix,HUL,27,Renault,10.0,10.0,1.0,0,+1 Lap,10.0,98.932,98.45,98.588,,0.0
2018,15,Singapore Grand Prix,Singapore,2018-09-16 00:00:00,Singapore Grand Prix,ERI,9,Sauber,14.0,11.0,0.0,0,+1 Lap,14.0,99.366,99.453,,,0.0
2018,15,Singapore Grand Prix,Singapore,2018-09-16 00:00:00,Singapore Grand Prix,VAN,2,McLaren,18.0,12.0,0.0,0,+1 Lap,18.0,99.864,,,,0.0
2018,15,Singapore Grand Prix,Singapore,2018-09-16 00:00:00,Singapore Grand Prix,GAS,10,Toro Rosso,15.0,13.0,0.0,0,+1 Lap,15.0,99.614,99.691,,,0.0
2018,15,Singapore Grand Prix,Singapore,2018-09-16 00:00:00,Singapore Grand Prix,STR,18,Williams,20.0,14.0,0.0,0,+1 Lap,20.0,101.334,,,,0.0
2018,15,Singapore Grand Prix,Singapore,2018-09-16 00:00:00,Singapore Grand Prix,GRO,8,Haas F1 Team,8.0,15.0,0.0,0,+1 Lap,8.0,98.685,98.367,98.32,,0.0
2018,15,Singapore Grand Prix,Singapore,2018-09-16 00:00:00,Singapore Grand Prix,PER,11,Racing Point,7.0,16.0,0.0,0,+1 Lap,7.0,98.814,98.342,97.985,,0.0
2018,15,Singapore Grand Prix,Singapore,2018-09-16 00:00:00,Singapore Grand Prix,HAR,28,Toro Rosso,17.0,17.0,0.0,0,+1 Lap,17.0,99.809,,,,0.0
2018,15,Singapore Grand Prix,Singapore,2018-09-16 00:00:00,Singapore Grand Prix,MAG,20,Haas F1 Team,16.0,18.0,0.0,0,+2 Laps,16.0,99.644,,,,0.0
2018,15,Singapore Grand Prix,Singapore,2018-09-16 00:00:00,Singapore Grand Prix,SIR,35,Williams,19.0,19.0,0.0,0,+2 Laps,19.0,101.263,,,,0.0
2018,15,Singapore Grand Prix,Singapore,2018-09-16 00:00:00,Singapore Grand Prix,OCO,31,Racing Point,9.0,20.0,0.0,1,Collision,9.0,98.912,98.534,98.365,,0.0
2018,16,Russian Grand Prix,Russia,2018-09-30 00:00:00,Russian Grand Prix,HAM,44,Mercedes,2.0,1.0,25.0,0,Finished,2.0,92.41,92.595,91.532,,0.0
2018,16,Russian Grand Prix,Russia,2018-09-30 00:00:00,Russian Grand Prix,BOT,77,Mercedes,1.0,2.0,18.0,0,Finished,1.0,92.964,92.744,91.387,,0.0
2018,16,Russian Grand Prix,Russia,2018-09-30 00:00:00,Russian Grand Prix,VET,5,Ferrari,3.0,3.0,15.0,0,Finished,3.0,93.476,93.045,91.943,,0.0
2018,16,Russian Grand Prix,Russia,2018-09-30 00:00:00,Russian Grand Prix,RAI,7,Ferrari,4.0,4.0,12.0,0,Finished,4.0,93.341,93.065,92.237,,0.0
2018,16,Russian Grand Prix,Russia,2018-09-30 00:00:00,Russian Grand Prix,VER,33,Red Bull Racing,19.0,5.0,10.0,0,Finished,11.0,93.048,,,,0.0
2018,16,Russian Grand Prix,Russia,2018-09-30 00:00:00,Russian Grand Prix,RIC,3,Red Bull Racing,18.0,6.0,8.0,0,Finished,12.0,93.247,,,,0.0
2018,16,Russian Grand Prix,Russia,2018-09-30 00:00:00,Russian Grand Prix,LEC,16,Sauber,7.0,7.0,6.0,0,Finished,7.0,93.924,93.488,93.419,,0.0
2018,16,Russian Grand Prix,Russia,2018-09-30 00:00:00,Russian Grand Prix,MAG,20,Haas F1 Team,5.0,8.0,4.0,0,+1 Lap,5.0,94.078,93.747,93.181,,0.0
2018,16,Russian Grand Prix,Russia,2018-09-30 00:00:00,Russian Grand Prix,OCO,31,Racing Point,6.0,9.0,2.0,0,+1 Lap,6.0,94.29,93.596,93.413,,0.0
2018,16,Russian Grand Prix,Russia,2018-09-30 00:00:00,Russian Grand Prix,PER,11,Racing Point,8.0,10.0,1.0,0,+1 Lap,8.0,94.084,93.923,93.563,,0.0
2018,16,Russian Grand Prix,Russia,2018-09-30 00:00:00,Russian Grand Prix,GRO,8,Haas F1 Team,9.0,11.0,0.0,0,+1 Lap,9.0,94.022,93.517,93.704,,0.0
2018,16,Russian Grand Prix,Russia,2018-09-30 00:00:00,Russian Grand Prix,HUL,27,Renault,12.0,12.0,0.0,0,+1 Lap,15.0,94.655,,,,0.0
2018,16,Russian Grand Prix,Russia,2018-09-30 00:00:00,Russian Grand Prix,ERI,9,Sauber,10.0,13.0,0.0,0,+1 Lap,10.0,94.17,93.995,95.196,,0.0
2018,16,Russian Grand Prix,Russia,2018-09-30 00:00:00,Russian Grand Prix,ALO,14,McLaren,16.0,14.0,0.0,0,+1 Lap,17.0,95.504,,,,0.0
2018,16,Russian Grand Prix,Russia,2018-09-30 00:00:00,Russian Grand Prix,STR,18,Williams,14.0,15.0,0.0,0,+1 Lap,20.0,96.437,,,,0.0
2018,16,Russian Grand Prix,Russia,2018-09-30 00:00:00,Russian Grand Prix,VAN,2,McLaren,15.0,16.0,0.0,0,+2 Laps,19.0,95.977,,,,0.0
2018,16,Russian Grand Prix,Russia,2018-09-30 00:00:00,Russian Grand Prix,SAI,55,Renault,11.0,17.0,0.0,0,+2 Laps,14.0,94.626,,,,0.0
2018,16,Russian Grand Prix,Russia,2018-09-30 00:00:00,Russian Grand Prix,SIR,35,Williams,13.0,18.0,0.0,0,+2 Laps,18.0,95.612,,,,0.0
2018,16,Russian Grand Prix,Russia,2018-09-30 00:00:00,Russian Grand Prix,GAS,10,Toro Rosso,17.0,19.0,0.0,1,Brakes,13.0,94.383,,,,0.0
2018,16,Russian Grand Prix,Russia,2018-09-30 00:00:00,Russian Grand Prix,HAR,28,Toro Rosso,20.0,20.0,0.0,1,Brakes,16.0,95.037,,,,0.0
2018,17,Japanese Grand Prix,Japan,2018-10-07 00:00:00,Japanese Grand Prix,HAM,44,Mercedes,1.0,1.0,25.0,0,Finished,1.0,88.702,88.017,87.76,,0.0
2018,17,Japanese Grand Prix,Japan,2018-10-07 00:00:00,Japanese Grand Prix,BOT,77,Mercedes,2.0,2.0,18.0,0,Finished,2.0,89.297,87.987,88.059,,0.0
2018,17,Japanese Grand Prix,Japan,2018-10-07 00:00:00,Japanese Grand Prix,VER,33,Red Bull Racing,3.0,3.0,15.0,0,Finished,3.0,89.48,88.849,89.057,,0.0
2018,17,Japanese Grand Prix,Japan,2018-10-07 00:00:00,Japanese Grand Prix,RIC,3,Red Bull Racing,15.0,4.0,12.0,0,Finished,15.0,89.806,,,,0.0
2018,17,Japanese Grand Prix,Japan,2018-10-07 00:00:00,Japanese Grand Prix,RAI,7,Ferrari,4.0,5.0,10.0,0,Finished,4.0,89.631,88.595,89.521,,0.0
2018,17,Japanese Grand Prix,Japan,2018-10-07 00:00:00,Japanese Grand Prix,VET,5,Ferrari,8.0,6.0,8.0,0,Finished,9.0,89.049,88.279,92.192,,0.0
2018,17,Japanese Grand Prix,Japan,2018-10-07 00:00:00,Japanese Grand Prix,PER,11,Racing Point,9.0,7.0,6.0,0,Finished,10.0,90.247,89.567,97.229,,0.0
2018,17,Japanese Grand Prix,Japan,2018-10-07 00:00:00,Japanese Grand Prix,GRO,8,Haas F1 Team,5.0,8.0,4.0,0,Finished,5.0,89.724,89.678,89.761,,0.0
2018,17,Japanese Grand Prix,Japan,2018-10-07 00:00:00,Japanese Grand Prix,OCO,31,Racing Point,11.0,9.0,2.0,0,Finished,8.0,89.899,89.538,90.126,,0.0
2018,17,Japanese Grand Prix,Japan,2018-10-07 00:00:00,Japanese Grand Prix,SAI,55,Renault,13.0,10.0,1.0,0,+1 Lap,13.0,90.236,90.49,,,0.0
2018,17,Japanese Grand Prix,Japan,2018-10-07 00:00:00,Japanese Grand Prix,GAS,10,Toro Rosso,7.0,11.0,0.0,0,+1 Lap,7.0,90.137,89.81,90.093,,0.0
2018,17,Japanese Grand Prix,Japan,2018-10-07 00:00:00,Japanese Grand Prix,ERI,9,Sauber,20.0,12.0,0.0,0,+1 Lap,20.0,91.213,,,,0.0
2018,17,Japanese Grand Prix,Japan,2018-10-07 00:00:00,Japanese Grand Prix,HAR,28,Toro Rosso,6.0,13.0,0.0,0,+1 Lap,6.0,90.248,89.848,90.023,,0.0
2018,17,Japanese Grand Prix,Japan,2018-10-07 00:00:00,Japanese Grand Prix,ALO,14,McLaren,18.0,14.0,0.0,0,+1 Lap,18.0,90.573,,,,0.0
2018,17,Japanese Grand Prix,Japan,2018-10-07 00:00:00,Japanese Grand Prix,VAN,2,McLaren,19.0,15.0,0.0,0,+1 Lap,19.0,91.041,,,,0.0
2018,17,Japanese Grand Prix,Japan,2018-10-07 00:00:00,Japanese Grand Prix,SIR,35,Williams,17.0,16.0,0.0,0,+1 Lap,17.0,90.372,,,,0.0
2018,17,Japanese Grand Prix,Japan,2018-10-07 00:00:00,Japanese Grand Prix,STR,18,Williams,14.0,17.0,0.0,0,+1 Lap,14.0,90.317,90.714,,,0.0
2018,17,Japanese Grand Prix,Japan,2018-10-07 00:00:00,Japanese Grand Prix,LEC,16,Sauber,10.0,18.0,0.0,1,Mechanical,11.0,89.706,89.864,,,0.0
2018,17,Japanese Grand Prix,Japan,2018-10-07 00:00:00,Japanese Grand Prix,HUL,27,Renault,16.0,19.0,0.0,1,Engine,16.0,90.361,,,,0.0
2018,17,Japanese Grand Prix,Japan,2018-10-07 00:00:00,Japanese Grand Prix,MAG,20,Haas F1 Team,12.0,20.0,0.0,1,Collision damage,12.0,90.219,90.226,,,0.0
2018,18,United States Grand Prix,United States,2018-10-21 00:00:00,United States Grand Prix,RAI,7,Ferrari,2.0,1.0,25.0,0,Finished,3.0,94.703,92.884,92.307,,0.0
2018,18,United States Grand Prix,United States,2018-10-21 00:00:00,United States Grand Prix,VER,33,Red Bull Racing,18.0,2.0,18.0,0,Finished,15.0,94.766,,,,0.0
2018,18,United States Grand Prix,United States,2018-10-21 00:00:00,United States Grand Prix,HAM,44,Mercedes,1.0,3.0,15.0,0,Finished,1.0,94.13,93.48,92.237,,0.0
2018,18,United States Grand Prix,United States,2018-10-21 00:00:00,United States Grand Prix,VET,5,Ferrari,5.0,4.0,12.0,0,Finished,2.0,94.569,93.079,92.298,,0.0
2018,18,United States Grand Prix,United States,2018-10-21 00:00:00,United States Grand Prix,BOT,77,Mercedes,3.0,5.0,10.0,0,Finished,4.0,94.518,93.702,92.616,,0.0
2018,18,United States Grand Prix,United States,2018-10-21 00:00:00,United States Grand Prix,HUL,27,Renault,7.0,6.0,8.0,0,Finished,7.0,94.932,94.564,94.215,,0.0
2018,18,United States Grand Prix,United States,2018-10-21 00:00:00,United States Grand Prix,SAI,55,Renault,11.0,7.0,6.0,0,Finished,11.0,94.891,94.566,,,0.0
2018,18,United States Grand Prix,United States,2018-10-21 00:00:00,United States Grand Prix,PER,11,Racing Point,10.0,8.0,4.0,0,Finished,10.0,95.193,94.525,94.594,,0.0
2018,18,United States Grand Prix,United States,2018-10-21 00:00:00,United States Grand Prix,HAR,28,Toro Rosso,20.0,9.0,2.0,0,+1 Lap,14.0,95.206,,,,0.0
2018,18,United States Grand Prix,United States,2018-10-21 00:00:00,United States Grand Prix,ERI,9,Sauber,16.0,10.0,1.0,0,+1 Lap,19.0,95.536,,,,0.0
2018,18,United States Grand Prix,United States,2018-10-21 00:00:00,United States Grand Prix,VAN,2,McLaren,17.0,11.0,0.0,0,+1 Lap,20.0,95.735,,,,0.0
2018,18,United States Grand Prix,United States,2018-10-21 00:00:00,United States Grand Prix,GAS,10,Toro Rosso,19.0,12.0,0.0,0,+1 Lap,13.0,94.85,,,,0.0
2018,18,United States Grand Prix,United States,2018-10-21 00:00:00,United States Grand Prix,SIR,35,Williams,14.0,13.0,0.0,0,+1 Lap,17.0,95.362,,,,0.0
2018,18,United States Grand Prix,United States,2018-10-21 00:00:00,United States Grand Prix,STR,18,Williams,15.0,14.0,0.0,0,+2 Laps,18.0,95.48,,,,0.0
2018,18,United States Grand Prix,United States,2018-10-21 00:00:00,United States Grand Prix,LEC,16,Sauber,9.0,15.0,0.0,1,Collision damage,9.0,95.069,94.255,94.42,,0.0
2018,18,United States Grand Prix,United States,2018-10-21 00:00:00,United States Grand Prix,RIC,3,Red Bull Racing,4.0,16.0,0.0,1,Battery,5.0,94.755,94.185,93.494,,0.0
2018,18,United States Grand Prix,United States,2018-10-21 00:00:00,United States Grand Prix,GRO,8,Haas F1 Team,8.0,17.0,0.0,1,Collision damage,8.0,94.892,94.419,94.25,,0.0
2018,18,United States Grand Prix,United States,2018-10-21 00:00:00,United States Grand Prix,ALO,14,McLaren,13.0,18.0,0.0,1,Collision,16.0,95.294,,,,0.0
2018,18,United States Grand Prix,United States,2018-10-21 00:00:00,United States Grand Prix,OCO,31,Racing Point,6.0,19.0,0.0,1,Disqualified,6.0,94.876,94.522,94.145,,0.0
2018,18,United States Grand Prix,United States,2018-10-21 00:00:00,United States Grand Prix,MAG,20,Haas F1 Team,12.0,20.0,0.0,1,Disqualified,12.0,94.972,94.732,,,0.0
2018,19,Mexican Grand Prix,Mexico,2018-10-28 00:00:00,Mexican Grand Prix,VER,33,Red Bull Racing,2.0,1.0,25.0,0,Finished,2.0,75.756,75.64,74.785,,0.0
2018,19,Mexican Grand Prix,Mexico,2018-10-28 00:00:00,Mexican Grand Prix,VET,5,Ferrari,4.0,2.0,18.0,0,Finished,4.0,76.089,75.715,74.97,,0.0
2018,19,Mexican Grand Prix,Mexico,2018-10-28 00:00:00,Mexican Grand Prix,RAI,7,Ferrari,6.0,3.0,15.0,0,Finished,6.0,76.446,75.996,75.33,,0.0
2018,19,Mexican Grand Prix,Mexico,2018-10-28 00:00:00,Mexican Grand Prix,HAM,44,Mercedes,3.0,4.0,12.0,0,Finished,3.0,75.673,75.644,74.894,,0.0
2018,19,Mexican Grand Prix,Mexico,2018-10-28 00:00:00,Mexican Grand Prix,BOT,77,Mercedes,5.0,5.0,10.0,0,+1 Lap,5.0,75.58,75.923,75.16,,0.0
2018,19,Mexican Grand Prix,Mexico,2018-10-28 00:00:00,Mexican Grand Prix,HUL,27,Renault,7.0,6.0,8.0,0,+2 Laps,7.0,76.498,76.126,75.827,,0.0
2018,19,Mexican Grand Prix,Mexico,2018-10-28 00:00:00,Mexican Grand Prix,LEC,16,Sauber,9.0,7.0,6.0,0,+2 Laps,9.0,76.862,76.32,76.189,,0.0
2018,19,Mexican Grand Prix,Mexico,2018-10-28 00:00:00,Mexican Grand Prix,VAN,2,McLaren,15.0,8.0,4.0,0,+2 Laps,17.0,76.966,,,,0.0
2018,19,Mexican Grand Prix,Mexico,2018-10-28 00:00:00,Mexican Grand Prix,ERI,9,Sauber,10.0,9.0,2.0,0,+2 Laps,10.0,76.701,76.633,76.513,,0.0
2018,19,Mexican Grand Prix,Mexico,2018-10-28 00:00:00,Mexican Grand Prix,GAS,10,Toro Rosso,20.0,10.0,1.0,0,+2 Laps,15.0,76.828,,,,0.0
2018,19,Mexican Grand Prix,Mexico,2018-10-28 00:00:00,Mexican Grand Prix,OCO,31,Racing Point,11.0,11.0,0.0,0,+2 Laps,11.0,76.252,76.844,,,0.0
2018,19,Mexican Grand Prix,Mexico,2018-10-28 00:00:00,Mexican Grand Prix,STR,18,Williams,17.0,12.0,0.0,0,+2 Laps,19.0,77.689,,,,0.0
2018,19,Mexican Grand Prix,Mexico,2018-10-28 00:00:00,Mexican Grand Prix,SIR,35,Williams,19.0,13.0,0.0,0,+2 Laps,20.0,77.886,,,,0.0
2018,19,Mexican Grand Prix,Mexico,2018-10-28 00:00:00,Mexican Grand Prix,HAR,28,Toro Rosso,14.0,14.0,0.0,0,+2 Laps,14.0,76.682,77.184,,,0.0
2018,19,Mexican Grand Prix,Mexico,2018-10-28 00:00:00,Mexican Grand Prix,MAG,20,Haas F1 Team,16.0,15.0,0.0,0,+2 Laps,18.0,77.599,,,,0.0
2018,19,Mexican Grand Prix,Mexico,2018-10-28 00:00:00,Mexican Grand Prix,GRO,8,Haas F1 Team,18.0,16.0,0.0,0,+3 Laps,16.0,76.911,,,,0.0
2018,19,Mexican Grand Prix,Mexico,2018-10-28 00:00:00,Mexican Grand Prix,RIC,3,Red Bull Racing,1.0,17.0,0.0,1,Engine,1.0,75.866,75.845,74.759,,0.0
2018,19,Mexican Grand Prix,Mexico,2018-10-28 00:00:00,Mexican Grand Prix,PER,11,Racing Point,13.0,18.0,0.0,1,Brakes,13.0,76.242,77.167,,,0.0
2018,19,Mexican Grand Prix,Mexico,2018-10-28 00:00:00,Mexican Grand Prix,SAI,55,Renault,8.0,19.0,0.0,1,Suspension,8.0,76.813,76.188,76.084,,0.0
2018,19,Mexican Grand Prix,Mexico,2018-10-28 00:00:00,Mexican Grand Prix,ALO,14,McLaren,12.0,20.0,0.0,1,Engine,12.0,76.857,76.871,,,0.0
2018,20,Brazilian Grand Prix,Brazil,2018-11-11 00:00:00,Brazilian Grand Prix,HAM,44,Mercedes,1.0,1.0,25.0,0,Finished,1.0,68.464,67.795,67.281,,0.0
2018,20,Brazilian Grand Prix,Brazil,2018-11-11 00:00:00,Brazilian Grand Prix,VER,33,Red Bull Racing,5.0,2.0,18.0,0,Finished,5.0,68.205,68.017,67.778,,0.0
2018,20,Brazilian Grand Prix,Brazil,2018-11-11 00:00:00,Brazilian Grand Prix,RAI,7,Ferrari,4.0,3.0,15.0,0,Finished,4.0,68.452,68.028,67.456,,0.0
2018,20,Brazilian Grand Prix,Brazil,2018-11-11 00:00:00,Brazilian Grand Prix,RIC,3,Red Bull Racing,11.0,4.0,12.0,0,Finished,6.0,68.544,68.055,67.78,,0.0
2018,20,Brazilian Grand Prix,Brazil,2018-11-11 00:00:00,Brazilian Grand Prix,BOT,77,Mercedes,3.0,5.0,10.0,0,Finished,3.0,68.492,67.727,67.441,,0.0
2018,20,Brazilian Grand Prix,Brazil,2018-11-11 00:00:00,Brazilian Grand Prix,VET,5,Ferrari,2.0,6.0,8.0,0,Finished,2.0,68.452,67.776,67.374,,0.0
2018,20,Brazilian Grand Prix,Brazil,2018-11-11 00:00:00,Brazilian Grand Prix,LEC,16,Sauber,7.0,7.0,6.0,0,Finished,8.0,68.667,68.335,68.492,,0.0
2018,20,Brazilian Grand Prix,Brazil,2018-11-11 00:00:00,Brazilian Grand Prix,GRO,8,Haas F1 Team,8.0,8.0,4.0,0,Finished,9.0,68.735,68.239,68.517,,0.0
2018,20,Brazilian Grand Prix,Brazil,2018-11-11 00:00:00,Brazilian Grand Prix,MAG,20,Haas F1 Team,10.0,9.0,2.0,0,Finished,11.0,68.474,68.659,,,0.0
2018,20,Brazilian Grand Prix,Brazil,2018-11-11 00:00:00,Brazilian Grand Prix,PER,11,Racing Point,12.0,10.0,1.0,0,+1 Lap,12.0,69.217,68.741,,,0.0
2018,20,Brazilian Grand Prix,Brazil,2018-11-11 00:00:00,Brazilian Grand Prix,HAR,28,Toro Rosso,16.0,11.0,0.0,0,+1 Lap,17.0,69.28,,,,0.0
2018,20,Brazilian Grand Prix,Brazil,2018-11-11 00:00:00,Brazilian Grand Prix,SAI,55,Renault,15.0,12.0,0.0,0,+1 Lap,16.0,69.269,,,,0.0
2018,20,Brazilian Grand Prix,Brazil,2018-11-11 00:00:00,Brazilian Grand Prix,GAS,10,Toro Rosso,9.0,13.0,0.0,0,+1 Lap,10.0,69.046,68.616,69.029,,0.0
2018,20,Brazilian Grand Prix,Brazil,2018-11-11 00:00:00,Brazilian Grand Prix,VAN,2,McLaren,20.0,14.0,0.0,0,+1 Lap,20.0,69.601,,,,0.0
2018,20,Brazilian Grand Prix,Brazil,2018-11-11 00:00:00,Brazilian Grand Prix,OCO,31,Racing Point,18.0,15.0,0.0,0,+1 Lap,13.0,69.264,68.77,,,0.0
2018,20,Brazilian Grand Prix,Brazil,2018-11-11 00:00:00,Brazilian Grand Prix,SIR,35,Williams,14.0,16.0,0.0,0,+2 Laps,15.0,69.259,70.381,,,0.0
2018,20,Brazilian Grand Prix,Brazil,2018-11-11 00:00:00,Brazilian Grand Prix,ALO,14,McLaren,17.0,17.0,0.0,0,+2 Laps,18.0,69.402,,,,0.0
2018,20,Brazilian Grand Prix,Brazil,2018-11-11 00:00:00,Brazilian Grand Prix,STR,18,Williams,19.0,18.0,0.0,0,+2 Laps,19.0,69.441,,,,0.0
2018,20,Brazilian Grand Prix,Brazil,2018-11-11 00:00:00,Brazilian Grand Prix,HUL,27,Renault,13.0,19.0,0.0,1,Overheating,14.0,69.009,68.834,,,0.0
2018,20,Brazilian Grand Prix,Brazil,2018-11-11 00:00:00,Brazilian Grand Prix,ERI,9,Sauber,6.0,20.0,0.0,1,Collision,7.0,68.754,68.579,68.296,,0.0
2018,21,Abu Dhabi Grand Prix,United Arab Emirates,2018-11-25 00:00:00,Abu Dhabi Grand Prix,HAM,44,Mercedes,1.0,1.0,25.0,0,Finished,1.0,96.828,95.693,94.794,,0.0
2018,21,Abu Dhabi Grand Prix,United Arab Emirates,2018-11-25 00:00:00,Abu Dhabi Grand Prix,VET,5,Ferrari,3.0,2.0,18.0,0,Finished,3.0,96.775,96.345,95.125,,0.0
2018,21,Abu Dhabi Grand Prix,United Arab Emirates,2018-11-25 00:00:00,Abu Dhabi Grand Prix,VER,33,Red Bull Racing,6.0,3.0,15.0,0,Finished,6.0,97.195,96.144,95.589,,0.0
2018,21,Abu Dhabi Grand Prix,United Arab Emirates,2018-11-25 00:00:00,Abu Dhabi Grand Prix,RIC,3,Red Bull Racing,5.0,4.0,12.0,0,Finished,5.0,97.117,96.964,95.401,,0.0
2018,21,Abu Dhabi Grand Prix,United Arab Emirates,2018-11-25 00:00:00,Abu Dhabi Grand Prix,BOT,77,Mercedes,2.0,5.0,10.0,0,Finished,2.0,96.789,96.392,94.956,,0.0
2018,21,Abu Dhabi Grand Prix,United Arab Emirates,2018-11-25 00:00:00,Abu Dhabi Grand Prix,SAI,55,Renault,11.0,6.0,8.0,0,Finished,11.0,97.757,96.982,,,0.0
2018,21,Abu Dhabi Grand Prix,United Arab Emirates,2018-11-25 00:00:00,Abu Dhabi Grand Prix,LEC,16,Sauber,8.0,7.0,6.0,0,Finished,8.0,97.124,96.58,96.237,,0.0
2018,21,Abu Dhabi Grand Prix,United Arab Emirates,2018-11-25 00:00:00,Abu Dhabi Grand Prix,PER,11,Racing Point,14.0,8.0,4.0,0,Finished,14.0,97.255,97.541,,,0.0
2018,21,Abu Dhabi Grand Prix,United Arab Emirates,2018-11-25 00:00:00,Abu Dhabi Grand Prix,GRO,8,Haas F1 Team,7.0,9.0,2.0,0,+1 Lap,7.0,97.575,96.732,96.192,,0.0
2018,21,Abu Dhabi Grand Prix,United Arab Emirates,2018-11-25 00:00:00,Abu Dhabi Grand Prix,MAG,20,Haas F1 Team,13.0,10.0,1.0,0,+1 Lap,13.0,97.934,97.309,,,0.0
2018,21,Abu Dhabi Grand Prix,United Arab Emirates,2018-11-25 00:00:00,Abu Dhabi Grand Prix,ALO,14,McLaren,15.0,11.0,0.0,0,+1 Lap,15.0,97.89,97.743,,,0.0
2018,21,Abu Dhabi Grand Prix,United Arab Emirates,2018-11-25 00:00:00,Abu Dhabi Grand Prix,HAR,28,Toro Rosso,16.0,12.0,0.0,0,+1 Lap,16.0,97.994,,,,0.0
2018,21,Abu Dhabi Grand Prix,United Arab Emirates,2018-11-25 00:00:00,Abu Dhabi Grand Prix,STR,18,Williams,20.0,13.0,0.0,0,+1 Lap,20.0,98.682,,,,0.0
2018,21,Abu Dhabi Grand Prix,United Arab Emirates,2018-11-25 00:00:00,Abu Dhabi Grand Prix,VAN,2,McLaren,18.0,14.0,0.0,0,+1 Lap,18.0,98.577,,,,0.0
2018,21,Abu Dhabi Grand Prix,United Arab Emirates,2018-11-25 00:00:00,Abu Dhabi Grand Prix,SIR,35,Williams,19.0,15.0,0.0,0,+1 Lap,19.0,98.635,,,,0.0
2018,21,Abu Dhabi Grand Prix,United Arab Emirates,2018-11-25 00:00:00,Abu Dhabi Grand Prix,GAS,10,Toro Rosso,17.0,16.0,0.0,1,Engine,17.0,98.166,,,,0.0
2018,21,Abu Dhabi Grand Prix,United Arab Emirates,2018-11-25 00:00:00,Abu Dhabi Grand Prix,OCO,31,Racing Point,9.0,17.0,0.0,1,Engine,9.0,96.936,96.814,96.54,,0.0
2018,21,Abu Dhabi Grand Prix,United Arab Emirates,2018-11-25 00:00:00,Abu Dhabi Grand Prix,ERI,9,Sauber,12.0,18.0,0.0,1,Power loss,12.0,97.619,97.132,,,0.0
2018,21,Abu Dhabi Grand Prix,United Arab Emirates,2018-11-25 00:00:00,Abu Dhabi Grand Prix,RAI,7,Ferrari,4.0,19.0,0.0,1,Power loss,4.0,97.01,96.735,95.365,,0.0
2018,21,Abu Dhabi Grand Prix,United Arab Emirates,2018-11-25 00:00:00,Abu Dhabi Grand Prix,HUL,27,Renault,10.0,20.0,0.0,1,Collision,10.0,97.569,96.63,96.542,,0.0
2019,1,Australian Grand Prix,Australia,2019-03-17 00:00:00,Australian Grand Prix,BOT,77,Mercedes,2.0,1.0,26.0,0,Finished,2.0,82.367,81.193,80.598,,0.0
2019,1,Australian Grand Prix,Australia,2019-03-17 00:00:00,Australian Grand Prix,HAM,44,Mercedes,1.0,2.0,18.0,0,Finished,1.0,82.043,81.014,80.486,,0.0
2019,1,Australian Grand Prix,Australia,2019-03-17 00:00:00,Australian Grand Prix,VER,33,Red Bull Racing,4.0,3.0,15.0,0,Finished,4.0,82.876,81.678,81.32,,0.0
2019,1,Australian Grand Prix,Australia,2019-03-17 00:00:00,Australian Grand Prix,VET,5,Ferrari,3.0,4.0,12.0,0,Finished,3.0,82.885,81.912,81.19,,0.0
2019,1,Australian Grand Prix,Australia,2019-03-17 00:00:00,Australian Grand Prix,LEC,16,Ferrari,5.0,5.0,10.0,0,Finished,5.0,82.017,81.739,81.442,,0.0
2019,1,Australian Grand Prix,Australia,2019-03-17 00:00:00,Australian Grand Prix,MAG,20,Haas F1 Team,7.0,6.0,8.0,0,Finished,7.0,82.519,82.221,82.099,,0.0
2019,1,Australian Grand Prix,Australia,2019-03-17 00:00:00,Australian Grand Prix,HUL,27,Renault,11.0,7.0,6.0,0,+1 Lap,11.0,82.54,82.562,,,0.0
2019,1,Australian Grand Prix,Australia,2019-03-17 00:00:00,Australian Grand Prix,RAI,7,Alfa Romeo Racing,9.0,8.0,4.0,0,+1 Lap,9.0,82.966,82.349,82.314,,0.0
2019,1,Australian Grand Prix,Australia,2019-03-17 00:00:00,Australian Grand Prix,STR,18,Racing Point,16.0,9.0,2.0,0,+1 Lap,16.0,83.017,,,,0.0
2019,1,Australian Grand Prix,Australia,2019-03-17 00:00:00,Australian Grand Prix,KVY,26,Toro Rosso,15.0,10.0,1.0,0,+1 Lap,15.0,82.511,82.774,,,0.0
2019,1,Australian Grand Prix,Australia,2019-03-17 00:00:00,Australian Grand Prix,GAS,10,Red Bull Racing,17.0,11.0,0.0,0,+1 Lap,17.0,83.02,,,,0.0
2019,1,Australian Grand Prix,Australia,2019-03-17 00:00:00,Australian Grand Prix,NOR,4,McLaren,8.0,12.0,0.0,0,+1 Lap,8.0,82.702,82.423,82.304,,0.0
2019,1,Australian Grand Prix,Australia,2019-03-17 00:00:00,Australian Grand Prix,PER,11,Racing Point,10.0,13.0,0.0,0,+1 Lap,10.0,82.908,82.532,82.781,,0.0
2019,1,Australian Grand Prix,Australia,2019-03-17 00:00:00,Australian Grand Prix,ALB,23,Toro Rosso,13.0,14.0,0.0,0,+1 Lap,13.0,82.757,82.636,,,0.0
2019,1,Australian Grand Prix,Australia,2019-03-17 00:00:00,Australian Grand Prix,GIO,99,Alfa Romeo Racing,14.0,15.0,0.0,0,+1 Lap,14.0,82.431,82.714,,,0.0
2019,1,Australian Grand Prix,Australia,2019-03-17 00:00:00,Australian Grand Prix,RUS,63,Williams,19.0,16.0,0.0,0,+2 Laps,19.0,84.36,,,,0.0
2019,1,Australian Grand Prix,Australia,2019-03-17 00:00:00,Australian Grand Prix,KUB,88,Williams,20.0,17.0,0.0,0,+3 Laps,20.0,86.067,,,,0.0
2019,1,Australian Grand Prix,Australia,2019-03-17 00:00:00,Australian Grand Prix,GRO,8,Haas F1 Team,6.0,18.0,0.0,1,Wheel,6.0,82.959,81.87,81.826,,0.0
2019,1,Australian Grand Prix,Australia,2019-03-17 00:00:00,Australian Grand Prix,RIC,3,Renault,12.0,19.0,0.0,1,Damage,12.0,82.921,82.57,,,0.0
2019,1,Australian Grand Prix,Australia,2019-03-17 00:00:00,Australian Grand Prix,SAI,55,McLaren,18.0,20.0,0.0,1,Engine,18.0,83.084,,,,0.0
2019,2,Bahrain Grand Prix,Bahrain,2019-03-31 00:00:00,Bahrain Grand Prix,HAM,44,Mercedes,3.0,1.0,25.0,0,Finished,3.0,89.262,88.578,88.19,,0.0
2019,2,Bahrain Grand Prix,Bahrain,2019-03-31 00:00:00,Bahrain Grand Prix,BOT,77,Mercedes,4.0,2.0,18.0,0,Finished,4.0,89.498,88.83,88.256,,0.0
2019,2,Bahrain Grand Prix,Bahrain,2019-03-31 00:00:00,Bahrain Grand Prix,LEC,16,Ferrari,1.0,3.0,16.0,0,Finished,1.0,88.495,88.046,87.866,,0.0
2019,2,Bahrain Grand Prix,Bahrain,2019-03-31 00:00:00,Bahrain Grand Prix,VER,33,Red Bull Racing,5.0,4.0,12.0,0,Finished,5.0,89.579,89.109,88.752,,0.0
2019,2,Bahrain Grand Prix,Bahrain,2019-03-31 00:00:00,Bahrain Grand Prix,VET,5,Ferrari,2.0,5.0,10.0,0,Finished,2.0,88.733,88.356,88.16,,0.0
2019,2,Bahrain Grand Prix,Bahrain,2019-03-31 00:00:00,Bahrain Grand Prix,NOR,4,McLaren,9.0,6.0,8.0,0,Finished,10.0,89.381,89.258,89.043,,0.0
2019,2,Bahrain Grand Prix,Bahrain,2019-03-31 00:00:00,Bahrain Grand Prix,RAI,7,Alfa Romeo Racing,8.0,7.0,6.0,0,Finished,9.0,89.959,89.471,89.022,,0.0
2019,2,Bahrain Grand Prix,Bahrain,2019-03-31 00:00:00,Bahrain Grand Prix,GAS,10,Red Bull Racing,13.0,8.0,4.0,0,Finished,13.0,89.9,89.526,,,0.0
2019,2,Bahrain Grand Prix,Bahrain,2019-03-31 00:00:00,Bahrain Grand Prix,ALB,23,Toro Rosso,12.0,9.0,2.0,0,Finished,12.0,89.514,89.513,,,0.0
2019,2,Bahrain Grand Prix,Bahrain,2019-03-31 00:00:00,Bahrain Grand Prix,PER,11,Racing Point,14.0,10.0,1.0,0,Finished,14.0,89.893,89.756,,,0.0
2019,2,Bahrain Grand Prix,Bahrain,2019-03-31 00:00:00,Bahrain Grand Prix,GIO,99,Alfa Romeo Racing,16.0,11.0,0.0,0,Finished,16.0,90.026,,,,0.0
2019,2,Bahrain Grand Prix,Bahrain,2019-03-31 00:00:00,Bahrain Grand Prix,KVY,26,Toro Rosso,15.0,12.0,0.0,0,+1 Lap,15.0,89.876,89.854,,,0.0
2019,2,Bahrain Grand Prix,Bahrain,2019-03-31 00:00:00,Bahrain Grand Prix,MAG,20,Haas F1 Team,6.0,13.0,0.0,0,+1 Lap,6.0,89.532,89.017,88.757,,0.0
2019,2,Bahrain Grand Prix,Bahrain,2019-03-31 00:00:00,Bahrain Grand Prix,STR,18,Racing Point,18.0,14.0,0.0,0,+1 Lap,18.0,90.217,,,,0.0
2019,2,Bahrain Grand Prix,Bahrain,2019-03-31 00:00:00,Bahrain Grand Prix,RUS,63,Williams,19.0,15.0,0.0,0,+1 Lap,19.0,91.759,,,,0.0
2019,2,Bahrain Grand Prix,Bahrain,2019-03-31 00:00:00,Bahrain Grand Prix,KUB,88,Williams,20.0,16.0,0.0,0,+2 Laps,20.0,91.799,,,,0.0
2019,2,Bahrain Grand Prix,Bahrain,2019-03-31 00:00:00,Bahrain Grand Prix,HUL,27,Renault,17.0,17.0,0.0,1,Engine,17.0,90.034,,,,0.0
2019,2,Bahrain Grand Prix,Bahrain,2019-03-31 00:00:00,Bahrain Grand Prix,RIC,3,Renault,10.0,18.0,0.0,1,Out of fuel,11.0,89.859,89.488,,,0.0
2019,2,Bahrain Grand Prix,Bahrain,2019-03-31 00:00:00,Bahrain Grand Prix,SAI,55,McLaren,7.0,19.0,0.0,1,Collision damage,7.0,89.528,89.055,88.813,,0.0
2019,2,Bahrain Grand Prix,Bahrain,2019-03-31 00:00:00,Bahrain Grand Prix,GRO,8,Haas F1 Team,11.0,20.0,0.0,1,Retired,8.0,89.688,89.249,89.015,,0.0
2019,3,Chinese Grand Prix,China,2019-04-14 00:00:00,Chinese Grand Prix,HAM,44,Mercedes,2.0,1.0,25.0,0,Finished,2.0,93.115,91.637,91.57,,0.0
2019,3,Chinese Grand Prix,China,2019-04-14 00:00:00,Chinese Grand Prix,BOT,77,Mercedes,1.0,2.0,18.0,0,Finished,1.0,92.658,91.728,91.547,,0.0
2019,3,Chinese Grand Prix,China,2019-04-14 00:00:00,Chinese Grand Prix,VET,5,Ferrari,3.0,3.0,15.0,0,Finished,3.0,93.557,92.232,91.848,,0.0
2019,3,Chinese Grand Prix,China,2019-04-14 00:00:00,Chinese Grand Prix,VER,33,Red Bull Racing,5.0,4.0,12.0,0,Finished,5.0,93.274,92.369,92.089,,0.0
2019,3,Chinese Grand Prix,China,2019-04-14 00:00:00,Chinese Grand Prix,LEC,16,Ferrari,4.0,5.0,10.0,0,Finished,4.0,92.712,92.324,91.865,,0.0
2019,3,Chinese Grand Prix,China,2019-04-14 00:00:00,Chinese Grand Prix,GAS,10,Red Bull Racing,6.0,6.0,9.0,0,Finished,6.0,93.863,92.948,92.93,,0.0
2019,3,Chinese Grand Prix,China,2019-04-14 00:00:00,Chinese Grand Prix,RIC,3,Renault,7.0,7.0,6.0,0,+1 Lap,7.0,93.709,93.214,92.958,,0.0
2019,3,Chinese Grand Prix,China,2019-04-14 00:00:00,Chinese Grand Prix,PER,11,Racing Point,12.0,8.0,4.0,0,+1 Lap,12.0,94.026,93.299,,,0.0
2019,3,Chinese Grand Prix,China,2019-04-14 00:00:00,Chinese Grand Prix,RAI,7,Alfa Romeo Racing,13.0,9.0,2.0,0,+1 Lap,13.0,94.125,93.419,,,0.0
2019,3,Chinese Grand Prix,China,2019-04-14 00:00:00,Chinese Grand Prix,ALB,23,Toro Rosso,20.0,10.0,1.0,0,+1 Lap,,,,,,0.0
2019,3,Chinese Grand Prix,China,2019-04-14 00:00:00,Chinese Grand Prix,GRO,8,Haas F1 Team,10.0,11.0,0.0,0,+1 Lap,10.0,93.752,93.156,,,0.0
2019,3,Chinese Grand Prix,China,2019-04-14 00:00:00,Chinese Grand Prix,STR,18,Racing Point,16.0,12.0,0.0,0,+1 Lap,16.0,94.292,,,,0.0
2019,3,Chinese Grand Prix,China,2019-04-14 00:00:00,Chinese Grand Prix,MAG,20,Haas F1 Team,9.0,13.0,0.0,0,+1 Lap,9.0,94.036,93.15,,,0.0
2019,3,Chinese Grand Prix,China,2019-04-14 00:00:00,Chinese Grand Prix,SAI,55,McLaren,14.0,14.0,0.0,0,+1 Lap,14.0,93.686,93.523,,,0.0
2019,3,Chinese Grand Prix,China,2019-04-14 00:00:00,Chinese Grand Prix,GIO,99,Alfa Romeo Racing,19.0,15.0,0.0,0,+1 Lap,,,,,,0.0
2019,3,Chinese Grand Prix,China,2019-04-14 00:00:00,Chinese Grand Prix,RUS,63,Williams,17.0,16.0,0.0,0,+2 Laps,17.0,95.253,,,,0.0
2019,3,Chinese Grand Prix,China,2019-04-14 00:00:00,Chinese Grand Prix,KUB,88,Williams,18.0,17.0,0.0,0,+2 Laps,18.0,95.281,,,,0.0
2019,3,Chinese Grand Prix,China,2019-04-14 00:00:00,Chinese Grand Prix,NOR,4,McLaren,15.0,18.0,0.0,1,Collision,15.0,94.148,93.967,,,0.0
2019,3,Chinese Grand Prix,China,2019-04-14 00:00:00,Chinese Grand Prix,KVY,26,Toro Rosso,11.0,19.0,0.0,1,Collision,11.0,93.783,93.236,,,0.0
2019,3,Chinese Grand Prix,China,2019-04-14 00:00:00,Chinese Grand Prix,HUL,27,Renault,8.0,20.0,0.0,1,Power Unit,8.0,93.644,93.968,92.962,,0.0
2019,4,Azerbaijan Grand Prix,Azerbaijan,2019-04-28 00:00:00,Azerbaijan Grand Prix,BOT,77,Mercedes,1.0,1.0,25.0,0,Finished,1.0,102.026,101.5,100.495,,0.0
2019,4,Azerbaijan Grand Prix,Azerbaijan,2019-04-28 00:00:00,Azerbaijan Grand Prix,HAM,44,Mercedes,2.0,2.0,18.0,0,Finished,2.0,101.614,101.58,100.554,,0.0
2019,4,Azerbaijan Grand Prix,Azerbaijan,2019-04-28 00:00:00,Azerbaijan Grand Prix,VET,5,Ferrari,3.0,3.0,15.0,0,Finished,3.0,102.042,101.889,100.797,,0.0
2019,4,Azerbaijan Grand Prix,Azerbaijan,2019-04-28 00:00:00,Azerbaijan Grand Prix,VER,33,Red Bull Racing,4.0,4.0,12.0,0,Finished,4.0,101.727,101.388,101.069,,0.0
2019,4,Azerbaijan Grand Prix,Azerbaijan,2019-04-28 00:00:00,Azerbaijan Grand Prix,LEC,16,Ferrari,8.0,5.0,11.0,0,Finished,9.0,101.426,101.995,,,0.0
2019,4,Azerbaijan Grand Prix,Azerbaijan,2019-04-28 00:00:00,Azerbaijan Grand Prix,PER,11,Racing Point,5.0,6.0,8.0,0,Finished,5.0,102.249,101.87,101.593,,0.0
2019,4,Azerbaijan Grand Prix,Azerbaijan,2019-04-28 00:00:00,Azerbaijan Grand Prix,SAI,55,McLaren,9.0,7.0,6.0,0,Finished,10.0,101.936,102.398,,,0.0
2019,4,Azerbaijan Grand Prix,Azerbaijan,2019-04-28 00:00:00,Azerbaijan Grand Prix,NOR,4,McLaren,7.0,8.0,4.0,0,Finished,7.0,102.371,102.084,101.886,,0.0
2019,4,Azerbaijan Grand Prix,Azerbaijan,2019-04-28 00:00:00,Azerbaijan Grand Prix,STR,18,Racing Point,13.0,9.0,2.0,0,Finished,14.0,102.63,,,,0.0
2019,4,Azerbaijan Grand Prix,Azerbaijan,2019-04-28 00:00:00,Azerbaijan Grand Prix,RAI,7,Alfa Romeo Racing,20.0,10.0,1.0,0,+1 Lap,19.0,,,,,0.0
2019,4,Azerbaijan Grand Prix,Azerbaijan,2019-04-28 00:00:00,Azerbaijan Grand Prix,ALB,23,Toro Rosso,11.0,11.0,0.0,0,+1 Lap,12.0,102.154,102.494,,,0.0
2019,4,Azerbaijan Grand Prix,Azerbaijan,2019-04-28 00:00:00,Azerbaijan Grand Prix,GIO,99,Alfa Romeo Racing,17.0,12.0,0.0,0,+1 Lap,8.0,102.14,102.381,102.424,,0.0
2019,4,Azerbaijan Grand Prix,Azerbaijan,2019-04-28 00:00:00,Azerbaijan Grand Prix,MAG,20,Haas F1 Team,12.0,13.0,0.0,0,+1 Lap,13.0,102.382,102.699,,,0.0
2019,4,Azerbaijan Grand Prix,Azerbaijan,2019-04-28 00:00:00,Azerbaijan Grand Prix,HUL,27,Renault,15.0,14.0,0.0,0,+1 Lap,16.0,103.427,,,,0.0
2019,4,Azerbaijan Grand Prix,Azerbaijan,2019-04-28 00:00:00,Azerbaijan Grand Prix,RUS,63,Williams,16.0,15.0,0.0,0,+2 Laps,17.0,105.062,,,,0.0
2019,4,Azerbaijan Grand Prix,Azerbaijan,2019-04-28 00:00:00,Azerbaijan Grand Prix,KUB,88,Williams,20.0,16.0,0.0,0,+2 Laps,18.0,105.455,,,,0.0
2019,4,Azerbaijan Grand Prix,Azerbaijan,2019-04-28 00:00:00,Azerbaijan Grand Prix,GAS,10,Red Bull Racing,20.0,17.0,0.0,1,Transmission,20.0,,,,,0.0
2019,4,Azerbaijan Grand Prix,Azerbaijan,2019-04-28 00:00:00,Azerbaijan Grand Prix,GRO,8,Haas F1 Team,14.0,18.0,0.0,1,Brakes,15.0,103.407,,,,0.0
2019,4,Azerbaijan Grand Prix,Azerbaijan,2019-04-28 00:00:00,Azerbaijan Grand Prix,KVY,26,Toro Rosso,6.0,19.0,0.0,1,Collision,6.0,102.324,102.221,101.681,,0.0
2019,4,Azerbaijan Grand Prix,Azerbaijan,2019-04-28 00:00:00,Azerbaijan Grand Prix,RIC,3,Renault,10.0,20.0,0.0,1,Collision,11.0,102.486,102.477,,,0.0
2019,5,Spanish Grand Prix,Spain,2019-05-12 00:00:00,Spanish Grand Prix,HAM,44,Mercedes,2.0,1.0,26.0,0,Finished,2.0,77.292,76.038,76.04,,0.0
2019,5,Spanish Grand Prix,Spain,2019-05-12 00:00:00,Spanish Grand Prix,BOT,77,Mercedes,1.0,2.0,18.0,0,Finished,1.0,76.979,75.924,75.406,,0.0
2019,5,Spanish Grand Prix,Spain,2019-05-12 00:00:00,Spanish Grand Prix,VER,33,Red Bull Racing,4.0,3.0,15.0,0,Finished,4.0,77.244,76.726,76.357,,0.0
2019,5,Spanish Grand Prix,Spain,2019-05-12 00:00:00,Spanish Grand Prix,VET,5,Ferrari,3.0,4.0,12.0,0,Finished,3.0,77.425,76.667,76.272,,0.0
2019,5,Spanish Grand Prix,Spain,2019-05-12 00:00:00,Spanish Grand Prix,LEC,16,Ferrari,5.0,5.0,10.0,0,Finished,5.0,77.388,76.714,76.588,,0.0
2019,5,Spanish Grand Prix,Spain,2019-05-12 00:00:00,Spanish Grand Prix,GAS,10,Red Bull Racing,6.0,6.0,8.0,0,Finished,6.0,77.862,76.932,76.708,,0.0
2019,5,Spanish Grand Prix,Spain,2019-05-12 00:00:00,Spanish Grand Prix,MAG,20,Haas F1 Team,8.0,7.0,6.0,0,Finished,8.0,77.669,77.272,76.922,,0.0
2019,5,Spanish Grand Prix,Spain,2019-05-12 00:00:00,Spanish Grand Prix,SAI,55,McLaren,12.0,8.0,4.0,0,Finished,13.0,77.76,77.599,,,0.0
2019,5,Spanish Grand Prix,Spain,2019-05-12 00:00:00,Spanish Grand Prix,KVY,26,Toro Rosso,9.0,9.0,2.0,0,Finished,9.0,77.914,77.243,77.573,,0.0
2019,5,Spanish Grand Prix,Spain,2019-05-12 00:00:00,Spanish Grand Prix,GRO,8,Haas F1 Team,7.0,10.0,1.0,0,Finished,7.0,78.042,77.066,76.911,,0.0
2019,5,Spanish Grand Prix,Spain,2019-05-12 00:00:00,Spanish Grand Prix,ALB,23,Toro Rosso,11.0,11.0,0.0,0,Finished,12.0,77.796,77.445,,,0.0
2019,5,Spanish Grand Prix,Spain,2019-05-12 00:00:00,Spanish Grand Prix,RIC,3,Renault,13.0,12.0,0.0,0,Finished,10.0,78.385,77.299,78.106,,0.0
2019,5,Spanish Grand Prix,Spain,2019-05-12 00:00:00,Spanish Grand Prix,HUL,27,Renault,20.0,13.0,0.0,0,Finished,16.0,78.404,,,,0.0
2019,5,Spanish Grand Prix,Spain,2019-05-12 00:00:00,Spanish Grand Prix,RAI,7,Alfa Romeo Racing,14.0,14.0,0.0,0,Finished,14.0,78.132,77.788,,,0.0
2019,5,Spanish Grand Prix,Spain,2019-05-12 00:00:00,Spanish Grand Prix,PER,11,Racing Point,15.0,15.0,0.0,0,Finished,15.0,78.286,77.886,,,0.0
2019,5,Spanish Grand Prix,Spain,2019-05-12 00:00:00,Spanish Grand Prix,GIO,99,Alfa Romeo Racing,18.0,16.0,0.0,0,Finished,18.0,78.664,,,,0.0
2019,5,Spanish Grand Prix,Spain,2019-05-12 00:00:00,Spanish Grand Prix,RUS,63,Williams,19.0,17.0,0.0,0,+1 Lap,19.0,79.072,,,,0.0
2019,5,Spanish Grand Prix,Spain,2019-05-12 00:00:00,Spanish Grand Prix,KUB,88,Williams,17.0,18.0,0.0,0,+1 Lap,20.0,80.254,,,,0.0
2019,5,Spanish Grand Prix,Spain,2019-05-12 00:00:00,Spanish Grand Prix,STR,18,Racing Point,16.0,19.0,0.0,1,Collision,17.0,78.471,,,,0.0
2019,5,Spanish Grand Prix,Spain,2019-05-12 00:00:00,Spanish Grand Prix,NOR,4,McLaren,10.0,20.0,0.0,1,Collision,11.0,77.611,77.338,,,0.0
2019,6,Monaco Grand Prix,Monaco,2019-05-26 00:00:00,Monaco Grand Prix,HAM,44,Mercedes,1.0,1.0,25.0,0,Finished,1.0,71.542,70.835,70.166,,0.0
2019,6,Monaco Grand Prix,Monaco,2019-05-26 00:00:00,Monaco Grand Prix,VET,5,Ferrari,4.0,2.0,18.0,0,Finished,4.0,71.434,71.227,70.947,,0.0
2019,6,Monaco Grand Prix,Monaco,2019-05-26 00:00:00,Monaco Grand Prix,BOT,77,Mercedes,2.0,3.0,15.0,0,Finished,2.0,71.562,70.701,70.252,,0.0
2019,6,Monaco Grand Prix,Monaco,2019-05-26 00:00:00,Monaco Grand Prix,VER,33,Red Bull Racing,3.0,4.0,12.0,0,Finished,3.0,71.597,70.618,70.641,,0.0
2019,6,Monaco Grand Prix,Monaco,2019-05-26 00:00:00,Monaco Grand Prix,GAS,10,Red Bull Racing,8.0,5.0,11.0,0,Finished,5.0,71.74,71.457,71.041,,0.0
2019,6,Monaco Grand Prix,Monaco,2019-05-26 00:00:00,Monaco Grand Prix,SAI,55,McLaren,9.0,6.0,8.0,0,Finished,9.0,71.872,71.608,71.417,,0.0
2019,6,Monaco Grand Prix,Monaco,2019-05-26 00:00:00,Monaco Grand Prix,KVY,26,Toro Rosso,7.0,7.0,6.0,0,Finished,8.0,71.602,71.412,71.271,,0.0
2019,6,Monaco Grand Prix,Monaco,2019-05-26 00:00:00,Monaco Grand Prix,ALB,23,Toro Rosso,10.0,8.0,4.0,0,Finished,10.0,72.007,71.429,71.653,,0.0
2019,6,Monaco Grand Prix,Monaco,2019-05-26 00:00:00,Monaco Grand Prix,RIC,3,Renault,6.0,9.0,2.0,0,Finished,7.0,71.767,71.543,71.218,,0.0
2019,6,Monaco Grand Prix,Monaco,2019-05-26 00:00:00,Monaco Grand Prix,GRO,8,Haas F1 Team,13.0,10.0,1.0,0,Finished,13.0,71.837,72.027,,,0.0
2019,6,Monaco Grand Prix,Monaco,2019-05-26 00:00:00,Monaco Grand Prix,NOR,4,McLaren,12.0,11.0,0.0,0,Finished,12.0,71.845,71.724,,,0.0
2019,6,Monaco Grand Prix,Monaco,2019-05-26 00:00:00,Monaco Grand Prix,PER,11,Racing Point,16.0,12.0,0.0,0,+1 Lap,17.0,72.233,,,,0.0
2019,6,Monaco Grand Prix,Monaco,2019-05-26 00:00:00,Monaco Grand Prix,HUL,27,Renault,11.0,13.0,0.0,0,+1 Lap,11.0,72.097,71.67,,,0.0
2019,6,Monaco Grand Prix,Monaco,2019-05-26 00:00:00,Monaco Grand Prix,MAG,20,Haas F1 Team,5.0,14.0,0.0,0,+1 Lap,6.0,71.865,71.363,71.109,,0.0
2019,6,Monaco Grand Prix,Monaco,2019-05-26 00:00:00,Monaco Grand Prix,RUS,63,Williams,19.0,15.0,0.0,0,+1 Lap,19.0,73.477,,,,0.0
2019,6,Monaco Grand Prix,Monaco,2019-05-26 00:00:00,Monaco Grand Prix,STR,18,Racing Point,17.0,16.0,0.0,0,+1 Lap,18.0,72.846,,,,0.0
2019,6,Monaco Grand Prix,Monaco,2019-05-26 00:00:00,Monaco Grand Prix,RAI,7,Alfa Romeo Racing,14.0,17.0,0.0,0,+1 Lap,14.0,71.993,72.115,,,0.0
2019,6,Monaco Grand Prix,Monaco,2019-05-26 00:00:00,Monaco Grand Prix,KUB,88,Williams,20.0,18.0,0.0,0,+1 Lap,20.0,73.751,,,,0.0
2019,6,Monaco Grand Prix,Monaco,2019-05-26 00:00:00,Monaco Grand Prix,GIO,99,Alfa Romeo Racing,18.0,19.0,0.0,0,+2 Laps,15.0,71.976,72.185,,,0.0
2019,6,Monaco Grand Prix,Monaco,2019-05-26 00:00:00,Monaco Grand Prix,LEC,16,Ferrari,15.0,20.0,0.0,1,Collision,16.0,72.149,,,,0.0
2019,7,Canadian Grand Prix,Canada,2019-06-09 00:00:00,Canadian Grand Prix,HAM,44,Mercedes,2.0,1.0,25.0,0,Finished,2.0,71.518,71.01,70.446,,0.0
2019,7,Canadian Grand Prix,Canada,2019-06-09 00:00:00,Canadian Grand Prix,VET,5,Ferrari,1.0,2.0,18.0,0,Finished,1.0,71.2,71.142,70.24,,0.0
2019,7,Canadian Grand Prix,Canada,2019-06-09 00:00:00,Canadian Grand Prix,LEC,16,Ferrari,3.0,3.0,15.0,0,Finished,3.0,71.214,71.205,70.92,,0.0
2019,7,Canadian Grand Prix,Canada,2019-06-09 00:00:00,Canadian Grand Prix,BOT,77,Mercedes,6.0,4.0,13.0,0,Finished,6.0,71.229,71.095,71.101,,0.0
2019,7,Canadian Grand Prix,Canada,2019-06-09 00:00:00,Canadian Grand Prix,VER,33,Red Bull Racing,9.0,5.0,10.0,0,Finished,11.0,71.619,71.8,,,0.0
2019,7,Canadian Grand Prix,Canada,2019-06-09 00:00:00,Canadian Grand Prix,RIC,3,Renault,4.0,6.0,8.0,0,+1 Lap,4.0,71.837,71.532,71.071,,0.0
2019,7,Canadian Grand Prix,Canada,2019-06-09 00:00:00,Canadian Grand Prix,HUL,27,Renault,7.0,7.0,6.0,0,+1 Lap,7.0,71.72,71.553,71.324,,0.0
2019,7,Canadian Grand Prix,Canada,2019-06-09 00:00:00,Canadian Grand Prix,GAS,10,Red Bull Racing,5.0,8.0,4.0,0,+1 Lap,5.0,72.023,71.196,71.079,,0.0
2019,7,Canadian Grand Prix,Canada,2019-06-09 00:00:00,Canadian Grand Prix,STR,18,Racing Point,17.0,9.0,2.0,0,+1 Lap,18.0,72.266,,,,0.0
2019,7,Canadian Grand Prix,Canada,2019-06-09 00:00:00,Canadian Grand Prix,KVY,26,Toro Rosso,10.0,10.0,1.0,0,+1 Lap,12.0,71.965,71.921,,,0.0
2019,7,Canadian Grand Prix,Canada,2019-06-09 00:00:00,Canadian Grand Prix,SAI,55,McLaren,11.0,11.0,0.0,0,+1 Lap,9.0,71.75,71.572,73.981,,0.0
2019,7,Canadian Grand Prix,Canada,2019-06-09 00:00:00,Canadian Grand Prix,PER,11,Racing Point,15.0,12.0,0.0,0,+1 Lap,16.0,72.197,,,,0.0
2019,7,Canadian Grand Prix,Canada,2019-06-09 00:00:00,Canadian Grand Prix,GIO,99,Alfa Romeo Racing,12.0,13.0,0.0,0,+1 Lap,13.0,72.122,72.136,,,0.0
2019,7,Canadian Grand Prix,Canada,2019-06-09 00:00:00,Canadian Grand Prix,GRO,8,Haas F1 Team,14.0,14.0,0.0,0,+1 Lap,15.0,72.109,,,,0.0
2019,7,Canadian Grand Prix,Canada,2019-06-09 00:00:00,Canadian Grand Prix,RAI,7,Alfa Romeo Racing,16.0,15.0,0.0,0,+1 Lap,17.0,72.23,,,,0.0
2019,7,Canadian Grand Prix,Canada,2019-06-09 00:00:00,Canadian Grand Prix,RUS,63,Williams,18.0,16.0,0.0,0,+2 Laps,19.0,73.617,,,,0.0
2019,7,Canadian Grand Prix,Canada,2019-06-09 00:00:00,Canadian Grand Prix,MAG,20,Haas F1 Team,20.0,17.0,0.0,0,+2 Laps,10.0,72.107,71.786,,,0.0
2019,7,Canadian Grand Prix,Canada,2019-06-09 00:00:00,Canadian Grand Prix,KUB,88,Williams,19.0,18.0,0.0,0,+3 Laps,20.0,74.393,,,,0.0
2019,7,Canadian Grand Prix,Canada,2019-06-09 00:00:00,Canadian Grand Prix,ALB,23,Toro Rosso,13.0,19.0,0.0,1,Collision damage,14.0,72.02,72.193,,,0.0
2019,7,Canadian Grand Prix,Canada,2019-06-09 00:00:00,Canadian Grand Prix,NOR,4,McLaren,8.0,20.0,0.0,1,Suspension,8.0,71.78,71.735,71.863,,0.0
2019,8,French Grand Prix,France,2019-06-23 00:00:00,French Grand Prix,HAM,44,Mercedes,1.0,1.0,25.0,0,Finished,1.0,90.609,89.52,88.319,,0.0
2019,8,French Grand Prix,France,2019-06-23 00:00:00,French Grand Prix,BOT,77,Mercedes,2.0,2.0,18.0,0,Finished,2.0,90.55,89.437,88.605,,0.0
2019,8,French Grand Prix,France,2019-06-23 00:00:00,French Grand Prix,LEC,16,Ferrari,3.0,3.0,15.0,0,Finished,3.0,90.647,89.699,88.965,,0.0
2019,8,French Grand Prix,France,2019-06-23 00:00:00,French Grand Prix,VER,33,Red Bull Racing,4.0,4.0,12.0,0,Finished,4.0,91.327,90.099,89.409,,0.0
2019,8,French Grand Prix,France,2019-06-23 00:00:00,French Grand Prix,VET,5,Ferrari,7.0,5.0,11.0,0,Finished,7.0,91.075,89.506,89.799,,0.0
2019,8,French Grand Prix,France,2019-06-23 00:00:00,French Grand Prix,SAI,55,McLaren,6.0,6.0,8.0,0,Finished,6.0,91.073,90.319,89.522,,0.0
2019,8,French Grand Prix,France,2019-06-23 00:00:00,French Grand Prix,RAI,7,Alfa Romeo Racing,12.0,7.0,6.0,0,+1 Lap,12.0,90.972,90.533,,,0.0
2019,8,French Grand Prix,France,2019-06-23 00:00:00,French Grand Prix,HUL,27,Renault,13.0,8.0,4.0,0,+1 Lap,13.0,90.865,90.544,,,0.0
2019,8,French Grand Prix,France,2019-06-23 00:00:00,French Grand Prix,NOR,4,McLaren,5.0,9.0,2.0,0,+1 Lap,5.0,90.989,90.019,89.418,,0.0
2019,8,French Grand Prix,France,2019-06-23 00:00:00,French Grand Prix,GAS,10,Red Bull Racing,9.0,10.0,1.0,0,+1 Lap,9.0,91.152,90.421,90.184,,0.0
2019,8,French Grand Prix,France,2019-06-23 00:00:00,French Grand Prix,RIC,3,Renault,8.0,11.0,0.0,0,+1 Lap,8.0,90.954,90.369,89.918,,0.0
2019,8,French Grand Prix,France,2019-06-23 00:00:00,French Grand Prix,PER,11,Racing Point,14.0,12.0,0.0,0,+1 Lap,14.0,90.964,90.738,,,0.0
2019,8,French Grand Prix,France,2019-06-23 00:00:00,French Grand Prix,STR,18,Racing Point,17.0,13.0,0.0,0,+1 Lap,18.0,91.726,,,,0.0
2019,8,French Grand Prix,France,2019-06-23 00:00:00,French Grand Prix,KVY,26,Toro Rosso,19.0,14.0,0.0,0,+1 Lap,16.0,91.564,,,,0.0
2019,8,French Grand Prix,France,2019-06-23 00:00:00,French Grand Prix,ALB,23,Toro Rosso,11.0,15.0,0.0,0,+1 Lap,11.0,91.445,90.461,,,0.0
2019,8,French Grand Prix,France,2019-06-23 00:00:00,French Grand Prix,GIO,99,Alfa Romeo Racing,10.0,16.0,0.0,0,+1 Lap,10.0,91.18,90.408,93.42,,0.0
2019,8,French Grand Prix,France,2019-06-23 00:00:00,French Grand Prix,MAG,20,Haas F1 Team,15.0,17.0,0.0,0,+1 Lap,15.0,91.166,91.44,,,0.0
2019,8,French Grand Prix,France,2019-06-23 00:00:00,French Grand Prix,KUB,88,Williams,18.0,18.0,0.0,0,+2 Laps,20.0,93.205,,,,0.0
2019,8,French Grand Prix,France,2019-06-23 00:00:00,French Grand Prix,RUS,63,Williams,20.0,19.0,0.0,0,+2 Laps,19.0,92.789,,,,0.0
2019,8,French Grand Prix,France,2019-06-23 00:00:00,French Grand Prix,GRO,8,Haas F1 Team,16.0,20.0,0.0,1,Retired,17.0,91.626,,,,0.0
2019,9,Austrian Grand Prix,Austria,2019-06-30 00:00:00,Austrian Grand Prix,VER,33,Red Bull Racing,2.0,1.0,26.0,0,Finished,3.0,63.807,63.835,63.439,,0.0
2019,9,Austrian Grand Prix,Austria,2019-06-30 00:00:00,Austrian Grand Prix,LEC,16,Ferrari,1.0,2.0,18.0,0,Finished,1.0,64.138,63.378,63.003,,0.0
2019,9,Austrian Grand Prix,Austria,2019-06-30 00:00:00,Austrian Grand Prix,BOT,77,Mercedes,3.0,3.0,15.0,0,Finished,4.0,64.084,63.863,63.537,,0.0
2019,9,Austrian Grand Prix,Austria,2019-06-30 00:00:00,Austrian Grand Prix,VET,5,Ferrari,9.0,4.0,12.0,0,Finished,10.0,64.43,63.667,,,0.0
2019,9,Austrian Grand Prix,Austria,2019-06-30 00:00:00,Austrian Grand Prix,HAM,44,Mercedes,4.0,5.0,10.0,0,Finished,2.0,63.818,63.803,63.262,,0.0
2019,9,Austrian Grand Prix,Austria,2019-06-30 00:00:00,Austrian Grand Prix,NOR,4,McLaren,5.0,6.0,8.0,0,+1 Lap,6.0,64.361,64.211,64.099,,0.0
2019,9,Austrian Grand Prix,Austria,2019-06-30 00:00:00,Austrian Grand Prix,GAS,10,Red Bull Racing,8.0,7.0,6.0,0,+1 Lap,9.0,64.412,63.988,64.199,,0.0
2019,9,Austrian Grand Prix,Austria,2019-06-30 00:00:00,Austrian Grand Prix,SAI,55,McLaren,19.0,8.0,4.0,0,+1 Lap,15.0,64.453,73.601,,,0.0
2019,9,Austrian Grand Prix,Austria,2019-06-30 00:00:00,Austrian Grand Prix,RAI,7,Alfa Romeo Racing,6.0,9.0,2.0,0,+1 Lap,7.0,64.615,64.056,64.166,,0.0
2019,9,Austrian Grand Prix,Austria,2019-06-30 00:00:00,Austrian Grand Prix,GIO,99,Alfa Romeo Racing,7.0,10.0,1.0,0,+1 Lap,8.0,64.45,64.194,64.179,,0.0
2019,9,Austrian Grand Prix,Austria,2019-06-30 00:00:00,Austrian Grand Prix,PER,11,Racing Point,13.0,11.0,0.0,0,+1 Lap,16.0,64.789,,,,0.0
2019,9,Austrian Grand Prix,Austria,2019-06-30 00:00:00,Austrian Grand Prix,RIC,3,Renault,12.0,12.0,0.0,0,+1 Lap,14.0,64.647,64.79,,,0.0
2019,9,Austrian Grand Prix,Austria,2019-06-30 00:00:00,Austrian Grand Prix,HUL,27,Renault,15.0,13.0,0.0,0,+1 Lap,12.0,64.733,64.516,,,0.0
2019,9,Austrian Grand Prix,Austria,2019-06-30 00:00:00,Austrian Grand Prix,STR,18,Racing Point,14.0,14.0,0.0,0,+1 Lap,17.0,64.832,,,,0.0
2019,9,Austrian Grand Prix,Austria,2019-06-30 00:00:00,Austrian Grand Prix,ALB,23,Toro Rosso,18.0,15.0,0.0,0,+1 Lap,13.0,64.708,64.665,,,0.0
2019,9,Austrian Grand Prix,Austria,2019-06-30 00:00:00,Austrian Grand Prix,GRO,8,Haas F1 Team,11.0,16.0,0.0,0,+1 Lap,11.0,64.552,64.49,,,0.0
2019,9,Austrian Grand Prix,Austria,2019-06-30 00:00:00,Austrian Grand Prix,KVY,26,Toro Rosso,16.0,17.0,0.0,0,+1 Lap,18.0,65.324,,,,0.0
2019,9,Austrian Grand Prix,Austria,2019-06-30 00:00:00,Austrian Grand Prix,RUS,63,Williams,20.0,18.0,0.0,0,+2 Laps,19.0,65.904,,,,0.0
2019,9,Austrian Grand Prix,Austria,2019-06-30 00:00:00,Austrian Grand Prix,MAG,20,Haas F1 Team,10.0,19.0,0.0,0,+2 Laps,5.0,64.778,64.466,64.072,,0.0
2019,9,Austrian Grand Prix,Austria,2019-06-30 00:00:00,Austrian Grand Prix,KUB,88,Williams,17.0,20.0,0.0,0,+3 Laps,20.0,66.206,,,,0.0
2019,10,British Grand Prix,Great Britain,2019-07-14 00:00:00,British Grand Prix,HAM,44,Mercedes,2.0,1.0,26.0,0,Finished,2.0,85.513,85.84,85.099,,0.0
2019,10,British Grand Prix,Great Britain,2019-07-14 00:00:00,British Grand Prix,BOT,77,Mercedes,1.0,2.0,18.0,0,Finished,1.0,85.75,85.672,85.093,,0.0
2019,10,British Grand Prix,Great Britain,2019-07-14 00:00:00,British Grand Prix,LEC,16,Ferrari,3.0,3.0,15.0,0,Finished,3.0,85.533,85.546,85.172,,0.0
2019,10,British Grand Prix,Great Britain,2019-07-14 00:00:00,British Grand Prix,GAS,10,Red Bull Racing,5.0,4.0,12.0,0,Finished,5.0,86.273,86.038,85.59,,0.0
2019,10,British Grand Prix,Great Britain,2019-07-14 00:00:00,British Grand Prix,VER,33,Red Bull Racing,4.0,5.0,10.0,0,Finished,4.0,85.7,85.848,85.276,,0.0
2019,10,British Grand Prix,Great Britain,2019-07-14 00:00:00,British Grand Prix,SAI,55,McLaren,13.0,6.0,8.0,0,Finished,13.0,86.203,86.578,,,0.0
2019,10,British Grand Prix,Great Britain,2019-07-14 00:00:00,British Grand Prix,RIC,3,Renault,7.0,7.0,6.0,0,Finished,7.0,86.428,86.283,86.182,,0.0
2019,10,British Grand Prix,Great Britain,2019-07-14 00:00:00,British Grand Prix,RAI,7,Alfa Romeo Racing,12.0,8.0,4.0,0,Finished,12.0,86.558,86.546,,,0.0
2019,10,British Grand Prix,Great Britain,2019-07-14 00:00:00,British Grand Prix,KVY,26,Toro Rosso,17.0,9.0,2.0,0,Finished,17.0,86.721,,,,0.0
2019,10,British Grand Prix,Great Britain,2019-07-14 00:00:00,British Grand Prix,HUL,27,Renault,10.0,10.0,1.0,0,Finished,10.0,86.568,86.397,86.386,,0.0
2019,10,British Grand Prix,Great Britain,2019-07-14 00:00:00,British Grand Prix,NOR,4,McLaren,8.0,11.0,0.0,0,Finished,8.0,86.079,86.385,86.224,,0.0
2019,10,British Grand Prix,Great Britain,2019-07-14 00:00:00,British Grand Prix,ALB,23,Toro Rosso,9.0,12.0,0.0,0,Finished,9.0,86.482,86.403,86.345,,0.0
2019,10,British Grand Prix,Great Britain,2019-07-14 00:00:00,British Grand Prix,STR,18,Racing Point,18.0,13.0,0.0,0,Finished,18.0,86.762,,,,0.0
2019,10,British Grand Prix,Great Britain,2019-07-14 00:00:00,British Grand Prix,RUS,63,Williams,19.0,14.0,0.0,0,+1 Lap,19.0,87.789,,,,0.0
2019,10,British Grand Prix,Great Britain,2019-07-14 00:00:00,British Grand Prix,KUB,88,Williams,20.0,15.0,0.0,0,+1 Lap,20.0,88.257,,,,0.0
2019,10,British Grand Prix,Great Britain,2019-07-14 00:00:00,British Grand Prix,VET,5,Ferrari,6.0,16.0,0.0,0,+1 Lap,6.0,85.898,86.023,85.787,,0.0
2019,10,British Grand Prix,Great Britain,2019-07-14 00:00:00,British Grand Prix,PER,11,Racing Point,15.0,17.0,0.0,0,+1 Lap,15.0,86.649,86.928,,,0.0
2019,10,British Grand Prix,Great Britain,2019-07-14 00:00:00,British Grand Prix,GIO,99,Alfa Romeo Racing,11.0,18.0,0.0,1,Spun off,11.0,86.449,86.519,,,0.0
2019,10,British Grand Prix,Great Britain,2019-07-14 00:00:00,British Grand Prix,GRO,8,Haas F1 Team,14.0,19.0,0.0,1,Collision,14.0,86.347,86.757,,,0.0
2019,10,British Grand Prix,Great Britain,2019-07-14 00:00:00,British Grand Prix,MAG,20,Haas F1 Team,16.0,20.0,0.0,1,Collision,16.0,86.662,,,,0.0
2019,11,German Grand Prix,Germany,2019-07-28 00:00:00,German Grand Prix,VER,33,Red Bull Racing,2.0,1.0,26.0,0,Finished,2.0,72.593,72.427,72.113,,0.0
2019,11,German Grand Prix,Germany,2019-07-28 00:00:00,German Grand Prix,VET,5,Ferrari,20.0,2.0,18.0,0,Finished,20.0,,,,,0.0
2019,11,German Grand Prix,Germany,2019-07-28 00:00:00,German Grand Prix,KVY,26,Toro Rosso,14.0,3.0,15.0,0,Finished,14.0,73.278,73.135,,,0.0
2019,11,German Grand Prix,Germany,2019-07-28 00:00:00,German Grand Prix,STR,18,Racing Point,15.0,4.0,12.0,0,Finished,15.0,73.256,73.45,,,0.0
2019,11,German Grand Prix,Germany,2019-07-28 00:00:00,German Grand Prix,SAI,55,McLaren,7.0,5.0,10.0,0,Finished,7.0,73.221,72.632,72.897,,0.0
2019,11,German Grand Prix,Germany,2019-07-28 00:00:00,German Grand Prix,ALB,23,Toro Rosso,16.0,6.0,8.0,0,Finished,17.0,73.461,,,,0.0
2019,11,German Grand Prix,Germany,2019-07-28 00:00:00,German Grand Prix,GRO,8,Haas F1 Team,6.0,7.0,6.0,0,Finished,6.0,73.146,72.769,72.851,,0.0
2019,11,German Grand Prix,Germany,2019-07-28 00:00:00,German Grand Prix,MAG,20,Haas F1 Team,12.0,8.0,4.0,0,Finished,12.0,73.103,72.789,,,0.0
2019,11,German Grand Prix,Germany,2019-07-28 00:00:00,German Grand Prix,HAM,44,Mercedes,1.0,9.0,2.0,0,Finished,1.0,72.852,72.149,71.767,,0.0
2019,11,German Grand Prix,Germany,2019-07-28 00:00:00,German Grand Prix,KUB,88,Williams,18.0,10.0,1.0,0,Finished,19.0,74.839,,,,0.0
2019,11,German Grand Prix,Germany,2019-07-28 00:00:00,German Grand Prix,RUS,63,Williams,17.0,11.0,0.0,0,Finished,18.0,74.721,,,,0.0
2019,11,German Grand Prix,Germany,2019-07-28 00:00:00,German Grand Prix,RAI,7,Alfa Romeo Racing,5.0,12.0,0.0,0,Finished,5.0,73.066,72.519,72.538,,0.0
2019,11,German Grand Prix,Germany,2019-07-28 00:00:00,German Grand Prix,GIO,99,Alfa Romeo Racing,11.0,13.0,0.0,0,Finished,11.0,73.17,72.786,,,0.0
2019,11,German Grand Prix,Germany,2019-07-28 00:00:00,German Grand Prix,GAS,10,Red Bull Racing,4.0,14.0,0.0,1,Collision,4.0,72.991,72.385,72.522,,0.0
2019,11,German Grand Prix,Germany,2019-07-28 00:00:00,German Grand Prix,BOT,77,Mercedes,3.0,15.0,0.0,1,Accident,3.0,73.075,72.424,72.129,,0.0
2019,11,German Grand Prix,Germany,2019-07-28 00:00:00,German Grand Prix,HUL,27,Renault,9.0,16.0,0.0,1,Accident,9.0,73.186,72.766,73.126,,0.0
2019,11,German Grand Prix,Germany,2019-07-28 00:00:00,German Grand Prix,LEC,16,Ferrari,10.0,17.0,0.0,1,Accident,10.0,72.229,72.344,,,0.0
2019,11,German Grand Prix,Germany,2019-07-28 00:00:00,German Grand Prix,NOR,4,McLaren,19.0,18.0,0.0,1,Power loss,16.0,73.333,,,,0.0
2019,11,German Grand Prix,Germany,2019-07-28 00:00:00,German Grand Prix,RIC,3,Renault,13.0,19.0,0.0,1,Exhaust,13.0,73.131,72.799,,,0.0
2019,11,German Grand Prix,Germany,2019-07-28 00:00:00,German Grand Prix,PER,11,Racing Point,8.0,20.0,0.0,1,Spun off,8.0,73.194,72.776,73.065,,0.0
2019,12,Hungarian Grand Prix,Hungary,2019-08-04 00:00:00,Hungarian Grand Prix,HAM,44,Mercedes,3.0,1.0,25.0,0,Finished,3.0,76.068,75.548,74.769,,0.0
2019,12,Hungarian Grand Prix,Hungary,2019-08-04 00:00:00,Hungarian Grand Prix,VER,33,Red Bull Racing,1.0,2.0,19.0,0,Finished,1.0,75.817,75.573,74.572,,0.0
2019,12,Hungarian Grand Prix,Hungary,2019-08-04 00:00:00,Hungarian Grand Prix,VET,5,Ferrari,5.0,3.0,15.0,0,Finished,5.0,76.452,75.885,75.071,,0.0
2019,12,Hungarian Grand Prix,Hungary,2019-08-04 00:00:00,Hungarian Grand Prix,LEC,16,Ferrari,4.0,4.0,12.0,0,Finished,4.0,76.337,75.792,75.043,,0.0
2019,12,Hungarian Grand Prix,Hungary,2019-08-04 00:00:00,Hungarian Grand Prix,SAI,55,McLaren,8.0,5.0,10.0,0,+1 Lap,8.0,76.493,76.308,75.852,,0.0
2019,12,Hungarian Grand Prix,Hungary,2019-08-04 00:00:00,Hungarian Grand Prix,GAS,10,Red Bull Racing,6.0,6.0,8.0,0,+1 Lap,6.0,76.716,76.393,75.45,,0.0
2019,12,Hungarian Grand Prix,Hungary,2019-08-04 00:00:00,Hungarian Grand Prix,RAI,7,Alfa Romeo Racing,10.0,7.0,6.0,0,+1 Lap,10.0,76.506,76.518,76.041,,0.0
2019,12,Hungarian Grand Prix,Hungary,2019-08-04 00:00:00,Hungarian Grand Prix,BOT,77,Mercedes,2.0,8.0,4.0,0,+1 Lap,2.0,76.078,75.669,74.59,,0.0
2019,12,Hungarian Grand Prix,Hungary,2019-08-04 00:00:00,Hungarian Grand Prix,NOR,4,McLaren,7.0,9.0,2.0,0,+1 Lap,7.0,76.697,76.06,75.8,,0.0
2019,12,Hungarian Grand Prix,Hungary,2019-08-04 00:00:00,Hungarian Grand Prix,ALB,23,Toro Rosso,12.0,10.0,1.0,0,+1 Lap,12.0,76.912,76.687,,,0.0
2019,12,Hungarian Grand Prix,Hungary,2019-08-04 00:00:00,Hungarian Grand Prix,PER,11,Racing Point,16.0,11.0,0.0,0,+1 Lap,17.0,77.109,,,,0.0
2019,12,Hungarian Grand Prix,Hungary,2019-08-04 00:00:00,Hungarian Grand Prix,HUL,27,Renault,11.0,12.0,0.0,0,+1 Lap,11.0,76.79,76.565,,,0.0
2019,12,Hungarian Grand Prix,Hungary,2019-08-04 00:00:00,Hungarian Grand Prix,MAG,20,Haas F1 Team,14.0,13.0,0.0,0,+1 Lap,15.0,76.122,77.081,,,0.0
2019,12,Hungarian Grand Prix,Hungary,2019-08-04 00:00:00,Hungarian Grand Prix,RIC,3,Renault,20.0,14.0,0.0,0,+1 Lap,18.0,77.257,,,,0.0
2019,12,Hungarian Grand Prix,Hungary,2019-08-04 00:00:00,Hungarian Grand Prix,KVY,26,Toro Rosso,13.0,15.0,0.0,0,+2 Laps,13.0,76.75,76.692,,,0.0
2019,12,Hungarian Grand Prix,Hungary,2019-08-04 00:00:00,Hungarian Grand Prix,RUS,63,Williams,15.0,16.0,0.0,0,+2 Laps,16.0,77.031,,,,0.0
2019,12,Hungarian Grand Prix,Hungary,2019-08-04 00:00:00,Hungarian Grand Prix,STR,18,Racing Point,18.0,17.0,0.0,0,+2 Laps,19.0,77.542,,,,0.0
2019,12,Hungarian Grand Prix,Hungary,2019-08-04 00:00:00,Hungarian Grand Prix,GIO,99,Alfa Romeo Racing,17.0,18.0,0.0,0,+2 Laps,14.0,76.894,76.804,,,0.0
2019,12,Hungarian Grand Prix,Hungary,2019-08-04 00:00:00,Hungarian Grand Prix,KUB,88,Williams,19.0,19.0,0.0,0,+3 Laps,20.0,78.324,,,,0.0
2019,12,Hungarian Grand Prix,Hungary,2019-08-04 00:00:00,Hungarian Grand Prix,GRO,8,Haas F1 Team,9.0,20.0,0.0,1,Water pressure,9.0,76.978,76.319,76.013,,0.0
2019,13,Belgian Grand Prix,Belgium,2019-09-01 00:00:00,Belgian Grand Prix,LEC,16,Ferrari,1.0,1.0,25.0,0,Finished,1.0,103.587,102.938,102.519,,0.0
2019,13,Belgian Grand Prix,Belgium,2019-09-01 00:00:00,Belgian Grand Prix,HAM,44,Mercedes,3.0,2.0,18.0,0,Finished,3.0,105.26,103.592,103.282,,0.0
2019,13,Belgian Grand Prix,Belgium,2019-09-01 00:00:00,Belgian Grand Prix,BOT,77,Mercedes,4.0,3.0,15.0,0,Finished,4.0,105.141,103.98,103.415,,0.0
2019,13,Belgian Grand Prix,Belgium,2019-09-01 00:00:00,Belgian Grand Prix,VET,5,Ferrari,2.0,4.0,13.0,0,Finished,2.0,104.109,103.037,103.267,,0.0
2019,13,Belgian Grand Prix,Belgium,2019-09-01 00:00:00,Belgian Grand Prix,ALB,23,Red Bull Racing,17.0,5.0,10.0,0,Finished,14.0,105.528,105.799,,,0.0
2019,13,Belgian Grand Prix,Belgium,2019-09-01 00:00:00,Belgian Grand Prix,PER,11,Racing Point,7.0,6.0,8.0,0,Finished,9.0,105.732,104.707,104.706,,0.0
2019,13,Belgian Grand Prix,Belgium,2019-09-01 00:00:00,Belgian Grand Prix,KVY,26,Toro Rosso,19.0,7.0,6.0,0,Finished,18.0,106.518,,,,0.0
2019,13,Belgian Grand Prix,Belgium,2019-09-01 00:00:00,Belgian Grand Prix,HUL,27,Renault,12.0,8.0,4.0,0,Finished,7.0,105.899,104.549,104.542,,0.0
2019,13,Belgian Grand Prix,Belgium,2019-09-01 00:00:00,Belgian Grand Prix,GAS,10,Toro Rosso,13.0,9.0,2.0,0,Finished,16.0,106.435,,,,0.0
2019,13,Belgian Grand Prix,Belgium,2019-09-01 00:00:00,Belgian Grand Prix,STR,18,Racing Point,16.0,10.0,1.0,0,Finished,13.0,106.0,105.047,,,0.0
2019,13,Belgian Grand Prix,Belgium,2019-09-01 00:00:00,Belgian Grand Prix,NOR,4,McLaren,11.0,11.0,0.0,1,Engine,12.0,106.154,104.847,,,0.0
2019,13,Belgian Grand Prix,Belgium,2019-09-01 00:00:00,Belgian Grand Prix,MAG,20,Haas F1 Team,8.0,12.0,0.0,0,+1 Lap,10.0,105.839,104.738,105.086,,0.0
2019,13,Belgian Grand Prix,Belgium,2019-09-01 00:00:00,Belgian Grand Prix,GRO,8,Haas F1 Team,9.0,13.0,0.0,0,+1 Lap,11.0,105.694,104.797,,,0.0
2019,13,Belgian Grand Prix,Belgium,2019-09-01 00:00:00,Belgian Grand Prix,RIC,3,Renault,10.0,14.0,0.0,0,+1 Lap,6.0,105.56,104.103,104.257,,0.0
2019,13,Belgian Grand Prix,Belgium,2019-09-01 00:00:00,Belgian Grand Prix,RUS,63,Williams,14.0,15.0,0.0,0,+1 Lap,19.0,107.548,,,,0.0
2019,13,Belgian Grand Prix,Belgium,2019-09-01 00:00:00,Belgian Grand Prix,RAI,7,Alfa Romeo Racing,6.0,16.0,0.0,0,+1 Lap,8.0,105.842,104.14,104.557,,0.0
2019,13,Belgian Grand Prix,Belgium,2019-09-01 00:00:00,Belgian Grand Prix,KUB,88,Williams,20.0,17.0,0.0,0,+1 Lap,20.0,,,,,0.0
2019,13,Belgian Grand Prix,Belgium,2019-09-01 00:00:00,Belgian Grand Prix,GIO,99,Alfa Romeo Racing,18.0,18.0,0.0,1,Accident,15.0,105.637,,,,0.0
2019,13,Belgian Grand Prix,Belgium,2019-09-01 00:00:00,Belgian Grand Prix,SAI,55,McLaren,15.0,19.0,0.0,1,Power loss,17.0,106.507,,,,0.0
2019,13,Belgian Grand Prix,Belgium,2019-09-01 00:00:00,Belgian Grand Prix,VER,33,Red Bull Racing,5.0,20.0,0.0,1,Accident,5.0,104.622,104.132,103.69,,0.0
2019,14,Italian Grand Prix,Italy,2019-09-08 00:00:00,Italian Grand Prix,LEC,16,Ferrari,1.0,1.0,25.0,0,Finished,1.0,80.126,79.553,79.307,,0.0
2019,14,Italian Grand Prix,Italy,2019-09-08 00:00:00,Italian Grand Prix,BOT,77,Mercedes,3.0,2.0,18.0,0,Finished,3.0,80.156,80.018,79.354,,0.0
2019,14,Italian Grand Prix,Italy,2019-09-08 00:00:00,Italian Grand Prix,HAM,44,Mercedes,2.0,3.0,16.0,0,Finished,2.0,80.272,79.464,79.346,,0.0
2019,14,Italian Grand Prix,Italy,2019-09-08 00:00:00,Italian Grand Prix,RIC,3,Renault,5.0,4.0,12.0,0,Finished,5.0,80.374,79.833,79.839,,0.0
2019,14,Italian Grand Prix,Italy,2019-09-08 00:00:00,Italian Grand Prix,HUL,27,Renault,6.0,5.0,10.0,0,Finished,6.0,80.155,80.275,80.049,,0.0
2019,14,Italian Grand Prix,Italy,2019-09-08 00:00:00,Italian Grand Prix,ALB,23,Red Bull Racing,8.0,6.0,8.0,0,Finished,8.0,80.382,80.021,,,0.0
2019,14,Italian Grand Prix,Italy,2019-09-08 00:00:00,Italian Grand Prix,PER,11,Racing Point,18.0,7.0,6.0,0,Finished,17.0,81.291,,,,0.0
2019,14,Italian Grand Prix,Italy,2019-09-08 00:00:00,Italian Grand Prix,VER,33,Red Bull Racing,19.0,8.0,4.0,0,Finished,20.0,,,,,0.0
2019,14,Italian Grand Prix,Italy,2019-09-08 00:00:00,Italian Grand Prix,GIO,99,Alfa Romeo Racing,10.0,9.0,2.0,0,+1 Lap,11.0,80.657,80.517,,,0.0
2019,14,Italian Grand Prix,Italy,2019-09-08 00:00:00,Italian Grand Prix,NOR,4,McLaren,16.0,10.0,1.0,0,+1 Lap,14.0,80.646,81.068,,,0.0
2019,14,Italian Grand Prix,Italy,2019-09-08 00:00:00,Italian Grand Prix,GAS,10,Toro Rosso,17.0,11.0,0.0,0,+1 Lap,15.0,80.508,81.125,,,0.0
2019,14,Italian Grand Prix,Italy,2019-09-08 00:00:00,Italian Grand Prix,STR,18,Racing Point,9.0,12.0,0.0,0,+1 Lap,9.0,80.643,80.498,,,0.0
2019,14,Italian Grand Prix,Italy,2019-09-08 00:00:00,Italian Grand Prix,VET,5,Ferrari,4.0,13.0,0.0,0,+1 Lap,4.0,80.378,79.715,79.457,,0.0
2019,14,Italian Grand Prix,Italy,2019-09-08 00:00:00,Italian Grand Prix,RUS,63,Williams,14.0,14.0,0.0,0,+1 Lap,18.0,81.8,,,,0.0
2019,14,Italian Grand Prix,Italy,2019-09-08 00:00:00,Italian Grand Prix,RAI,7,Alfa Romeo Racing,20.0,15.0,0.0,0,+1 Lap,10.0,80.634,80.515,,,0.0
2019,14,Italian Grand Prix,Italy,2019-09-08 00:00:00,Italian Grand Prix,GRO,8,Haas F1 Team,13.0,16.0,0.0,0,+1 Lap,16.0,80.784,,,,0.0
2019,14,Italian Grand Prix,Italy,2019-09-08 00:00:00,Italian Grand Prix,KUB,88,Williams,15.0,17.0,0.0,0,+2 Laps,19.0,82.356,,,,0.0
2019,14,Italian Grand Prix,Italy,2019-09-08 00:00:00,Italian Grand Prix,MAG,20,Haas F1 Team,11.0,18.0,0.0,1,Hydraulics,12.0,80.616,80.615,,,0.0
2019,14,Italian Grand Prix,Italy,2019-09-08 00:00:00,Italian Grand Prix,KVY,26,Toro Rosso,12.0,19.0,0.0,1,Engine,13.0,80.723,80.63,,,0.0
2019,14,Italian Grand Prix,Italy,2019-09-08 00:00:00,Italian Grand Prix,SAI,55,McLaren,7.0,20.0,0.0,1,Wheel,7.0,80.413,80.202,80.455,,0.0
2019,15,Singapore Grand Prix,Singapore,2019-09-22 00:00:00,Singapore Grand Prix,VET,5,Ferrari,3.0,1.0,25.0,0,Finished,3.0,98.374,96.72,96.437,,0.0
2019,15,Singapore Grand Prix,Singapore,2019-09-22 00:00:00,Singapore Grand Prix,LEC,16,Ferrari,1.0,2.0,18.0,0,Finished,1.0,98.014,96.65,96.217,,0.0
2019,15,Singapore Grand Prix,Singapore,2019-09-22 00:00:00,Singapore Grand Prix,VER,33,Red Bull Racing,4.0,3.0,15.0,0,Finished,4.0,98.54,97.089,96.813,,0.0
2019,15,Singapore Grand Prix,Singapore,2019-09-22 00:00:00,Singapore Grand Prix,HAM,44,Mercedes,2.0,4.0,12.0,0,Finished,2.0,97.565,96.933,96.408,,0.0
2019,15,Singapore Grand Prix,Singapore,2019-09-22 00:00:00,Singapore Grand Prix,BOT,77,Mercedes,5.0,5.0,10.0,0,Finished,5.0,97.317,97.142,97.146,,0.0
2019,15,Singapore Grand Prix,Singapore,2019-09-22 00:00:00,Singapore Grand Prix,ALB,23,Red Bull Racing,6.0,6.0,8.0,0,Finished,6.0,99.106,97.865,97.411,,0.0
2019,15,Singapore Grand Prix,Singapore,2019-09-22 00:00:00,Singapore Grand Prix,NOR,4,McLaren,9.0,7.0,6.0,0,Finished,9.0,98.606,97.572,98.329,,0.0
2019,15,Singapore Grand Prix,Singapore,2019-09-22 00:00:00,Singapore Grand Prix,GAS,10,Toro Rosso,11.0,8.0,4.0,0,Finished,12.0,99.085,98.699,,,0.0
2019,15,Singapore Grand Prix,Singapore,2019-09-22 00:00:00,Singapore Grand Prix,HUL,27,Renault,8.0,9.0,2.0,0,Finished,8.0,99.001,98.58,98.264,,0.0
2019,15,Singapore Grand Prix,Singapore,2019-09-22 00:00:00,Singapore Grand Prix,GIO,99,Alfa Romeo Racing,10.0,10.0,1.0,0,Finished,11.0,99.272,98.697,,,0.0
2019,15,Singapore Grand Prix,Singapore,2019-09-22 00:00:00,Singapore Grand Prix,GRO,8,Haas F1 Team,17.0,11.0,0.0,0,Finished,17.0,100.277,,,,0.0
2019,15,Singapore Grand Prix,Singapore,2019-09-22 00:00:00,Singapore Grand Prix,SAI,55,McLaren,7.0,12.0,0.0,0,Finished,7.0,98.882,97.982,97.818,,0.0
2019,15,Singapore Grand Prix,Singapore,2019-09-22 00:00:00,Singapore Grand Prix,STR,18,Racing Point,16.0,13.0,0.0,0,Finished,16.0,99.979,,,,0.0
2019,15,Singapore Grand Prix,Singapore,2019-09-22 00:00:00,Singapore Grand Prix,RIC,3,Renault,20.0,14.0,0.0,0,Finished,20.0,,,,,0.0
2019,15,Singapore Grand Prix,Singapore,2019-09-22 00:00:00,Singapore Grand Prix,KVY,26,Toro Rosso,14.0,15.0,0.0,0,Finished,15.0,99.957,,,,0.0
2019,15,Singapore Grand Prix,Singapore,2019-09-22 00:00:00,Singapore Grand Prix,KUB,88,Williams,19.0,16.0,0.0,0,Finished,19.0,101.186,,,,0.0
2019,15,Singapore Grand Prix,Singapore,2019-09-22 00:00:00,Singapore Grand Prix,MAG,20,Haas F1 Team,13.0,17.0,0.0,0,Finished,14.0,99.942,99.65,,,0.0
2019,15,Singapore Grand Prix,Singapore,2019-09-22 00:00:00,Singapore Grand Prix,RAI,7,Alfa Romeo Racing,12.0,18.0,0.0,1,Collision,13.0,99.454,98.858,,,0.0
2019,15,Singapore Grand Prix,Singapore,2019-09-22 00:00:00,Singapore Grand Prix,PER,11,Racing Point,15.0,19.0,0.0,1,Engine,10.0,99.909,98.52,,,0.0
2019,15,Singapore Grand Prix,Singapore,2019-09-22 00:00:00,Singapore Grand Prix,RUS,63,Williams,18.0,20.0,0.0,1,Collision,18.0,100.867,,,,0.0
2019,16,Russian Grand Prix,Russia,2019-09-29 00:00:00,Russian Grand Prix,HAM,44,Mercedes,2.0,1.0,26.0,0,Finished,2.0,93.23,93.134,92.03,,0.0
2019,16,Russian Grand Prix,Russia,2019-09-29 00:00:00,Russian Grand Prix,BOT,77,Mercedes,4.0,2.0,18.0,0,Finished,5.0,93.413,93.281,92.632,,0.0
2019,16,Russian Grand Prix,Russia,2019-09-29 00:00:00,Russian Grand Prix,LEC,16,Ferrari,1.0,3.0,15.0,0,Finished,1.0,93.613,92.434,91.628,,0.0
2019,16,Russian Grand Prix,Russia,2019-09-29 00:00:00,Russian Grand Prix,VER,33,Red Bull Racing,9.0,4.0,12.0,0,Finished,4.0,93.368,92.634,92.31,,0.0
2019,16,Russian Grand Prix,Russia,2019-09-29 00:00:00,Russian Grand Prix,ALB,23,Red Bull Racing,20.0,5.0,10.0,0,Finished,19.0,99.197,,,,0.0
2019,16,Russian Grand Prix,Russia,2019-09-29 00:00:00,Russian Grand Prix,SAI,55,McLaren,5.0,6.0,8.0,0,Finished,6.0,94.184,93.807,93.222,,0.0
2019,16,Russian Grand Prix,Russia,2019-09-29 00:00:00,Russian Grand Prix,PER,11,Racing Point,11.0,7.0,6.0,0,Finished,12.0,94.336,93.958,,,0.0
2019,16,Russian Grand Prix,Russia,2019-09-29 00:00:00,Russian Grand Prix,NOR,4,McLaren,7.0,8.0,4.0,0,Finished,8.0,94.201,93.725,93.301,,0.0
2019,16,Russian Grand Prix,Russia,2019-09-29 00:00:00,Russian Grand Prix,MAG,20,Haas F1 Team,13.0,9.0,2.0,0,Finished,14.0,93.889,94.082,,,0.0
2019,16,Russian Grand Prix,Russia,2019-09-29 00:00:00,Russian Grand Prix,HUL,27,Renault,6.0,10.0,1.0,0,Finished,7.0,94.236,93.898,93.289,,0.0
2019,16,Russian Grand Prix,Russia,2019-09-29 00:00:00,Russian Grand Prix,STR,18,Racing Point,14.0,11.0,0.0,0,Finished,15.0,94.287,94.233,,,0.0
2019,16,Russian Grand Prix,Russia,2019-09-29 00:00:00,Russian Grand Prix,KVY,26,Toro Rosso,19.0,12.0,0.0,0,Finished,20.0,99.544,,,,0.0
2019,16,Russian Grand Prix,Russia,2019-09-29 00:00:00,Russian Grand Prix,RAI,7,Alfa Romeo Racing,15.0,13.0,0.0,0,Finished,16.0,94.84,,,,0.0
2019,16,Russian Grand Prix,Russia,2019-09-29 00:00:00,Russian Grand Prix,GAS,10,Toro Rosso,16.0,14.0,0.0,0,Finished,11.0,94.456,93.95,,,0.0
2019,16,Russian Grand Prix,Russia,2019-09-29 00:00:00,Russian Grand Prix,GIO,99,Alfa Romeo Racing,12.0,15.0,0.0,0,Finished,13.0,94.755,94.037,,,0.0
2019,16,Russian Grand Prix,Russia,2019-09-29 00:00:00,Russian Grand Prix,KUB,88,Williams,18.0,16.0,0.0,1,Brakes,18.0,96.474,,,,0.0
2019,16,Russian Grand Prix,Russia,2019-09-29 00:00:00,Russian Grand Prix,RUS,63,Williams,17.0,17.0,0.0,1,Brakes,17.0,95.356,,,,0.0
2019,16,Russian Grand Prix,Russia,2019-09-29 00:00:00,Russian Grand Prix,VET,5,Ferrari,3.0,18.0,0.0,1,Power loss,3.0,93.032,92.536,92.053,,0.0
2019,16,Russian Grand Prix,Russia,2019-09-29 00:00:00,Russian Grand Prix,RIC,3,Renault,10.0,19.0,0.0,1,Collision,10.0,94.138,93.862,93.661,,0.0
2019,16,Russian Grand Prix,Russia,2019-09-29 00:00:00,Russian Grand Prix,GRO,8,Haas F1 Team,8.0,20.0,0.0,1,Collision,9.0,94.283,93.643,93.517,,0.0
2019,17,Japanese Grand Prix,Japan,2019-10-13 00:00:00,Japanese Grand Prix,BOT,77,Mercedes,3.0,1.0,25.0,0,Finished,3.0,88.896,87.688,87.293,,0.0
2019,17,Japanese Grand Prix,Japan,2019-10-13 00:00:00,Japanese Grand Prix,VET,5,Ferrari,1.0,2.0,18.0,0,Finished,1.0,88.988,88.174,87.064,,0.0
2019,17,Japanese Grand Prix,Japan,2019-10-13 00:00:00,Japanese Grand Prix,HAM,44,Mercedes,4.0,3.0,16.0,0,Finished,4.0,88.735,87.826,87.302,,0.0
2019,17,Japanese Grand Prix,Japan,2019-10-13 00:00:00,Japanese Grand Prix,ALB,23,Red Bull Racing,6.0,4.0,12.0,0,Finished,6.0,89.351,88.156,87.851,,0.0
2019,17,Japanese Grand Prix,Japan,2019-10-13 00:00:00,Japanese Grand Prix,SAI,55,McLaren,7.0,5.0,10.0,0,Finished,7.0,89.018,88.577,88.304,,0.0
2019,17,Japanese Grand Prix,Japan,2019-10-13 00:00:00,Japanese Grand Prix,LEC,16,Ferrari,2.0,6.0,8.0,0,+1 Lap,2.0,88.405,88.179,87.253,,0.0
2019,17,Japanese Grand Prix,Japan,2019-10-13 00:00:00,Japanese Grand Prix,GAS,10,Toro Rosso,9.0,7.0,6.0,0,+1 Lap,9.0,89.411,88.779,88.836,,0.0
2019,17,Japanese Grand Prix,Japan,2019-10-13 00:00:00,Japanese Grand Prix,PER,11,Racing Point,17.0,8.0,4.0,0,+1 Lap,17.0,90.344,,,,0.0
2019,17,Japanese Grand Prix,Japan,2019-10-13 00:00:00,Japanese Grand Prix,STR,18,Racing Point,12.0,9.0,2.0,0,+1 Lap,12.0,89.594,89.345,,,0.0
2019,17,Japanese Grand Prix,Japan,2019-10-13 00:00:00,Japanese Grand Prix,KVY,26,Toro Rosso,14.0,10.0,1.0,0,+1 Lap,14.0,89.723,89.563,,,0.0
2019,17,Japanese Grand Prix,Japan,2019-10-13 00:00:00,Japanese Grand Prix,NOR,4,McLaren,8.0,11.0,0.0,0,+1 Lap,8.0,88.873,88.571,88.464,,0.0
2019,17,Japanese Grand Prix,Japan,2019-10-13 00:00:00,Japanese Grand Prix,RAI,7,Alfa Romeo Racing,13.0,12.0,0.0,0,+1 Lap,13.0,89.636,89.358,,,0.0
2019,17,Japanese Grand Prix,Japan,2019-10-13 00:00:00,Japanese Grand Prix,GRO,8,Haas F1 Team,10.0,13.0,0.0,0,+1 Lap,10.0,89.572,89.144,89.341,,0.0
2019,17,Japanese Grand Prix,Japan,2019-10-13 00:00:00,Japanese Grand Prix,GIO,99,Alfa Romeo Racing,11.0,14.0,0.0,0,+1 Lap,11.0,89.604,89.254,,,0.0
2019,17,Japanese Grand Prix,Japan,2019-10-13 00:00:00,Japanese Grand Prix,MAG,20,Haas F1 Team,19.0,15.0,0.0,0,+1 Lap,19.0,,,,,0.0
2019,17,Japanese Grand Prix,Japan,2019-10-13 00:00:00,Japanese Grand Prix,RUS,63,Williams,18.0,16.0,0.0,0,+2 Laps,18.0,90.364,,,,0.0
2019,17,Japanese Grand Prix,Japan,2019-10-13 00:00:00,Japanese Grand Prix,KUB,88,Williams,20.0,17.0,0.0,0,+2 Laps,20.0,,,,,0.0
2019,17,Japanese Grand Prix,Japan,2019-10-13 00:00:00,Japanese Grand Prix,VER,33,Red Bull Racing,5.0,18.0,0.0,1,Brakes,5.0,88.754,88.499,87.851,,0.0
2019,17,Japanese Grand Prix,Japan,2019-10-13 00:00:00,Japanese Grand Prix,RIC,3,Renault,16.0,19.0,0.0,1,Disqualified,16.0,89.822,,,,0.0
2019,17,Japanese Grand Prix,Japan,2019-10-13 00:00:00,Japanese Grand Prix,HUL,27,Renault,15.0,20.0,0.0,1,Disqualified,15.0,89.619,90.112,,,0.0
2019,18,Mexican Grand Prix,Mexico,2019-10-27 00:00:00,Mexican Grand Prix,HAM,44,Mercedes,3.0,1.0,25.0,0,Finished,4.0,76.424,75.721,75.262,,0.0
2019,18,Mexican Grand Prix,Mexico,2019-10-27 00:00:00,Mexican Grand Prix,VET,5,Ferrari,2.0,2.0,18.0,0,Finished,3.0,76.696,75.914,75.17,,0.0
2019,18,Mexican Grand Prix,Mexico,2019-10-27 00:00:00,Mexican Grand Prix,BOT,77,Mercedes,6.0,3.0,15.0,0,Finished,6.0,77.062,75.852,75.338,,0.0
2019,18,Mexican Grand Prix,Mexico,2019-10-27 00:00:00,Mexican Grand Prix,LEC,16,Ferrari,1.0,4.0,13.0,0,Finished,2.0,76.364,76.219,75.024,,0.0
2019,18,Mexican Grand Prix,Mexico,2019-10-27 00:00:00,Mexican Grand Prix,ALB,23,Red Bull Racing,5.0,5.0,10.0,0,Finished,5.0,76.175,76.574,75.336,,0.0
2019,18,Mexican Grand Prix,Mexico,2019-10-27 00:00:00,Mexican Grand Prix,VER,33,Red Bull Racing,4.0,6.0,8.0,0,Finished,1.0,75.949,76.136,74.758,,0.0
2019,18,Mexican Grand Prix,Mexico,2019-10-27 00:00:00,Mexican Grand Prix,PER,11,Racing Point,11.0,7.0,6.0,0,Finished,11.0,77.465,76.687,,,0.0
2019,18,Mexican Grand Prix,Mexico,2019-10-27 00:00:00,Mexican Grand Prix,RIC,3,Renault,13.0,8.0,4.0,0,Finished,13.0,77.27,76.933,,,0.0
2019,18,Mexican Grand Prix,Mexico,2019-10-27 00:00:00,Mexican Grand Prix,GAS,10,Toro Rosso,10.0,9.0,2.0,0,+1 Lap,10.0,77.065,76.679,76.586,,0.0
2019,18,Mexican Grand Prix,Mexico,2019-10-27 00:00:00,Mexican Grand Prix,HUL,27,Renault,12.0,10.0,1.0,0,+1 Lap,12.0,77.608,76.885,,,0.0
2019,18,Mexican Grand Prix,Mexico,2019-10-27 00:00:00,Mexican Grand Prix,KVY,26,Toro Rosso,9.0,11.0,0.0,0,+1 Lap,9.0,77.041,76.657,76.469,,0.0
2019,18,Mexican Grand Prix,Mexico,2019-10-27 00:00:00,Mexican Grand Prix,STR,18,Racing Point,16.0,12.0,0.0,0,+1 Lap,16.0,78.065,,,,0.0
2019,18,Mexican Grand Prix,Mexico,2019-10-27 00:00:00,Mexican Grand Prix,SAI,55,McLaren,7.0,13.0,0.0,0,+1 Lap,7.0,77.044,76.267,76.014,,0.0
2019,18,Mexican Grand Prix,Mexico,2019-10-27 00:00:00,Mexican Grand Prix,GIO,99,Alfa Romeo Racing,15.0,14.0,0.0,0,+1 Lap,15.0,77.794,77.269,,,0.0
2019,18,Mexican Grand Prix,Mexico,2019-10-27 00:00:00,Mexican Grand Prix,MAG,20,Haas F1 Team,17.0,15.0,0.0,0,+2 Laps,17.0,78.436,,,,0.0
2019,18,Mexican Grand Prix,Mexico,2019-10-27 00:00:00,Mexican Grand Prix,RUS,63,Williams,19.0,16.0,0.0,0,+2 Laps,19.0,78.823,,,,0.0
2019,18,Mexican Grand Prix,Mexico,2019-10-27 00:00:00,Mexican Grand Prix,GRO,8,Haas F1 Team,18.0,17.0,0.0,0,+2 Laps,18.0,78.599,,,,0.0
2019,18,Mexican Grand Prix,Mexico,2019-10-27 00:00:00,Mexican Grand Prix,KUB,88,Williams,20.0,18.0,0.0,0,+2 Laps,20.0,80.179,,,,0.0
2019,18,Mexican Grand Prix,Mexico,2019-10-27 00:00:00,Mexican Grand Prix,RAI,7,Alfa Romeo Racing,14.0,19.0,0.0,1,Overheating,14.0,77.225,76.967,,,0.0
2019,18,Mexican Grand Prix,Mexico,2019-10-27 00:00:00,Mexican Grand Prix,NOR,4,McLaren,8.0,20.0,0.0,1,Withdrew,8.0,77.092,76.447,76.322,,0.0
2019,19,United States Grand Prix,United States,2019-11-03 00:00:00,United States Grand Prix,BOT,77,Mercedes,1.0,1.0,25.0,0,Finished,1.0,93.75,93.16,92.029,,0.0
2019,19,United States Grand Prix,United States,2019-11-03 00:00:00,United States Grand Prix,HAM,44,Mercedes,5.0,2.0,18.0,0,Finished,5.0,93.454,93.045,92.321,,0.0
2019,19,United States Grand Prix,United States,2019-11-03 00:00:00,United States Grand Prix,VER,33,Red Bull Racing,3.0,3.0,15.0,0,Finished,3.0,93.549,93.12,92.096,,0.0
2019,19,United States Grand Prix,United States,2019-11-03 00:00:00,United States Grand Prix,LEC,16,Ferrari,4.0,4.0,13.0,0,Finished,4.0,93.988,92.76,92.137,,0.0
2019,19,United States Grand Prix,United States,2019-11-03 00:00:00,United States Grand Prix,ALB,23,Red Bull Racing,6.0,5.0,10.0,0,Finished,6.0,93.984,92.898,92.548,,0.0
2019,19,United States Grand Prix,United States,2019-11-03 00:00:00,United States Grand Prix,RIC,3,Renault,9.0,6.0,8.0,0,Finished,9.0,93.835,93.608,93.488,,0.0
2019,19,United States Grand Prix,United States,2019-11-03 00:00:00,United States Grand Prix,NOR,4,McLaren,8.0,7.0,6.0,0,Finished,8.0,93.353,93.316,93.175,,0.0
2019,19,United States Grand Prix,United States,2019-11-03 00:00:00,United States Grand Prix,SAI,55,McLaren,7.0,8.0,4.0,0,+1 Lap,7.0,93.916,93.422,92.847,,0.0
2019,19,United States Grand Prix,United States,2019-11-03 00:00:00,United States Grand Prix,HUL,27,Renault,11.0,9.0,2.0,0,+1 Lap,11.0,94.092,93.815,,,0.0
2019,19,United States Grand Prix,United States,2019-11-03 00:00:00,United States Grand Prix,PER,11,Racing Point,20.0,10.0,1.0,0,+1 Lap,19.0,95.808,,,,0.0
2019,19,United States Grand Prix,United States,2019-11-03 00:00:00,United States Grand Prix,RAI,7,Alfa Romeo Racing,17.0,11.0,0.0,0,+1 Lap,17.0,94.369,,,,0.0
2019,19,United States Grand Prix,United States,2019-11-03 00:00:00,United States Grand Prix,KVY,26,Toro Rosso,13.0,12.0,0.0,0,+1 Lap,13.0,94.138,93.989,,,0.0
2019,19,United States Grand Prix,United States,2019-11-03 00:00:00,United States Grand Prix,STR,18,Racing Point,14.0,13.0,0.0,0,+1 Lap,14.0,93.921,94.1,,,0.0
2019,19,United States Grand Prix,United States,2019-11-03 00:00:00,United States Grand Prix,GIO,99,Alfa Romeo Racing,16.0,14.0,0.0,0,+1 Lap,16.0,94.226,,,,0.0
2019,19,United States Grand Prix,United States,2019-11-03 00:00:00,United States Grand Prix,GRO,8,Haas F1 Team,15.0,15.0,0.0,0,+1 Lap,15.0,94.161,94.158,,,0.0
2019,19,United States Grand Prix,United States,2019-11-03 00:00:00,United States Grand Prix,GAS,10,Toro Rosso,10.0,16.0,0.0,1,Suspension,10.0,93.556,93.715,93.601,,0.0
2019,19,United States Grand Prix,United States,2019-11-03 00:00:00,United States Grand Prix,RUS,63,Williams,18.0,17.0,0.0,0,+2 Laps,18.0,95.372,,,,0.0
2019,19,United States Grand Prix,United States,2019-11-03 00:00:00,United States Grand Prix,MAG,20,Haas F1 Team,12.0,18.0,0.0,1,Brakes,12.0,93.812,93.979,,,0.0
2019,19,United States Grand Prix,United States,2019-11-03 00:00:00,United States Grand Prix,KUB,88,Williams,19.0,19.0,0.0,1,Oil leak,20.0,95.889,,,,0.0
2019,19,United States Grand Prix,United States,2019-11-03 00:00:00,United States Grand Prix,VET,5,Ferrari,2.0,20.0,0.0,1,Suspension,2.0,93.766,93.782,92.041,,0.0
2019,20,Brazilian Grand Prix,Brazil,2019-11-17 00:00:00,Brazilian Grand Prix,VER,33,Red Bull Racing,1.0,1.0,25.0,0,Finished,1.0,68.242,67.503,67.508,,0.0
2019,20,Brazilian Grand Prix,Brazil,2019-11-17 00:00:00,Brazilian Grand Prix,GAS,10,Toro Rosso,6.0,2.0,18.0,0,Finished,7.0,68.909,68.77,68.837,,0.0
2019,20,Brazilian Grand Prix,Brazil,2019-11-17 00:00:00,Brazilian Grand Prix,SAI,55,McLaren,20.0,3.0,15.0,0,Finished,20.0,,,,,0.0
2019,20,Brazilian Grand Prix,Brazil,2019-11-17 00:00:00,Brazilian Grand Prix,RAI,7,Alfa Romeo Racing,8.0,4.0,12.0,0,Finished,9.0,69.276,68.858,68.984,,0.0
2019,20,Brazilian Grand Prix,Brazil,2019-11-17 00:00:00,Brazilian Grand Prix,GIO,99,Alfa Romeo Racing,12.0,5.0,10.0,0,Finished,13.0,69.175,68.919,,,0.0
2019,20,Brazilian Grand Prix,Brazil,2019-11-17 00:00:00,Brazilian Grand Prix,RIC,3,Renault,11.0,6.0,8.0,0,Finished,12.0,69.086,68.903,,,0.0
2019,20,Brazilian Grand Prix,Brazil,2019-11-17 00:00:00,Brazilian Grand Prix,HAM,44,Mercedes,3.0,7.0,6.0,0,Finished,3.0,68.614,68.088,67.699,,0.0
2019,20,Brazilian Grand Prix,Brazil,2019-11-17 00:00:00,Brazilian Grand Prix,NOR,4,McLaren,10.0,8.0,4.0,0,Finished,11.0,68.891,68.868,,,0.0
2019,20,Brazilian Grand Prix,Brazil,2019-11-17 00:00:00,Brazilian Grand Prix,PER,11,Racing Point,15.0,9.0,2.0,0,Finished,15.0,69.288,69.035,,,0.0
2019,20,Brazilian Grand Prix,Brazil,2019-11-17 00:00:00,Brazilian Grand Prix,KVY,26,Toro Rosso,16.0,10.0,1.0,0,Finished,16.0,69.32,,,,0.0
2019,20,Brazilian Grand Prix,Brazil,2019-11-17 00:00:00,Brazilian Grand Prix,MAG,20,Haas F1 Team,9.0,11.0,0.0,0,Finished,10.0,68.875,68.803,69.037,,0.0
2019,20,Brazilian Grand Prix,Brazil,2019-11-17 00:00:00,Brazilian Grand Prix,RUS,63,Williams,18.0,12.0,0.0,0,Finished,18.0,70.126,,,,0.0
2019,20,Brazilian Grand Prix,Brazil,2019-11-17 00:00:00,Brazilian Grand Prix,GRO,8,Haas F1 Team,7.0,13.0,0.0,0,Finished,8.0,69.197,68.705,68.854,,0.0
2019,20,Brazilian Grand Prix,Brazil,2019-11-17 00:00:00,Brazilian Grand Prix,ALB,23,Red Bull Racing,5.0,14.0,0.0,0,Finished,6.0,68.503,68.117,67.935,,0.0
2019,20,Brazilian Grand Prix,Brazil,2019-11-17 00:00:00,Brazilian Grand Prix,HUL,27,Renault,13.0,15.0,0.0,0,Finished,14.0,69.05,68.921,,,0.0
2019,20,Brazilian Grand Prix,Brazil,2019-11-17 00:00:00,Brazilian Grand Prix,KUB,88,Williams,19.0,16.0,0.0,0,+1 Lap,19.0,70.614,,,,0.0
2019,20,Brazilian Grand Prix,Brazil,2019-11-17 00:00:00,Brazilian Grand Prix,VET,5,Ferrari,2.0,17.0,0.0,1,Collision,2.0,68.556,68.05,67.631,,0.0
2019,20,Brazilian Grand Prix,Brazil,2019-11-17 00:00:00,Brazilian Grand Prix,LEC,16,Ferrari,14.0,18.0,0.0,1,Collision,4.0,68.496,67.888,67.728,,0.0
2019,20,Brazilian Grand Prix,Brazil,2019-11-17 00:00:00,Brazilian Grand Prix,STR,18,Racing Point,17.0,19.0,0.0,1,Suspension,17.0,69.536,,,,0.0
2019,20,Brazilian Grand Prix,Brazil,2019-11-17 00:00:00,Brazilian Grand Prix,BOT,77,Mercedes,4.0,20.0,0.0,1,Power Unit,5.0,68.545,68.232,67.874,,0.0
2019,21,Abu Dhabi Grand Prix,Abu Dhabi,2019-12-01 00:00:00,Abu Dhabi Grand Prix,HAM,44,Mercedes,1.0,1.0,26.0,0,Finished,1.0,95.851,95.634,94.779,,0.0
2019,21,Abu Dhabi Grand Prix,Abu Dhabi,2019-12-01 00:00:00,Abu Dhabi Grand Prix,VER,33,Red Bull Racing,2.0,2.0,18.0,0,Finished,3.0,96.39,96.275,95.139,,0.0
2019,21,Abu Dhabi Grand Prix,Abu Dhabi,2019-12-01 00:00:00,Abu Dhabi Grand Prix,LEC,16,Ferrari,3.0,3.0,15.0,0,Finished,4.0,96.478,95.543,95.219,,0.0
2019,21,Abu Dhabi Grand Prix,Abu Dhabi,2019-12-01 00:00:00,Abu Dhabi Grand Prix,BOT,77,Mercedes,20.0,4.0,12.0,0,Finished,2.0,96.2,95.674,94.973,,0.0
2019,21,Abu Dhabi Grand Prix,Abu Dhabi,2019-12-01 00:00:00,Abu Dhabi Grand Prix,VET,5,Ferrari,4.0,5.0,10.0,0,Finished,5.0,96.963,95.786,95.339,,0.0
2019,21,Abu Dhabi Grand Prix,Abu Dhabi,2019-12-01 00:00:00,Abu Dhabi Grand Prix,ALB,23,Red Bull Racing,5.0,6.0,8.0,0,Finished,6.0,96.102,96.718,95.682,,0.0
2019,21,Abu Dhabi Grand Prix,Abu Dhabi,2019-12-01 00:00:00,Abu Dhabi Grand Prix,PER,11,Racing Point,10.0,7.0,6.0,0,+1 Lap,11.0,96.961,97.055,,,0.0
2019,21,Abu Dhabi Grand Prix,Abu Dhabi,2019-12-01 00:00:00,Abu Dhabi Grand Prix,NOR,4,McLaren,6.0,8.0,4.0,0,+1 Lap,7.0,97.545,96.764,96.436,,0.0
2019,21,Abu Dhabi Grand Prix,Abu Dhabi,2019-12-01 00:00:00,Abu Dhabi Grand Prix,KVY,26,Toro Rosso,13.0,9.0,2.0,0,+1 Lap,14.0,97.683,97.141,,,0.0
2019,21,Abu Dhabi Grand Prix,Abu Dhabi,2019-12-01 00:00:00,Abu Dhabi Grand Prix,SAI,55,McLaren,8.0,10.0,1.0,0,+1 Lap,9.0,97.358,96.308,96.459,,0.0
2019,21,Abu Dhabi Grand Prix,Abu Dhabi,2019-12-01 00:00:00,Abu Dhabi Grand Prix,RIC,3,Renault,7.0,11.0,0.0,0,+1 Lap,8.0,97.106,96.785,96.456,,0.0
2019,21,Abu Dhabi Grand Prix,Abu Dhabi,2019-12-01 00:00:00,Abu Dhabi Grand Prix,HUL,27,Renault,9.0,12.0,0.0,0,+1 Lap,10.0,97.506,96.859,96.71,,0.0
2019,21,Abu Dhabi Grand Prix,Abu Dhabi,2019-12-01 00:00:00,Abu Dhabi Grand Prix,RAI,7,Alfa Romeo Racing,17.0,13.0,0.0,0,+1 Lap,18.0,98.383,,,,0.0
2019,21,Abu Dhabi Grand Prix,Abu Dhabi,2019-12-01 00:00:00,Abu Dhabi Grand Prix,MAG,20,Haas F1 Team,14.0,14.0,0.0,0,+1 Lap,15.0,97.71,97.254,,,0.0
2019,21,Abu Dhabi Grand Prix,Abu Dhabi,2019-12-01 00:00:00,Abu Dhabi Grand Prix,GRO,8,Haas F1 Team,15.0,15.0,0.0,0,+1 Lap,16.0,98.051,,,,0.0
2019,21,Abu Dhabi Grand Prix,Abu Dhabi,2019-12-01 00:00:00,Abu Dhabi Grand Prix,GIO,99,Alfa Romeo Racing,16.0,16.0,0.0,0,+1 Lap,17.0,98.114,,,,0.0
2019,21,Abu Dhabi Grand Prix,Abu Dhabi,2019-12-01 00:00:00,Abu Dhabi Grand Prix,RUS,63,Williams,18.0,17.0,0.0,0,+1 Lap,19.0,98.717,,,,0.0
2019,21,Abu Dhabi Grand Prix,Abu Dhabi,2019-12-01 00:00:00,Abu Dhabi Grand Prix,GAS,10,Toro Rosso,11.0,18.0,0.0,0,+2 Laps,12.0,97.198,97.089,,,0.0
2019,21,Abu Dhabi Grand Prix,Abu Dhabi,2019-12-01 00:00:00,Abu Dhabi Grand Prix,KUB,88,Williams,19.0,19.0,0.0,0,+2 Laps,20.0,99.236,,,,0.0
2019,21,Abu Dhabi Grand Prix,Abu Dhabi,2019-12-01 00:00:00,Abu Dhabi Grand Prix,STR,18,Racing Point,12.0,20.0,0.0,1,Brakes,13.0,97.528,97.103,,,0.0
2020,1,Austrian Grand Prix,Austria,2020-07-05 00:00:00,Austrian Grand Prix,BOT,77,Mercedes,1.0,1.0,25.0,0,Finished,1.0,64.111,63.015,62.939,,0.0
2020,1,Austrian Grand Prix,Austria,2020-07-05 00:00:00,Austrian Grand Prix,LEC,16,Ferrari,7.0,2.0,18.0,0,Finished,7.0,64.5,64.041,63.923,,0.0
2020,1,Austrian Grand Prix,Austria,2020-07-05 00:00:00,Austrian Grand Prix,NOR,4,McLaren,3.0,3.0,16.0,0,Finished,4.0,64.606,63.819,63.626,,0.0
2020,1,Austrian Grand Prix,Austria,2020-07-05 00:00:00,Austrian Grand Prix,HAM,44,Mercedes,5.0,4.0,12.0,0,Finished,2.0,64.198,63.096,62.951,,0.0
2020,1,Austrian Grand Prix,Austria,2020-07-05 00:00:00,Austrian Grand Prix,SAI,55,McLaren,8.0,5.0,10.0,0,Finished,8.0,64.537,63.971,63.971,,0.0
2020,1,Austrian Grand Prix,Austria,2020-07-05 00:00:00,Austrian Grand Prix,PER,11,Racing Point,6.0,6.0,8.0,0,Finished,6.0,64.543,63.86,63.868,,0.0
2020,1,Austrian Grand Prix,Austria,2020-07-05 00:00:00,Austrian Grand Prix,GAS,10,AlphaTauri,12.0,7.0,6.0,0,Finished,12.0,64.603,64.305,,,0.0
2020,1,Austrian Grand Prix,Austria,2020-07-05 00:00:00,Austrian Grand Prix,OCO,31,Renault,14.0,8.0,4.0,0,Finished,14.0,64.933,64.643,,,0.0
2020,1,Austrian Grand Prix,Austria,2020-07-05 00:00:00,Austrian Grand Prix,GIO,99,Alfa Romeo Racing,18.0,9.0,2.0,0,Finished,18.0,65.175,,,,0.0
2020,1,Austrian Grand Prix,Austria,2020-07-05 00:00:00,Austrian Grand Prix,VET,5,Ferrari,11.0,10.0,1.0,0,Finished,11.0,64.554,64.206,,,0.0
2020,1,Austrian Grand Prix,Austria,2020-07-05 00:00:00,Austrian Grand Prix,LAT,6,Williams,20.0,11.0,0.0,0,Finished,20.0,65.757,,,,0.0
2020,1,Austrian Grand Prix,Austria,2020-07-05 00:00:00,Austrian Grand Prix,KVY,26,AlphaTauri,13.0,12.0,0.0,1,Suspension,13.0,65.031,64.431,,,0.0
2020,1,Austrian Grand Prix,Austria,2020-07-05 00:00:00,Austrian Grand Prix,ALB,23,Red Bull Racing,4.0,13.0,0.0,1,Electronics,5.0,64.661,63.746,63.868,,0.0
2020,1,Austrian Grand Prix,Austria,2020-07-05 00:00:00,Austrian Grand Prix,RAI,7,Alfa Romeo Racing,19.0,14.0,0.0,1,Wheel,19.0,65.224,,,,0.0
2020,1,Austrian Grand Prix,Austria,2020-07-05 00:00:00,Austrian Grand Prix,RUS,63,Williams,17.0,15.0,0.0,1,Fuel pressure,17.0,65.167,,,,0.0
2020,1,Austrian Grand Prix,Austria,2020-07-05 00:00:00,Austrian Grand Prix,GRO,8,Haas F1 Team,15.0,16.0,0.0,1,Brakes,15.0,65.094,64.691,,,0.0
2020,1,Austrian Grand Prix,Austria,2020-07-05 00:00:00,Austrian Grand Prix,MAG,20,Haas F1 Team,16.0,17.0,0.0,1,Brakes,16.0,65.164,,,,0.0
2020,1,Austrian Grand Prix,Austria,2020-07-05 00:00:00,Austrian Grand Prix,STR,18,Racing Point,9.0,18.0,0.0,1,Engine,9.0,64.309,63.955,64.029,,0.0
2020,1,Austrian Grand Prix,Austria,2020-07-05 00:00:00,Austrian Grand Prix,RIC,3,Renault,10.0,19.0,0.0,1,Overheating,10.0,64.556,64.023,64.239,,0.0
2020,1,Austrian Grand Prix,Austria,2020-07-05 00:00:00,Austrian Grand Prix,VER,33,Red Bull Racing,2.0,20.0,0.0,1,Electronics,3.0,64.024,64.0,63.477,,0.0
2020,2,Styrian Grand Prix,Austria,2020-07-12 00:00:00,Styrian Grand Prix,HAM,44,Mercedes,1.0,1.0,25.0,0,Finished,1.0,78.188,77.825,79.273,,0.0
2020,2,Styrian Grand Prix,Austria,2020-07-12 00:00:00,Styrian Grand Prix,BOT,77,Mercedes,4.0,2.0,18.0,0,Finished,4.0,78.791,78.657,80.701,,0.0
2020,2,Styrian Grand Prix,Austria,2020-07-12 00:00:00,Styrian Grand Prix,VER,33,Red Bull Racing,2.0,3.0,15.0,0,Finished,2.0,78.297,77.938,80.489,,0.0
2020,2,Styrian Grand Prix,Austria,2020-07-12 00:00:00,Styrian Grand Prix,ALB,23,Red Bull Racing,6.0,4.0,12.0,0,Finished,7.0,80.882,79.014,81.011,,0.0
2020,2,Styrian Grand Prix,Austria,2020-07-12 00:00:00,Styrian Grand Prix,NOR,4,McLaren,9.0,5.0,10.0,0,Finished,6.0,78.504,78.448,80.925,,0.0
2020,2,Styrian Grand Prix,Austria,2020-07-12 00:00:00,Styrian Grand Prix,PER,11,Racing Point,17.0,6.0,8.0,0,Finished,17.0,81.607,,,,0.0
2020,2,Styrian Grand Prix,Austria,2020-07-12 00:00:00,Styrian Grand Prix,STR,18,Racing Point,12.0,7.0,6.0,0,Finished,13.0,79.697,79.645,,,0.0
2020,2,Styrian Grand Prix,Austria,2020-07-12 00:00:00,Styrian Grand Prix,RIC,3,Renault,8.0,8.0,4.0,0,Finished,9.0,79.662,79.229,81.192,,0.0
2020,2,Styrian Grand Prix,Austria,2020-07-12 00:00:00,Styrian Grand Prix,SAI,55,McLaren,3.0,9.0,3.0,0,+1 Lap,3.0,78.59,78.836,80.671,,0.0
2020,2,Styrian Grand Prix,Austria,2020-07-12 00:00:00,Styrian Grand Prix,KVY,26,AlphaTauri,13.0,10.0,1.0,0,+1 Lap,14.0,79.824,79.717,,,0.0
2020,2,Styrian Grand Prix,Austria,2020-07-12 00:00:00,Styrian Grand Prix,RAI,7,Alfa Romeo Racing,16.0,11.0,0.0,0,+1 Lap,16.0,81.14,,,,0.0
2020,2,Styrian Grand Prix,Austria,2020-07-12 00:00:00,Styrian Grand Prix,MAG,20,Haas F1 Team,15.0,12.0,0.0,0,+1 Lap,15.0,81.14,80.211,,,0.0
2020,2,Styrian Grand Prix,Austria,2020-07-12 00:00:00,Styrian Grand Prix,GRO,8,Haas F1 Team,20.0,13.0,0.0,0,+1 Lap,20.0,,,,,0.0
2020,2,Styrian Grand Prix,Austria,2020-07-12 00:00:00,Styrian Grand Prix,GIO,99,Alfa Romeo Racing,19.0,14.0,0.0,0,+1 Lap,19.0,81.831,,,,0.0
2020,2,Styrian Grand Prix,Austria,2020-07-12 00:00:00,Styrian Grand Prix,GAS,10,AlphaTauri,7.0,15.0,0.0,0,+1 Lap,8.0,80.192,78.744,81.028,,0.0
2020,2,Styrian Grand Prix,Austria,2020-07-12 00:00:00,Styrian Grand Prix,RUS,63,Williams,11.0,16.0,0.0,0,+2 Laps,12.0,80.382,79.636,,,0.0
2020,2,Styrian Grand Prix,Austria,2020-07-12 00:00:00,Styrian Grand Prix,LAT,6,Williams,18.0,17.0,0.0,0,+2 Laps,18.0,81.759,,,,0.0
2020,2,Styrian Grand Prix,Austria,2020-07-12 00:00:00,Styrian Grand Prix,OCO,31,Renault,5.0,18.0,0.0,1,Overheating,5.0,79.687,78.764,80.922,,0.0
2020,2,Styrian Grand Prix,Austria,2020-07-12 00:00:00,Styrian Grand Prix,LEC,16,Ferrari,14.0,19.0,0.0,1,Collision damage,11.0,80.871,79.628,,,0.0
2020,2,Styrian Grand Prix,Austria,2020-07-12 00:00:00,Styrian Grand Prix,VET,5,Ferrari,10.0,20.0,0.0,1,Collision damage,10.0,80.243,79.545,81.651,,0.0
2020,3,Hungarian Grand Prix,Hungary,2020-07-19 00:00:00,Hungarian Grand Prix,HAM,44,Mercedes,1.0,1.0,26.0,0,Finished,1.0,74.907,74.261,73.447,,0.0
2020,3,Hungarian Grand Prix,Hungary,2020-07-19 00:00:00,Hungarian Grand Prix,VER,33,Red Bull Racing,7.0,2.0,18.0,0,Finished,7.0,75.495,74.976,74.849,,0.0
2020,3,Hungarian Grand Prix,Hungary,2020-07-19 00:00:00,Hungarian Grand Prix,BOT,77,Mercedes,2.0,3.0,15.0,0,Finished,2.0,75.474,74.53,73.554,,0.0
2020,3,Hungarian Grand Prix,Hungary,2020-07-19 00:00:00,Hungarian Grand Prix,STR,18,Racing Point,3.0,4.0,12.0,0,Finished,3.0,74.895,75.176,74.377,,0.0
2020,3,Hungarian Grand Prix,Hungary,2020-07-19 00:00:00,Hungarian Grand Prix,ALB,23,Red Bull Racing,13.0,5.0,10.0,0,Finished,13.0,75.722,75.715,,,0.0
2020,3,Hungarian Grand Prix,Hungary,2020-07-19 00:00:00,Hungarian Grand Prix,VET,5,Ferrari,5.0,6.0,8.0,0,+1 Lap,5.0,75.455,75.131,74.774,,0.0
2020,3,Hungarian Grand Prix,Hungary,2020-07-19 00:00:00,Hungarian Grand Prix,PER,11,Racing Point,4.0,7.0,6.0,0,+1 Lap,4.0,74.681,75.394,74.545,,0.0
2020,3,Hungarian Grand Prix,Hungary,2020-07-19 00:00:00,Hungarian Grand Prix,RIC,3,Renault,11.0,8.0,4.0,0,+1 Lap,11.0,75.848,75.661,,,0.0
2020,3,Hungarian Grand Prix,Hungary,2020-07-19 00:00:00,Hungarian Grand Prix,SAI,55,McLaren,9.0,9.0,2.0,0,+1 Lap,9.0,75.281,75.267,75.027,,0.0
2020,3,Hungarian Grand Prix,Hungary,2020-07-19 00:00:00,Hungarian Grand Prix,MAG,20,Haas F1 Team,20.0,10.0,1.0,0,+1 Lap,16.0,76.152,,,,0.0
2020,3,Hungarian Grand Prix,Hungary,2020-07-19 00:00:00,Hungarian Grand Prix,LEC,16,Ferrari,6.0,11.0,0.0,0,+1 Lap,6.0,75.793,75.006,74.817,,0.0
2020,3,Hungarian Grand Prix,Hungary,2020-07-19 00:00:00,Hungarian Grand Prix,KVY,26,AlphaTauri,17.0,12.0,0.0,0,+1 Lap,17.0,76.204,,,,0.0
2020,3,Hungarian Grand Prix,Hungary,2020-07-19 00:00:00,Hungarian Grand Prix,NOR,4,McLaren,8.0,13.0,0.0,0,+1 Lap,8.0,75.444,75.085,74.966,,0.0
2020,3,Hungarian Grand Prix,Hungary,2020-07-19 00:00:00,Hungarian Grand Prix,OCO,31,Renault,14.0,14.0,0.0,0,+1 Lap,14.0,75.719,75.742,,,0.0
2020,3,Hungarian Grand Prix,Hungary,2020-07-19 00:00:00,Hungarian Grand Prix,RAI,7,Alfa Romeo Racing,20.0,15.0,0.0,0,+1 Lap,20.0,76.614,,,,0.0
2020,3,Hungarian Grand Prix,Hungary,2020-07-19 00:00:00,Hungarian Grand Prix,GRO,8,Haas F1 Team,20.0,16.0,0.0,0,+1 Lap,18.0,76.407,,,,0.0
2020,3,Hungarian Grand Prix,Hungary,2020-07-19 00:00:00,Hungarian Grand Prix,GIO,99,Alfa Romeo Racing,19.0,17.0,0.0,0,+1 Lap,19.0,76.506,,,,0.0
2020,3,Hungarian Grand Prix,Hungary,2020-07-19 00:00:00,Hungarian Grand Prix,RUS,63,Williams,12.0,18.0,0.0,0,+1 Lap,12.0,75.585,75.698,,,0.0
2020,3,Hungarian Grand Prix,Hungary,2020-07-19 00:00:00,Hungarian Grand Prix,LAT,6,Williams,15.0,19.0,0.0,0,+5 Laps,15.0,76.105,76.544,,,0.0
2020,3,Hungarian Grand Prix,Hungary,2020-07-19 00:00:00,Hungarian Grand Prix,GAS,10,AlphaTauri,10.0,20.0,0.0,1,Engine,10.0,75.767,75.508,,,0.0
2020,4,British Grand Prix,Great Britain,2020-08-02 00:00:00,British Grand Prix,HAM,44,Mercedes,1.0,1.0,25.0,0,Finished,1.0,85.9,85.347,84.303,,0.0
2020,4,British Grand Prix,Great Britain,2020-08-02 00:00:00,British Grand Prix,VER,33,Red Bull Racing,3.0,2.0,19.0,0,Finished,3.0,86.115,86.144,85.325,,0.0
2020,4,British Grand Prix,Great Britain,2020-08-02 00:00:00,British Grand Prix,LEC,16,Ferrari,4.0,3.0,15.0,0,Finished,4.0,86.55,86.203,85.427,,0.0
2020,4,British Grand Prix,Great Britain,2020-08-02 00:00:00,British Grand Prix,RIC,3,Renault,8.0,4.0,12.0,0,Finished,8.0,86.677,86.339,86.009,,0.0
2020,4,British Grand Prix,Great Britain,2020-08-02 00:00:00,British Grand Prix,NOR,4,McLaren,5.0,5.0,10.0,0,Finished,5.0,86.855,86.42,85.782,,0.0
2020,4,British Grand Prix,Great Britain,2020-08-02 00:00:00,British Grand Prix,OCO,31,Renault,9.0,6.0,8.0,0,Finished,9.0,86.396,86.252,86.209,,0.0
2020,4,British Grand Prix,Great Britain,2020-08-02 00:00:00,British Grand Prix,GAS,10,AlphaTauri,11.0,7.0,6.0,0,Finished,11.0,86.343,86.501,,,0.0
2020,4,British Grand Prix,Great Britain,2020-08-02 00:00:00,British Grand Prix,ALB,23,Red Bull Racing,12.0,8.0,4.0,0,Finished,12.0,86.565,86.545,,,0.0
2020,4,British Grand Prix,Great Britain,2020-08-02 00:00:00,British Grand Prix,STR,18,Racing Point,6.0,9.0,2.0,0,Finished,6.0,86.243,86.501,85.839,,0.0
2020,4,British Grand Prix,Great Britain,2020-08-02 00:00:00,British Grand Prix,VET,5,Ferrari,10.0,10.0,1.0,0,Finished,10.0,86.469,86.455,86.339,,0.0
2020,4,British Grand Prix,Great Britain,2020-08-02 00:00:00,British Grand Prix,BOT,77,Mercedes,2.0,11.0,0.0,0,Finished,2.0,85.801,85.015,84.616,,0.0
2020,4,British Grand Prix,Great Britain,2020-08-02 00:00:00,British Grand Prix,RUS,63,Williams,20.0,12.0,0.0,0,Finished,15.0,86.732,87.092,,,0.0
2020,4,British Grand Prix,Great Britain,2020-08-02 00:00:00,British Grand Prix,SAI,55,McLaren,7.0,13.0,0.0,0,Finished,7.0,86.715,86.149,85.965,,0.0
2020,4,British Grand Prix,Great Britain,2020-08-02 00:00:00,British Grand Prix,GIO,99,Alfa Romeo Racing,15.0,14.0,0.0,0,Finished,17.0,87.164,,,,0.0
2020,4,British Grand Prix,Great Britain,2020-08-02 00:00:00,British Grand Prix,LAT,6,Williams,18.0,15.0,0.0,0,Finished,20.0,87.705,,,,0.0
2020,4,British Grand Prix,Great Britain,2020-08-02 00:00:00,British Grand Prix,GRO,8,Haas F1 Team,17.0,16.0,0.0,0,Finished,19.0,87.643,,,,0.0
2020,4,British Grand Prix,Great Britain,2020-08-02 00:00:00,British Grand Prix,RAI,7,Alfa Romeo Racing,16.0,17.0,0.0,0,+1 Lap,18.0,87.366,,,,0.0
2020,4,British Grand Prix,Great Britain,2020-08-02 00:00:00,British Grand Prix,KVY,26,AlphaTauri,19.0,18.0,0.0,1,Accident,14.0,86.774,86.744,,,0.0
2020,4,British Grand Prix,Great Britain,2020-08-02 00:00:00,British Grand Prix,MAG,20,Haas F1 Team,14.0,19.0,0.0,1,Collision,16.0,87.158,,,,0.0
2020,4,British Grand Prix,Great Britain,2020-08-02 00:00:00,British Grand Prix,HUL,27,Racing Point,13.0,20.0,0.0,1,Power Unit,13.0,86.327,86.566,,,0.0
2020,5,70th Anniversary Grand Prix,Great Britain,2020-08-09 00:00:00,70th Anniversary Grand Prix,VER,33,Red Bull Racing,4.0,1.0,25.0,0,Finished,4.0,87.154,86.779,86.176,,0.0
2020,5,70th Anniversary Grand Prix,Great Britain,2020-08-09 00:00:00,70th Anniversary Grand Prix,HAM,44,Mercedes,2.0,2.0,19.0,0,Finished,2.0,86.818,86.266,85.217,,0.0
2020,5,70th Anniversary Grand Prix,Great Britain,2020-08-09 00:00:00,70th Anniversary Grand Prix,BOT,77,Mercedes,1.0,3.0,15.0,0,Finished,1.0,86.738,85.785,85.154,,0.0
2020,5,70th Anniversary Grand Prix,Great Britain,2020-08-09 00:00:00,70th Anniversary Grand Prix,LEC,16,Ferrari,8.0,4.0,12.0,0,Finished,8.0,87.427,86.709,86.614,,0.0
2020,5,70th Anniversary Grand Prix,Great Britain,2020-08-09 00:00:00,70th Anniversary Grand Prix,ALB,23,Red Bull Racing,9.0,5.0,10.0,0,Finished,9.0,87.153,86.642,86.669,,0.0
2020,5,70th Anniversary Grand Prix,Great Britain,2020-08-09 00:00:00,70th Anniversary Grand Prix,STR,18,Racing Point,6.0,6.0,8.0,0,Finished,6.0,87.187,86.674,86.428,,0.0
2020,5,70th Anniversary Grand Prix,Great Britain,2020-08-09 00:00:00,70th Anniversary Grand Prix,HUL,27,Racing Point,3.0,7.0,6.0,0,Finished,3.0,87.279,86.261,86.082,,0.0
2020,5,70th Anniversary Grand Prix,Great Britain,2020-08-09 00:00:00,70th Anniversary Grand Prix,OCO,31,Renault,14.0,8.0,4.0,0,Finished,11.0,87.278,87.011,,,0.0
2020,5,70th Anniversary Grand Prix,Great Britain,2020-08-09 00:00:00,70th Anniversary Grand Prix,NOR,4,McLaren,10.0,9.0,2.0,0,Finished,10.0,87.217,86.885,86.778,,0.0
2020,5,70th Anniversary Grand Prix,Great Britain,2020-08-09 00:00:00,70th Anniversary Grand Prix,KVY,26,AlphaTauri,16.0,10.0,1.0,0,Finished,16.0,87.882,,,,0.0
2020,5,70th Anniversary Grand Prix,Great Britain,2020-08-09 00:00:00,70th Anniversary Grand Prix,GAS,10,AlphaTauri,7.0,11.0,0.0,0,Finished,7.0,87.154,86.523,86.534,,0.0
2020,5,70th Anniversary Grand Prix,Great Britain,2020-08-09 00:00:00,70th Anniversary Grand Prix,VET,5,Ferrari,11.0,12.0,0.0,0,Finished,12.0,87.612,87.078,,,0.0
2020,5,70th Anniversary Grand Prix,Great Britain,2020-08-09 00:00:00,70th Anniversary Grand Prix,SAI,55,McLaren,12.0,13.0,0.0,0,Finished,13.0,87.45,87.083,,,0.0
2020,5,70th Anniversary Grand Prix,Great Britain,2020-08-09 00:00:00,70th Anniversary Grand Prix,RIC,3,Renault,5.0,14.0,0.0,0,+1 Lap,5.0,87.442,86.636,86.297,,0.0
2020,5,70th Anniversary Grand Prix,Great Britain,2020-08-09 00:00:00,70th Anniversary Grand Prix,RAI,7,Alfa Romeo Racing,20.0,15.0,0.0,0,+1 Lap,20.0,88.493,,,,0.0
2020,5,70th Anniversary Grand Prix,Great Britain,2020-08-09 00:00:00,70th Anniversary Grand Prix,GRO,8,Haas F1 Team,13.0,16.0,0.0,0,+1 Lap,14.0,87.519,87.254,,,0.0
2020,5,70th Anniversary Grand Prix,Great Britain,2020-08-09 00:00:00,70th Anniversary Grand Prix,GIO,99,Alfa Romeo Racing,19.0,17.0,0.0,0,+1 Lap,19.0,88.433,,,,0.0
2020,5,70th Anniversary Grand Prix,Great Britain,2020-08-09 00:00:00,70th Anniversary Grand Prix,RUS,63,Williams,15.0,18.0,0.0,0,+1 Lap,15.0,87.757,87.455,,,0.0
2020,5,70th Anniversary Grand Prix,Great Britain,2020-08-09 00:00:00,70th Anniversary Grand Prix,LAT,6,Williams,18.0,19.0,0.0,0,+1 Lap,18.0,88.43,,,,0.0
2020,5,70th Anniversary Grand Prix,Great Britain,2020-08-09 00:00:00,70th Anniversary Grand Prix,MAG,20,Haas F1 Team,17.0,20.0,0.0,1,Retired,17.0,88.236,,,,0.0
2020,6,Spanish Grand Prix,Spain,2020-08-16 00:00:00,Spanish Grand Prix,HAM,44,Mercedes,1.0,1.0,25.0,0,Finished,1.0,76.872,76.013,75.584,,0.0
2020,6,Spanish Grand Prix,Spain,2020-08-16 00:00:00,Spanish Grand Prix,VER,33,Red Bull Racing,3.0,2.0,18.0,0,Finished,3.0,77.213,76.518,76.292,,0.0
2020,6,Spanish Grand Prix,Spain,2020-08-16 00:00:00,Spanish Grand Prix,BOT,77,Mercedes,2.0,3.0,16.0,0,Finished,2.0,77.243,76.152,75.643,,0.0
2020,6,Spanish Grand Prix,Spain,2020-08-16 00:00:00,Spanish Grand Prix,STR,18,Racing Point,5.0,4.0,12.0,0,+1 Lap,5.0,77.316,76.666,76.589,,0.0
2020,6,Spanish Grand Prix,Spain,2020-08-16 00:00:00,Spanish Grand Prix,PER,11,Racing Point,4.0,5.0,10.0,0,+1 Lap,4.0,77.117,76.936,76.482,,0.0
2020,6,Spanish Grand Prix,Spain,2020-08-16 00:00:00,Spanish Grand Prix,SAI,55,McLaren,7.0,6.0,8.0,0,+1 Lap,7.0,77.438,76.876,77.044,,0.0
2020,6,Spanish Grand Prix,Spain,2020-08-16 00:00:00,Spanish Grand Prix,VET,5,Ferrari,11.0,7.0,6.0,0,+1 Lap,11.0,77.573,77.168,,,0.0
2020,6,Spanish Grand Prix,Spain,2020-08-16 00:00:00,Spanish Grand Prix,ALB,23,Red Bull Racing,6.0,8.0,4.0,0,+1 Lap,6.0,77.419,77.163,77.029,,0.0
2020,6,Spanish Grand Prix,Spain,2020-08-16 00:00:00,Spanish Grand Prix,GAS,10,AlphaTauri,10.0,9.0,2.0,0,+1 Lap,10.0,77.356,76.8,77.136,,0.0
2020,6,Spanish Grand Prix,Spain,2020-08-16 00:00:00,Spanish Grand Prix,NOR,4,McLaren,8.0,10.0,1.0,0,+1 Lap,8.0,77.577,77.166,77.084,,0.0
2020,6,Spanish Grand Prix,Spain,2020-08-16 00:00:00,Spanish Grand Prix,RIC,3,Renault,13.0,11.0,0.0,0,+1 Lap,13.0,77.667,77.198,,,0.0
2020,6,Spanish Grand Prix,Spain,2020-08-16 00:00:00,Spanish Grand Prix,KVY,26,AlphaTauri,12.0,12.0,0.0,0,+1 Lap,12.0,77.676,77.192,,,0.0
2020,6,Spanish Grand Prix,Spain,2020-08-16 00:00:00,Spanish Grand Prix,OCO,31,Renault,15.0,13.0,0.0,0,+1 Lap,15.0,77.765,77.567,,,0.0
2020,6,Spanish Grand Prix,Spain,2020-08-16 00:00:00,Spanish Grand Prix,RAI,7,Alfa Romeo Racing,14.0,14.0,0.0,0,+1 Lap,14.0,77.797,77.386,,,0.0
2020,6,Spanish Grand Prix,Spain,2020-08-16 00:00:00,Spanish Grand Prix,MAG,20,Haas F1 Team,16.0,15.0,0.0,0,+1 Lap,16.0,77.908,,,,0.0
2020,6,Spanish Grand Prix,Spain,2020-08-16 00:00:00,Spanish Grand Prix,GIO,99,Alfa Romeo Racing,20.0,16.0,0.0,0,+1 Lap,20.0,78.697,,,,0.0
2020,6,Spanish Grand Prix,Spain,2020-08-16 00:00:00,Spanish Grand Prix,RUS,63,Williams,18.0,17.0,0.0,0,+1 Lap,18.0,78.099,,,,0.0
2020,6,Spanish Grand Prix,Spain,2020-08-16 00:00:00,Spanish Grand Prix,LAT,6,Williams,19.0,18.0,0.0,0,+2 Laps,19.0,78.532,,,,0.0
2020,6,Spanish Grand Prix,Spain,2020-08-16 00:00:00,Spanish Grand Prix,GRO,8,Haas F1 Team,17.0,19.0,0.0,0,+2 Laps,17.0,78.089,,,,0.0
2020,6,Spanish Grand Prix,Spain,2020-08-16 00:00:00,Spanish Grand Prix,LEC,16,Ferrari,9.0,20.0,0.0,1,Electronics,9.0,77.256,76.953,77.087,,0.0
2020,7,Belgian Grand Prix,Belgium,2020-08-30 00:00:00,Belgian Grand Prix,HAM,44,Mercedes,1.0,1.0,25.0,0,Finished,1.0,102.323,102.014,101.252,,0.0
2020,7,Belgian Grand Prix,Belgium,2020-08-30 00:00:00,Belgian Grand Prix,BOT,77,Mercedes,2.0,2.0,18.0,0,Finished,2.0,102.534,102.126,101.763,,0.0
2020,7,Belgian Grand Prix,Belgium,2020-08-30 00:00:00,Belgian Grand Prix,VER,33,Red Bull Racing,3.0,3.0,15.0,0,Finished,3.0,103.197,102.473,101.778,,0.0
2020,7,Belgian Grand Prix,Belgium,2020-08-30 00:00:00,Belgian Grand Prix,RIC,3,Renault,4.0,4.0,13.0,0,Finished,4.0,103.309,102.487,102.061,,0.0
2020,7,Belgian Grand Prix,Belgium,2020-08-30 00:00:00,Belgian Grand Prix,OCO,31,Renault,6.0,5.0,10.0,0,Finished,6.0,103.505,102.534,102.396,,0.0
2020,7,Belgian Grand Prix,Belgium,2020-08-30 00:00:00,Belgian Grand Prix,ALB,23,Red Bull Racing,5.0,6.0,8.0,0,Finished,5.0,103.418,102.193,102.264,,0.0
2020,7,Belgian Grand Prix,Belgium,2020-08-30 00:00:00,Belgian Grand Prix,NOR,4,McLaren,10.0,7.0,6.0,0,Finished,10.0,103.514,102.722,102.657,,0.0
2020,7,Belgian Grand Prix,Belgium,2020-08-30 00:00:00,Belgian Grand Prix,GAS,10,AlphaTauri,12.0,8.0,4.0,0,Finished,12.0,103.262,102.745,,,0.0
2020,7,Belgian Grand Prix,Belgium,2020-08-30 00:00:00,Belgian Grand Prix,STR,18,Racing Point,9.0,9.0,2.0,0,Finished,9.0,103.265,102.491,102.603,,0.0
2020,7,Belgian Grand Prix,Belgium,2020-08-30 00:00:00,Belgian Grand Prix,PER,11,Racing Point,8.0,10.0,1.0,0,Finished,8.0,103.349,102.67,102.532,,0.0
2020,7,Belgian Grand Prix,Belgium,2020-08-30 00:00:00,Belgian Grand Prix,KVY,26,AlphaTauri,11.0,11.0,0.0,0,Finished,11.0,103.267,102.73,,,0.0
2020,7,Belgian Grand Prix,Belgium,2020-08-30 00:00:00,Belgian Grand Prix,RAI,7,Alfa Romeo Racing,16.0,12.0,0.0,0,Finished,16.0,103.743,,,,0.0
2020,7,Belgian Grand Prix,Belgium,2020-08-30 00:00:00,Belgian Grand Prix,VET,5,Ferrari,14.0,13.0,0.0,0,Finished,14.0,103.567,103.261,,,0.0
2020,7,Belgian Grand Prix,Belgium,2020-08-30 00:00:00,Belgian Grand Prix,LEC,16,Ferrari,13.0,14.0,0.0,0,Finished,13.0,103.656,102.996,,,0.0
2020,7,Belgian Grand Prix,Belgium,2020-08-30 00:00:00,Belgian Grand Prix,GRO,8,Haas F1 Team,17.0,15.0,0.0,0,Finished,17.0,103.838,,,,0.0
2020,7,Belgian Grand Prix,Belgium,2020-08-30 00:00:00,Belgian Grand Prix,LAT,6,Williams,19.0,16.0,0.0,0,Finished,19.0,104.138,,,,0.0
2020,7,Belgian Grand Prix,Belgium,2020-08-30 00:00:00,Belgian Grand Prix,MAG,20,Haas F1 Team,20.0,17.0,0.0,0,Finished,20.0,104.314,,,,0.0
2020,7,Belgian Grand Prix,Belgium,2020-08-30 00:00:00,Belgian Grand Prix,GIO,99,Alfa Romeo Racing,18.0,18.0,0.0,1,Accident,18.0,103.95,,,,0.0
2020,7,Belgian Grand Prix,Belgium,2020-08-30 00:00:00,Belgian Grand Prix,RUS,63,Williams,15.0,19.0,0.0,1,Debris,15.0,103.63,103.468,,,0.0
2020,7,Belgian Grand Prix,Belgium,2020-08-30 00:00:00,Belgian Grand Prix,SAI,55,McLaren,7.0,20.0,0.0,1,Exhaust,7.0,103.322,102.478,102.438,,0.0
2020,8,Italian Grand Prix,Italy,2020-09-06 00:00:00,Italian Grand Prix,GAS,10,AlphaTauri,10.0,1.0,25.0,0,Finished,10.0,80.145,79.909,80.177,,0.0
2020,8,Italian Grand Prix,Italy,2020-09-06 00:00:00,Italian Grand Prix,SAI,55,McLaren,3.0,2.0,18.0,0,Finished,3.0,80.099,79.705,79.695,,0.0
2020,8,Italian Grand Prix,Italy,2020-09-06 00:00:00,Italian Grand Prix,STR,18,Racing Point,8.0,3.0,15.0,0,Finished,8.0,80.4,79.924,80.049,,0.0
2020,8,Italian Grand Prix,Italy,2020-09-06 00:00:00,Italian Grand Prix,NOR,4,McLaren,6.0,4.0,12.0,0,Finished,6.0,80.344,79.962,79.82,,0.0
2020,8,Italian Grand Prix,Italy,2020-09-06 00:00:00,Italian Grand Prix,BOT,77,Mercedes,2.0,5.0,10.0,0,Finished,2.0,79.786,78.952,78.956,,0.0
2020,8,Italian Grand Prix,Italy,2020-09-06 00:00:00,Italian Grand Prix,RIC,3,Renault,7.0,6.0,8.0,0,Finished,7.0,80.548,80.031,79.864,,0.0
2020,8,Italian Grand Prix,Italy,2020-09-06 00:00:00,Italian Grand Prix,HAM,44,Mercedes,1.0,7.0,7.0,0,Finished,1.0,79.514,79.092,78.887,,0.0
2020,8,Italian Grand Prix,Italy,2020-09-06 00:00:00,Italian Grand Prix,OCO,31,Renault,12.0,8.0,4.0,0,Finished,12.0,80.747,80.234,,,0.0
2020,8,Italian Grand Prix,Italy,2020-09-06 00:00:00,Italian Grand Prix,KVY,26,AlphaTauri,11.0,9.0,2.0,0,Finished,11.0,80.307,80.169,,,0.0
2020,8,Italian Grand Prix,Italy,2020-09-06 00:00:00,Italian Grand Prix,PER,11,Racing Point,4.0,10.0,1.0,0,Finished,4.0,80.048,79.718,79.72,,0.0
2020,8,Italian Grand Prix,Italy,2020-09-06 00:00:00,Italian Grand Prix,LAT,6,Williams,20.0,11.0,0.0,0,Finished,20.0,81.717,,,,0.0
2020,8,Italian Grand Prix,Italy,2020-09-06 00:00:00,Italian Grand Prix,GRO,8,Haas F1 Team,16.0,12.0,0.0,0,Finished,16.0,81.139,,,,0.0
2020,8,Italian Grand Prix,Italy,2020-09-06 00:00:00,Italian Grand Prix,RAI,7,Alfa Romeo Racing,14.0,13.0,0.0,0,Finished,14.0,81.01,80.926,,,0.0
2020,8,Italian Grand Prix,Italy,2020-09-06 00:00:00,Italian Grand Prix,RUS,63,Williams,19.0,14.0,0.0,0,Finished,19.0,81.587,,,,0.0
2020,8,Italian Grand Prix,Italy,2020-09-06 00:00:00,Italian Grand Prix,ALB,23,Red Bull Racing,9.0,15.0,0.0,0,Finished,9.0,81.104,80.064,80.09,,0.0
2020,8,Italian Grand Prix,Italy,2020-09-06 00:00:00,Italian Grand Prix,GIO,99,Alfa Romeo Racing,18.0,16.0,0.0,0,Finished,18.0,81.206,,,,0.0
2020,8,Italian Grand Prix,Italy,2020-09-06 00:00:00,Italian Grand Prix,VER,33,Red Bull Racing,5.0,17.0,0.0,1,Power Unit,5.0,80.193,79.78,79.795,,0.0
2020,8,Italian Grand Prix,Italy,2020-09-06 00:00:00,Italian Grand Prix,LEC,16,Ferrari,13.0,18.0,0.0,1,Accident,13.0,80.443,80.273,,,0.0
2020,8,Italian Grand Prix,Italy,2020-09-06 00:00:00,Italian Grand Prix,MAG,20,Haas F1 Team,15.0,19.0,0.0,1,Power Unit,15.0,80.869,81.573,,,0.0
2020,8,Italian Grand Prix,Italy,2020-09-06 00:00:00,Italian Grand Prix,VET,5,Ferrari,17.0,20.0,0.0,1,Brakes,17.0,81.151,,,,0.0
2020,9,Tuscan Grand Prix,Italy,2020-09-13 00:00:00,Tuscan Grand Prix,HAM,44,Mercedes,1.0,1.0,26.0,0,Finished,1.0,75.778,75.309,75.144,,0.0
2020,9,Tuscan Grand Prix,Italy,2020-09-13 00:00:00,Tuscan Grand Prix,BOT,77,Mercedes,2.0,2.0,18.0,0,Finished,2.0,75.749,75.322,75.203,,0.0
2020,9,Tuscan Grand Prix,Italy,2020-09-13 00:00:00,Tuscan Grand Prix,ALB,23,Red Bull Racing,4.0,3.0,15.0,0,Finished,4.0,76.527,75.914,75.954,,0.0
2020,9,Tuscan Grand Prix,Italy,2020-09-13 00:00:00,Tuscan Grand Prix,RIC,3,Renault,8.0,4.0,12.0,0,Finished,8.0,76.981,76.243,76.543,,0.0
2020,9,Tuscan Grand Prix,Italy,2020-09-13 00:00:00,Tuscan Grand Prix,PER,11,Racing Point,7.0,5.0,10.0,0,Finished,6.0,76.596,76.489,76.311,,0.0
2020,9,Tuscan Grand Prix,Italy,2020-09-13 00:00:00,Tuscan Grand Prix,NOR,4,McLaren,11.0,6.0,8.0,0,Finished,11.0,76.895,76.64,,,0.0
2020,9,Tuscan Grand Prix,Italy,2020-09-13 00:00:00,Tuscan Grand Prix,KVY,26,AlphaTauri,12.0,7.0,6.0,0,Finished,12.0,76.928,76.854,,,0.0
2020,9,Tuscan Grand Prix,Italy,2020-09-13 00:00:00,Tuscan Grand Prix,LEC,16,Ferrari,5.0,8.0,4.0,0,Finished,5.0,76.698,76.324,76.27,,0.0
2020,9,Tuscan Grand Prix,Italy,2020-09-13 00:00:00,Tuscan Grand Prix,RAI,7,Alfa Romeo Racing,13.0,9.0,2.0,0,Finished,13.0,77.059,76.854,,,0.0
2020,9,Tuscan Grand Prix,Italy,2020-09-13 00:00:00,Tuscan Grand Prix,VET,5,Ferrari,14.0,10.0,1.0,0,Finished,14.0,77.072,76.858,,,0.0
2020,9,Tuscan Grand Prix,Italy,2020-09-13 00:00:00,Tuscan Grand Prix,RUS,63,Williams,18.0,11.0,0.0,0,Finished,18.0,77.232,,,,0.0
2020,9,Tuscan Grand Prix,Italy,2020-09-13 00:00:00,Tuscan Grand Prix,GRO,8,Haas F1 Team,15.0,12.0,0.0,0,Finished,15.0,77.069,77.254,,,0.0
2020,9,Tuscan Grand Prix,Italy,2020-09-13 00:00:00,Tuscan Grand Prix,STR,18,Racing Point,6.0,13.0,0.0,1,Puncture,7.0,76.701,76.271,76.356,,0.0
2020,9,Tuscan Grand Prix,Italy,2020-09-13 00:00:00,Tuscan Grand Prix,OCO,31,Renault,10.0,14.0,0.0,1,Brakes,10.0,76.825,76.297,,,0.0
2020,9,Tuscan Grand Prix,Italy,2020-09-13 00:00:00,Tuscan Grand Prix,LAT,6,Williams,19.0,15.0,0.0,1,Collision,19.0,77.32,,,,0.0
2020,9,Tuscan Grand Prix,Italy,2020-09-13 00:00:00,Tuscan Grand Prix,MAG,20,Haas F1 Team,20.0,16.0,0.0,1,Collision,20.0,77.348,,,,0.0
2020,9,Tuscan Grand Prix,Italy,2020-09-13 00:00:00,Tuscan Grand Prix,GIO,99,Alfa Romeo Racing,17.0,17.0,0.0,1,Collision,17.0,77.22,,,,0.0
2020,9,Tuscan Grand Prix,Italy,2020-09-13 00:00:00,Tuscan Grand Prix,SAI,55,McLaren,9.0,18.0,0.0,1,Collision,9.0,76.993,76.522,77.87,,0.0
2020,9,Tuscan Grand Prix,Italy,2020-09-13 00:00:00,Tuscan Grand Prix,VER,33,Red Bull Racing,3.0,19.0,0.0,1,Collision,3.0,76.335,75.471,75.509,,0.0
2020,9,Tuscan Grand Prix,Italy,2020-09-13 00:00:00,Tuscan Grand Prix,GAS,10,AlphaTauri,16.0,20.0,0.0,1,Collision,16.0,77.125,,,,0.0
2020,10,Russian Grand Prix,Russia,2020-09-27 00:00:00,Russian Grand Prix,BOT,77,Mercedes,3.0,1.0,26.0,0,Finished,3.0,92.656,92.405,91.956,,0.0
2020,10,Russian Grand Prix,Russia,2020-09-27 00:00:00,Russian Grand Prix,VER,33,Red Bull Racing,2.0,2.0,18.0,0,Finished,2.0,93.63,93.157,91.867,,0.0
2020,10,Russian Grand Prix,Russia,2020-09-27 00:00:00,Russian Grand Prix,HAM,44,Mercedes,1.0,3.0,15.0,0,Finished,1.0,92.983,92.835,91.304,,0.0
2020,10,Russian Grand Prix,Russia,2020-09-27 00:00:00,Russian Grand Prix,PER,11,Racing Point,4.0,4.0,12.0,0,Finished,4.0,93.704,93.038,92.317,,0.0
2020,10,Russian Grand Prix,Russia,2020-09-27 00:00:00,Russian Grand Prix,RIC,3,Renault,5.0,5.0,10.0,0,Finished,5.0,93.65,92.218,92.364,,0.0
2020,10,Russian Grand Prix,Russia,2020-09-27 00:00:00,Russian Grand Prix,LEC,16,Ferrari,10.0,6.0,8.0,0,Finished,11.0,94.071,93.239,,,0.0
2020,10,Russian Grand Prix,Russia,2020-09-27 00:00:00,Russian Grand Prix,OCO,31,Renault,7.0,7.0,6.0,0,Finished,7.0,93.557,93.196,92.624,,0.0
2020,10,Russian Grand Prix,Russia,2020-09-27 00:00:00,Russian Grand Prix,KVY,26,AlphaTauri,11.0,8.0,4.0,0,Finished,12.0,93.511,93.249,,,0.0
2020,10,Russian Grand Prix,Russia,2020-09-27 00:00:00,Russian Grand Prix,GAS,10,AlphaTauri,9.0,9.0,2.0,0,Finished,9.0,93.734,93.139,93.0,,0.0
2020,10,Russian Grand Prix,Russia,2020-09-27 00:00:00,Russian Grand Prix,ALB,23,Red Bull Racing,15.0,10.0,1.0,0,Finished,10.0,93.919,93.153,93.008,,0.0
2020,10,Russian Grand Prix,Russia,2020-09-27 00:00:00,Russian Grand Prix,GIO,99,Alfa Romeo Racing,17.0,11.0,0.0,0,+1 Lap,17.0,94.594,,,,0.0
2020,10,Russian Grand Prix,Russia,2020-09-27 00:00:00,Russian Grand Prix,MAG,20,Haas F1 Team,18.0,12.0,0.0,0,+1 Lap,18.0,94.681,,,,0.0
2020,10,Russian Grand Prix,Russia,2020-09-27 00:00:00,Russian Grand Prix,VET,5,Ferrari,14.0,13.0,0.0,0,+1 Lap,15.0,94.134,93.609,,,0.0
2020,10,Russian Grand Prix,Russia,2020-09-27 00:00:00,Russian Grand Prix,RAI,7,Alfa Romeo Racing,19.0,14.0,0.0,0,+1 Lap,20.0,95.267,,,,0.0
2020,10,Russian Grand Prix,Russia,2020-09-27 00:00:00,Russian Grand Prix,NOR,4,McLaren,8.0,15.0,0.0,0,+1 Lap,8.0,93.804,93.081,92.847,,0.0
2020,10,Russian Grand Prix,Russia,2020-09-27 00:00:00,Russian Grand Prix,LAT,6,Williams,20.0,16.0,0.0,0,+1 Lap,19.0,95.066,,,,0.0
2020,10,Russian Grand Prix,Russia,2020-09-27 00:00:00,Russian Grand Prix,GRO,8,Haas F1 Team,16.0,17.0,0.0,0,+1 Lap,16.0,94.592,,,,0.0
2020,10,Russian Grand Prix,Russia,2020-09-27 00:00:00,Russian Grand Prix,RUS,63,Williams,13.0,18.0,0.0,0,+1 Lap,14.0,94.02,93.583,,,0.0
2020,10,Russian Grand Prix,Russia,2020-09-27 00:00:00,Russian Grand Prix,SAI,55,McLaren,6.0,19.0,0.0,1,Accident,6.0,93.967,92.757,92.55,,0.0
2020,10,Russian Grand Prix,Russia,2020-09-27 00:00:00,Russian Grand Prix,STR,18,Racing Point,12.0,20.0,0.0,1,Collision,13.0,93.852,93.364,,,0.0
2020,11,Eifel Grand Prix,Germany,2020-10-11 00:00:00,Eifel Grand Prix,HAM,44,Mercedes,2.0,1.0,25.0,0,Finished,2.0,86.62,85.39,85.525,,0.0
2020,11,Eifel Grand Prix,Germany,2020-10-11 00:00:00,Eifel Grand Prix,VER,33,Red Bull Racing,3.0,2.0,19.0,0,Finished,3.0,86.319,85.467,85.562,,0.0
2020,11,Eifel Grand Prix,Germany,2020-10-11 00:00:00,Eifel Grand Prix,RIC,3,Renault,6.0,3.0,15.0,0,Finished,6.0,86.836,86.096,86.223,,0.0
2020,11,Eifel Grand Prix,Germany,2020-10-11 00:00:00,Eifel Grand Prix,PER,11,Racing Point,9.0,4.0,12.0,0,Finished,9.0,87.12,86.33,86.704,,0.0
2020,11,Eifel Grand Prix,Germany,2020-10-11 00:00:00,Eifel Grand Prix,SAI,55,McLaren,10.0,5.0,10.0,0,Finished,10.0,87.378,86.361,86.709,,0.0
2020,11,Eifel Grand Prix,Germany,2020-10-11 00:00:00,Eifel Grand Prix,GAS,10,AlphaTauri,12.0,6.0,8.0,0,Finished,12.0,87.072,86.776,,,0.0
2020,11,Eifel Grand Prix,Germany,2020-10-11 00:00:00,Eifel Grand Prix,LEC,16,Ferrari,4.0,7.0,6.0,0,Finished,4.0,86.857,86.24,86.035,,0.0
2020,11,Eifel Grand Prix,Germany,2020-10-11 00:00:00,Eifel Grand Prix,HUL,27,Racing Point,20.0,8.0,4.0,0,Finished,20.0,88.021,,,,0.0
2020,11,Eifel Grand Prix,Germany,2020-10-11 00:00:00,Eifel Grand Prix,GRO,8,Haas F1 Team,16.0,9.0,2.0,0,Finished,16.0,87.552,,,,0.0
2020,11,Eifel Grand Prix,Germany,2020-10-11 00:00:00,Eifel Grand Prix,GIO,99,Alfa Romeo Racing,14.0,10.0,1.0,0,Finished,14.0,87.532,86.936,,,0.0
2020,11,Eifel Grand Prix,Germany,2020-10-11 00:00:00,Eifel Grand Prix,VET,5,Ferrari,11.0,11.0,0.0,0,Finished,11.0,87.107,86.738,,,0.0
2020,11,Eifel Grand Prix,Germany,2020-10-11 00:00:00,Eifel Grand Prix,RAI,7,Alfa Romeo Racing,19.0,12.0,0.0,0,Finished,19.0,87.817,,,,0.0
2020,11,Eifel Grand Prix,Germany,2020-10-11 00:00:00,Eifel Grand Prix,MAG,20,Haas F1 Team,15.0,13.0,0.0,0,Finished,15.0,87.231,87.125,,,0.0
2020,11,Eifel Grand Prix,Germany,2020-10-11 00:00:00,Eifel Grand Prix,LAT,6,Williams,18.0,14.0,0.0,0,Finished,18.0,87.812,,,,0.0
2020,11,Eifel Grand Prix,Germany,2020-10-11 00:00:00,Eifel Grand Prix,KVY,26,AlphaTauri,13.0,15.0,0.0,0,Finished,13.0,87.285,86.848,,,0.0
2020,11,Eifel Grand Prix,Germany,2020-10-11 00:00:00,Eifel Grand Prix,NOR,4,McLaren,8.0,16.0,0.0,1,Power Unit,8.0,86.829,86.316,86.458,,0.0
2020,11,Eifel Grand Prix,Germany,2020-10-11 00:00:00,Eifel Grand Prix,ALB,23,Red Bull Racing,5.0,17.0,0.0,1,Radiator,5.0,87.126,86.285,86.047,,0.0
2020,11,Eifel Grand Prix,Germany,2020-10-11 00:00:00,Eifel Grand Prix,OCO,31,Renault,7.0,18.0,0.0,1,Gearbox,7.0,87.086,86.364,86.242,,0.0
2020,11,Eifel Grand Prix,Germany,2020-10-11 00:00:00,Eifel Grand Prix,BOT,77,Mercedes,1.0,19.0,0.0,1,Power Unit,1.0,86.573,85.971,85.269,,0.0
2020,11,Eifel Grand Prix,Germany,2020-10-11 00:00:00,Eifel Grand Prix,RUS,63,Williams,17.0,20.0,0.0,1,Collision,17.0,87.564,,,,0.0
2020,12,Portuguese Grand Prix,Portugal,2020-10-25 00:00:00,Portuguese Grand Prix,HAM,44,Mercedes,1.0,1.0,26.0,0,Finished,1.0,76.828,76.824,76.652,,0.0
2020,12,Portuguese Grand Prix,Portugal,2020-10-25 00:00:00,Portuguese Grand Prix,BOT,77,Mercedes,2.0,2.0,18.0,0,Finished,2.0,76.945,76.466,76.754,,0.0
2020,12,Portuguese Grand Prix,Portugal,2020-10-25 00:00:00,Portuguese Grand Prix,VER,33,Red Bull Racing,3.0,3.0,15.0,0,Finished,3.0,76.879,77.038,76.904,,0.0
2020,12,Portuguese Grand Prix,Portugal,2020-10-25 00:00:00,Portuguese Grand Prix,LEC,16,Ferrari,4.0,4.0,12.0,0,Finished,4.0,77.421,77.367,77.09,,0.0
2020,12,Portuguese Grand Prix,Portugal,2020-10-25 00:00:00,Portuguese Grand Prix,GAS,10,AlphaTauri,9.0,5.0,10.0,0,+1 Lap,9.0,77.209,77.367,77.803,,0.0
2020,12,Portuguese Grand Prix,Portugal,2020-10-25 00:00:00,Portuguese Grand Prix,SAI,55,McLaren,7.0,6.0,8.0,0,+1 Lap,7.0,77.627,77.183,77.52,,0.0
2020,12,Portuguese Grand Prix,Portugal,2020-10-25 00:00:00,Portuguese Grand Prix,PER,11,Racing Point,5.0,7.0,6.0,0,+1 Lap,5.0,77.37,77.129,77.223,,0.0
2020,12,Portuguese Grand Prix,Portugal,2020-10-25 00:00:00,Portuguese Grand Prix,OCO,31,Renault,11.0,8.0,4.0,0,+1 Lap,11.0,77.775,77.614,,,0.0
2020,12,Portuguese Grand Prix,Portugal,2020-10-25 00:00:00,Portuguese Grand Prix,RIC,3,Renault,10.0,9.0,2.0,0,+1 Lap,10.0,77.621,77.481,,,0.0
2020,12,Portuguese Grand Prix,Portugal,2020-10-25 00:00:00,Portuguese Grand Prix,VET,5,Ferrari,15.0,10.0,1.0,0,+1 Lap,15.0,77.446,77.919,,,0.0
2020,12,Portuguese Grand Prix,Portugal,2020-10-25 00:00:00,Portuguese Grand Prix,RAI,7,Alfa Romeo Racing,16.0,11.0,0.0,0,+1 Lap,16.0,78.201,,,,0.0
2020,12,Portuguese Grand Prix,Portugal,2020-10-25 00:00:00,Portuguese Grand Prix,ALB,23,Red Bull Racing,6.0,12.0,0.0,0,+1 Lap,6.0,77.435,77.411,77.437,,0.0
2020,12,Portuguese Grand Prix,Portugal,2020-10-25 00:00:00,Portuguese Grand Prix,NOR,4,McLaren,8.0,13.0,0.0,0,+1 Lap,8.0,77.547,77.321,77.525,,0.0
2020,12,Portuguese Grand Prix,Portugal,2020-10-25 00:00:00,Portuguese Grand Prix,RUS,63,Williams,14.0,14.0,0.0,0,+1 Lap,14.0,77.931,77.788,,,0.0
2020,12,Portuguese Grand Prix,Portugal,2020-10-25 00:00:00,Portuguese Grand Prix,GIO,99,Alfa Romeo Racing,17.0,15.0,0.0,0,+1 Lap,17.0,78.323,,,,0.0
2020,12,Portuguese Grand Prix,Portugal,2020-10-25 00:00:00,Portuguese Grand Prix,MAG,20,Haas F1 Team,19.0,16.0,0.0,0,+1 Lap,19.0,78.508,,,,0.0
2020,12,Portuguese Grand Prix,Portugal,2020-10-25 00:00:00,Portuguese Grand Prix,GRO,8,Haas F1 Team,18.0,17.0,0.0,0,+1 Lap,18.0,78.364,,,,0.0
2020,12,Portuguese Grand Prix,Portugal,2020-10-25 00:00:00,Portuguese Grand Prix,LAT,6,Williams,20.0,18.0,0.0,0,+2 Laps,20.0,78.777,,,,0.0
2020,12,Portuguese Grand Prix,Portugal,2020-10-25 00:00:00,Portuguese Grand Prix,KVY,26,AlphaTauri,13.0,19.0,0.0,0,+2 Laps,13.0,77.841,77.728,,,0.0
2020,12,Portuguese Grand Prix,Portugal,2020-10-25 00:00:00,Portuguese Grand Prix,STR,18,Racing Point,12.0,20.0,0.0,1,Collision damage,12.0,77.667,77.626,,,0.0
2020,13,Emilia Romagna Grand Prix,Italy,2020-11-01 00:00:00,Emilia Romagna Grand Prix,HAM,44,Mercedes,2.0,1.0,26.0,0,Finished,2.0,74.229,74.643,73.706,,0.0
2020,13,Emilia Romagna Grand Prix,Italy,2020-11-01 00:00:00,Emilia Romagna Grand Prix,BOT,77,Mercedes,1.0,2.0,18.0,0,Finished,1.0,74.221,74.585,73.609,,0.0
2020,13,Emilia Romagna Grand Prix,Italy,2020-11-01 00:00:00,Emilia Romagna Grand Prix,RIC,3,Renault,5.0,3.0,15.0,0,Finished,5.0,75.474,74.953,74.52,,0.0
2020,13,Emilia Romagna Grand Prix,Italy,2020-11-01 00:00:00,Emilia Romagna Grand Prix,KVY,26,AlphaTauri,8.0,4.0,12.0,0,Finished,8.0,75.412,75.022,74.696,,0.0
2020,13,Emilia Romagna Grand Prix,Italy,2020-11-01 00:00:00,Emilia Romagna Grand Prix,LEC,16,Ferrari,7.0,5.0,10.0,0,Finished,7.0,75.123,75.017,74.616,,0.0
2020,13,Emilia Romagna Grand Prix,Italy,2020-11-01 00:00:00,Emilia Romagna Grand Prix,PER,11,Racing Point,11.0,6.0,8.0,0,Finished,11.0,75.407,75.061,,,0.0
2020,13,Emilia Romagna Grand Prix,Italy,2020-11-01 00:00:00,Emilia Romagna Grand Prix,SAI,55,McLaren,10.0,7.0,6.0,0,Finished,10.0,75.528,75.027,74.911,,0.0
2020,13,Emilia Romagna Grand Prix,Italy,2020-11-01 00:00:00,Emilia Romagna Grand Prix,NOR,4,McLaren,9.0,8.0,4.0,0,Finished,9.0,75.274,75.051,74.814,,0.0
2020,13,Emilia Romagna Grand Prix,Italy,2020-11-01 00:00:00,Emilia Romagna Grand Prix,RAI,7,Alfa Romeo Racing,18.0,9.0,2.0,0,Finished,18.0,75.953,,,,0.0
2020,13,Emilia Romagna Grand Prix,Italy,2020-11-01 00:00:00,Emilia Romagna Grand Prix,GIO,99,Alfa Romeo Racing,20.0,10.0,1.0,0,Finished,20.0,76.208,,,,0.0
2020,13,Emilia Romagna Grand Prix,Italy,2020-11-01 00:00:00,Emilia Romagna Grand Prix,LAT,6,Williams,19.0,11.0,0.0,0,Finished,19.0,75.987,,,,0.0
2020,13,Emilia Romagna Grand Prix,Italy,2020-11-01 00:00:00,Emilia Romagna Grand Prix,VET,5,Ferrari,14.0,12.0,0.0,0,Finished,14.0,75.571,75.385,,,0.0
2020,13,Emilia Romagna Grand Prix,Italy,2020-11-01 00:00:00,Emilia Romagna Grand Prix,STR,18,Racing Point,15.0,13.0,0.0,0,Finished,15.0,75.822,75.494,,,0.0
2020,13,Emilia Romagna Grand Prix,Italy,2020-11-01 00:00:00,Emilia Romagna Grand Prix,GRO,8,Haas F1 Team,16.0,14.0,0.0,0,Finished,16.0,75.918,,,,0.0
2020,13,Emilia Romagna Grand Prix,Italy,2020-11-01 00:00:00,Emilia Romagna Grand Prix,ALB,23,Red Bull Racing,6.0,15.0,0.0,0,Finished,6.0,75.402,74.745,74.572,,0.0
2020,13,Emilia Romagna Grand Prix,Italy,2020-11-01 00:00:00,Emilia Romagna Grand Prix,RUS,63,Williams,13.0,16.0,0.0,1,Accident,13.0,75.76,75.323,,,0.0
2020,13,Emilia Romagna Grand Prix,Italy,2020-11-01 00:00:00,Emilia Romagna Grand Prix,VER,33,Red Bull Racing,3.0,17.0,0.0,1,Puncture,3.0,75.034,74.974,74.176,,0.0
2020,13,Emilia Romagna Grand Prix,Italy,2020-11-01 00:00:00,Emilia Romagna Grand Prix,MAG,20,Haas F1 Team,17.0,18.0,0.0,1,Illness,17.0,75.939,,,,0.0
2020,13,Emilia Romagna Grand Prix,Italy,2020-11-01 00:00:00,Emilia Romagna Grand Prix,OCO,31,Renault,12.0,19.0,0.0,1,Gearbox,12.0,75.352,75.201,,,0.0
2020,13,Emilia Romagna Grand Prix,Italy,2020-11-01 00:00:00,Emilia Romagna Grand Prix,GAS,10,AlphaTauri,4.0,20.0,0.0,1,Water pressure,4.0,75.183,74.681,74.502,,0.0
2020,14,Turkish Grand Prix,Turkey,2020-11-15 00:00:00,Turkish Grand Prix,HAM,44,Mercedes,6.0,1.0,25.0,0,Finished,6.0,127.599,112.709,112.56,,0.0
2020,14,Turkish Grand Prix,Turkey,2020-11-15 00:00:00,Turkish Grand Prix,PER,11,Racing Point,3.0,2.0,18.0,0,Finished,3.0,127.614,114.097,109.321,,0.0
2020,14,Turkish Grand Prix,Turkey,2020-11-15 00:00:00,Turkish Grand Prix,VET,5,Ferrari,11.0,3.0,15.0,0,Finished,12.0,123.356,115.169,,,0.0
2020,14,Turkish Grand Prix,Turkey,2020-11-15 00:00:00,Turkish Grand Prix,LEC,16,Ferrari,12.0,4.0,12.0,0,Finished,14.0,124.464,116.696,,,0.0
2020,14,Turkish Grand Prix,Turkey,2020-11-15 00:00:00,Turkish Grand Prix,SAI,55,McLaren,15.0,5.0,10.0,0,Finished,13.0,127.489,115.41,,,0.0
2020,14,Turkish Grand Prix,Turkey,2020-11-15 00:00:00,Turkish Grand Prix,VER,33,Red Bull Racing,2.0,6.0,8.0,0,Finished,2.0,117.485,110.293,108.055,,0.0
2020,14,Turkish Grand Prix,Turkey,2020-11-15 00:00:00,Turkish Grand Prix,ALB,23,Red Bull Racing,4.0,7.0,6.0,0,Finished,4.0,119.431,112.282,110.448,,0.0
2020,14,Turkish Grand Prix,Turkey,2020-11-15 00:00:00,Turkish Grand Prix,NOR,4,McLaren,14.0,8.0,5.0,0,Finished,11.0,127.167,114.945,,,0.0
2020,14,Turkish Grand Prix,Turkey,2020-11-15 00:00:00,Turkish Grand Prix,STR,18,Racing Point,1.0,9.0,2.0,0,Finished,1.0,127.467,113.372,107.765,,0.0
2020,14,Turkish Grand Prix,Turkey,2020-11-15 00:00:00,Turkish Grand Prix,RIC,3,Renault,5.0,10.0,1.0,0,Finished,5.0,125.598,114.278,111.595,,0.0
2020,14,Turkish Grand Prix,Turkey,2020-11-15 00:00:00,Turkish Grand Prix,OCO,31,Renault,7.0,11.0,0.0,0,+1 Lap,7.0,126.115,113.657,112.622,,0.0
2020,14,Turkish Grand Prix,Turkey,2020-11-15 00:00:00,Turkish Grand Prix,KVY,26,AlphaTauri,16.0,12.0,0.0,0,+1 Lap,17.0,129.07,,,,0.0
2020,14,Turkish Grand Prix,Turkey,2020-11-15 00:00:00,Turkish Grand Prix,GAS,10,AlphaTauri,19.0,13.0,0.0,0,+1 Lap,15.0,125.579,118.556,,,0.0
2020,14,Turkish Grand Prix,Turkey,2020-11-15 00:00:00,Turkish Grand Prix,BOT,77,Mercedes,9.0,14.0,0.0,0,+1 Lap,9.0,127.001,113.767,113.258,,0.0
2020,14,Turkish Grand Prix,Turkey,2020-11-15 00:00:00,Turkish Grand Prix,RAI,7,Alfa Romeo Racing,8.0,15.0,0.0,0,+1 Lap,8.0,121.249,113.793,112.745,,0.0
2020,14,Turkish Grand Prix,Turkey,2020-11-15 00:00:00,Turkish Grand Prix,RUS,63,Williams,20.0,16.0,0.0,0,+1 Lap,18.0,130.017,,,,0.0
2020,14,Turkish Grand Prix,Turkey,2020-11-15 00:00:00,Turkish Grand Prix,MAG,20,Haas F1 Team,13.0,17.0,0.0,1,Withdrew,16.0,128.007,,,,0.0
2020,14,Turkish Grand Prix,Turkey,2020-11-15 00:00:00,Turkish Grand Prix,GRO,8,Haas F1 Team,17.0,18.0,0.0,1,Collision damage,19.0,132.909,,,,0.0
2020,14,Turkish Grand Prix,Turkey,2020-11-15 00:00:00,Turkish Grand Prix,LAT,6,Williams,20.0,19.0,0.0,1,Collision damage,20.0,141.611,,,,0.0
2020,14,Turkish Grand Prix,Turkey,2020-11-15 00:00:00,Turkish Grand Prix,GIO,99,Alfa Romeo Racing,10.0,20.0,0.0,1,Gearbox,10.0,127.341,113.431,117.226,,0.0
2020,15,Bahrain Grand Prix,Bahrain,2020-11-29 00:00:00,Bahrain Grand Prix,HAM,44,Mercedes,1.0,1.0,25.0,0,Finished,1.0,88.343,87.586,87.264,,0.0
2020,15,Bahrain Grand Prix,Bahrain,2020-11-29 00:00:00,Bahrain Grand Prix,VER,33,Red Bull Racing,3.0,2.0,19.0,0,Finished,3.0,88.885,88.025,87.678,,0.0
2020,15,Bahrain Grand Prix,Bahrain,2020-11-29 00:00:00,Bahrain Grand Prix,ALB,23,Red Bull Racing,4.0,3.0,15.0,0,Finished,4.0,88.732,88.749,88.274,,0.0
2020,15,Bahrain Grand Prix,Bahrain,2020-11-29 00:00:00,Bahrain Grand Prix,NOR,4,McLaren,9.0,4.0,12.0,0,Finished,9.0,89.464,88.877,88.542,,0.0
2020,15,Bahrain Grand Prix,Bahrain,2020-11-29 00:00:00,Bahrain Grand Prix,SAI,55,McLaren,15.0,5.0,10.0,0,Finished,15.0,88.975,,,,0.0
2020,15,Bahrain Grand Prix,Bahrain,2020-11-29 00:00:00,Bahrain Grand Prix,GAS,10,AlphaTauri,8.0,6.0,8.0,0,Finished,8.0,88.971,89.008,88.448,,0.0
2020,15,Bahrain Grand Prix,Bahrain,2020-11-29 00:00:00,Bahrain Grand Prix,RIC,3,Renault,6.0,7.0,6.0,0,Finished,6.0,89.005,88.648,88.417,,0.0
2020,15,Bahrain Grand Prix,Bahrain,2020-11-29 00:00:00,Bahrain Grand Prix,BOT,77,Mercedes,2.0,8.0,4.0,0,Finished,2.0,88.767,88.063,87.553,,0.0
2020,15,Bahrain Grand Prix,Bahrain,2020-11-29 00:00:00,Bahrain Grand Prix,OCO,31,Renault,7.0,9.0,2.0,0,Finished,7.0,89.203,88.937,88.419,,0.0
2020,15,Bahrain Grand Prix,Bahrain,2020-11-29 00:00:00,Bahrain Grand Prix,LEC,16,Ferrari,12.0,10.0,1.0,0,+1 Lap,12.0,89.137,89.165,,,0.0
2020,15,Bahrain Grand Prix,Bahrain,2020-11-29 00:00:00,Bahrain Grand Prix,KVY,26,AlphaTauri,10.0,11.0,0.0,0,+1 Lap,10.0,89.158,88.944,88.618,,0.0
2020,15,Bahrain Grand Prix,Bahrain,2020-11-29 00:00:00,Bahrain Grand Prix,RUS,63,Williams,14.0,12.0,0.0,0,+1 Lap,14.0,89.294,91.218,,,0.0
2020,15,Bahrain Grand Prix,Bahrain,2020-11-29 00:00:00,Bahrain Grand Prix,VET,5,Ferrari,11.0,13.0,0.0,0,+1 Lap,11.0,89.142,89.149,,,0.0
2020,15,Bahrain Grand Prix,Bahrain,2020-11-29 00:00:00,Bahrain Grand Prix,LAT,6,Williams,20.0,14.0,0.0,0,+1 Lap,20.0,90.182,,,,0.0
2020,15,Bahrain Grand Prix,Bahrain,2020-11-29 00:00:00,Bahrain Grand Prix,RAI,7,Alfa Romeo Racing,17.0,15.0,0.0,0,+1 Lap,17.0,89.81,,,,0.0
2020,15,Bahrain Grand Prix,Bahrain,2020-11-29 00:00:00,Bahrain Grand Prix,GIO,99,Alfa Romeo Racing,16.0,16.0,0.0,0,+1 Lap,16.0,89.491,,,,0.0
2020,15,Bahrain Grand Prix,Bahrain,2020-11-29 00:00:00,Bahrain Grand Prix,MAG,20,Haas F1 Team,18.0,17.0,0.0,0,+1 Lap,18.0,90.111,,,,0.0
2020,15,Bahrain Grand Prix,Bahrain,2020-11-29 00:00:00,Bahrain Grand Prix,PER,11,Racing Point,5.0,18.0,0.0,1,Engine,5.0,89.178,88.894,88.322,,0.0
2020,15,Bahrain Grand Prix,Bahrain,2020-11-29 00:00:00,Bahrain Grand Prix,STR,18,Racing Point,13.0,19.0,0.0,1,Collision,13.0,88.679,89.557,,,0.0
2020,15,Bahrain Grand Prix,Bahrain,2020-11-29 00:00:00,Bahrain Grand Prix,GRO,8,Haas F1 Team,19.0,20.0,0.0,1,Collision,19.0,90.138,,,,0.0
2020,16,Sakhir Grand Prix,Bahrain,2020-12-06 00:00:00,Sakhir Grand Prix,PER,11,Racing Point,5.0,1.0,25.0,0,Finished,5.0,54.236,53.787,53.79,,0.0
2020,16,Sakhir Grand Prix,Bahrain,2020-12-06 00:00:00,Sakhir Grand Prix,OCO,31,Renault,11.0,2.0,18.0,0,Finished,11.0,54.309,53.995,,,0.0
2020,16,Sakhir Grand Prix,Bahrain,2020-12-06 00:00:00,Sakhir Grand Prix,STR,18,Racing Point,10.0,3.0,15.0,0,Finished,10.0,54.595,53.84,54.2,,0.0
2020,16,Sakhir Grand Prix,Bahrain,2020-12-06 00:00:00,Sakhir Grand Prix,SAI,55,McLaren,8.0,4.0,12.0,0,Finished,8.0,54.45,53.818,54.01,,0.0
2020,16,Sakhir Grand Prix,Bahrain,2020-12-06 00:00:00,Sakhir Grand Prix,RIC,3,Renault,7.0,5.0,10.0,0,Finished,7.0,54.388,53.871,53.957,,0.0
2020,16,Sakhir Grand Prix,Bahrain,2020-12-06 00:00:00,Sakhir Grand Prix,ALB,23,Red Bull Racing,12.0,6.0,8.0,0,Finished,12.0,54.62,54.026,,,0.0
2020,16,Sakhir Grand Prix,Bahrain,2020-12-06 00:00:00,Sakhir Grand Prix,KVY,26,AlphaTauri,6.0,7.0,6.0,0,Finished,6.0,54.346,53.856,53.906,,0.0
2020,16,Sakhir Grand Prix,Bahrain,2020-12-06 00:00:00,Sakhir Grand Prix,BOT,77,Mercedes,1.0,8.0,4.0,0,Finished,1.0,53.904,53.803,53.377,,0.0
2020,16,Sakhir Grand Prix,Bahrain,2020-12-06 00:00:00,Sakhir Grand Prix,RUS,63,Mercedes,2.0,9.0,3.0,0,Finished,2.0,54.16,53.819,53.403,,0.0
2020,16,Sakhir Grand Prix,Bahrain,2020-12-06 00:00:00,Sakhir Grand Prix,NOR,4,McLaren,19.0,10.0,1.0,0,Finished,15.0,54.194,54.693,,,0.0
2020,16,Sakhir Grand Prix,Bahrain,2020-12-06 00:00:00,Sakhir Grand Prix,GAS,10,AlphaTauri,9.0,11.0,0.0,0,Finished,9.0,54.207,53.941,54.154,,0.0
2020,16,Sakhir Grand Prix,Bahrain,2020-12-06 00:00:00,Sakhir Grand Prix,VET,5,Ferrari,13.0,12.0,0.0,0,Finished,13.0,54.301,54.175,,,0.0
2020,16,Sakhir Grand Prix,Bahrain,2020-12-06 00:00:00,Sakhir Grand Prix,GIO,99,Alfa Romeo Racing,14.0,13.0,0.0,0,Finished,14.0,54.523,54.377,,,0.0
2020,16,Sakhir Grand Prix,Bahrain,2020-12-06 00:00:00,Sakhir Grand Prix,RAI,7,Alfa Romeo Racing,18.0,14.0,0.0,0,Finished,19.0,54.963,,,,0.0
2020,16,Sakhir Grand Prix,Bahrain,2020-12-06 00:00:00,Sakhir Grand Prix,MAG,20,Haas F1 Team,15.0,15.0,0.0,0,Finished,16.0,54.705,,,,0.0
2020,16,Sakhir Grand Prix,Bahrain,2020-12-06 00:00:00,Sakhir Grand Prix,AIT,89,Williams,17.0,16.0,0.0,0,Finished,18.0,54.892,,,,0.0
2020,16,Sakhir Grand Prix,Bahrain,2020-12-06 00:00:00,Sakhir Grand Prix,FIT,51,Haas F1 Team,20.0,17.0,0.0,0,Finished,20.0,55.426,,,,0.0
2020,16,Sakhir Grand Prix,Bahrain,2020-12-06 00:00:00,Sakhir Grand Prix,LAT,6,Williams,16.0,18.0,0.0,1,Engine,17.0,54.796,,,,0.0
2020,16,Sakhir Grand Prix,Bahrain,2020-12-06 00:00:00,Sakhir Grand Prix,VER,33,Red Bull Racing,3.0,19.0,0.0,1,Accident,3.0,54.037,53.647,53.433,,0.0
2020,16,Sakhir Grand Prix,Bahrain,2020-12-06 00:00:00,Sakhir Grand Prix,LEC,16,Ferrari,4.0,20.0,0.0,1,Collision,4.0,54.249,53.825,53.613,,0.0
2020,17,Abu Dhabi Grand Prix,Abu Dhabi,2020-12-13 00:00:00,Abu Dhabi Grand Prix,VER,33,Red Bull Racing,1.0,1.0,25.0,0,Finished,1.0,95.993,95.641,95.246,,0.0
2020,17,Abu Dhabi Grand Prix,Abu Dhabi,2020-12-13 00:00:00,Abu Dhabi Grand Prix,BOT,77,Mercedes,2.0,2.0,18.0,0,Finished,2.0,95.699,95.527,95.271,,0.0
2020,17,Abu Dhabi Grand Prix,Abu Dhabi,2020-12-13 00:00:00,Abu Dhabi Grand Prix,HAM,44,Mercedes,3.0,3.0,15.0,0,Finished,3.0,95.528,95.466,95.332,,0.0
2020,17,Abu Dhabi Grand Prix,Abu Dhabi,2020-12-13 00:00:00,Abu Dhabi Grand Prix,ALB,23,Red Bull Racing,5.0,4.0,12.0,0,Finished,5.0,96.106,95.654,95.571,,0.0
2020,17,Abu Dhabi Grand Prix,Abu Dhabi,2020-12-13 00:00:00,Abu Dhabi Grand Prix,NOR,4,McLaren,4.0,5.0,10.0,0,Finished,4.0,96.016,95.849,95.497,,0.0
2020,17,Abu Dhabi Grand Prix,Abu Dhabi,2020-12-13 00:00:00,Abu Dhabi Grand Prix,SAI,55,McLaren,6.0,6.0,8.0,0,Finished,6.0,96.517,96.192,95.815,,0.0
2020,17,Abu Dhabi Grand Prix,Abu Dhabi,2020-12-13 00:00:00,Abu Dhabi Grand Prix,RIC,3,Renault,11.0,7.0,7.0,0,Finished,12.0,96.704,96.406,,,0.0
2020,17,Abu Dhabi Grand Prix,Abu Dhabi,2020-12-13 00:00:00,Abu Dhabi Grand Prix,GAS,10,AlphaTauri,9.0,8.0,4.0,0,Finished,10.0,96.545,96.282,96.242,,0.0
2020,17,Abu Dhabi Grand Prix,Abu Dhabi,2020-12-13 00:00:00,Abu Dhabi Grand Prix,OCO,31,Renault,10.0,9.0,2.0,0,Finished,11.0,96.783,96.359,,,0.0
2020,17,Abu Dhabi Grand Prix,Abu Dhabi,2020-12-13 00:00:00,Abu Dhabi Grand Prix,STR,18,Racing Point,8.0,10.0,1.0,0,Finished,8.0,96.502,96.143,96.046,,0.0
2020,17,Abu Dhabi Grand Prix,Abu Dhabi,2020-12-13 00:00:00,Abu Dhabi Grand Prix,KVY,26,AlphaTauri,7.0,11.0,0.0,0,+1 Lap,7.0,96.459,96.214,95.963,,0.0
2020,17,Abu Dhabi Grand Prix,Abu Dhabi,2020-12-13 00:00:00,Abu Dhabi Grand Prix,RAI,7,Alfa Romeo Racing,15.0,12.0,0.0,0,+1 Lap,16.0,97.555,,,,0.0
2020,17,Abu Dhabi Grand Prix,Abu Dhabi,2020-12-13 00:00:00,Abu Dhabi Grand Prix,LEC,16,Ferrari,12.0,13.0,0.0,0,+1 Lap,9.0,95.881,95.932,96.065,,0.0
2020,17,Abu Dhabi Grand Prix,Abu Dhabi,2020-12-13 00:00:00,Abu Dhabi Grand Prix,VET,5,Ferrari,13.0,14.0,0.0,0,+1 Lap,13.0,96.655,96.631,,,0.0
2020,17,Abu Dhabi Grand Prix,Abu Dhabi,2020-12-13 00:00:00,Abu Dhabi Grand Prix,RUS,63,Williams,16.0,15.0,0.0,0,+1 Lap,18.0,98.045,,,,0.0
2020,17,Abu Dhabi Grand Prix,Abu Dhabi,2020-12-13 00:00:00,Abu Dhabi Grand Prix,GIO,99,Alfa Romeo Racing,14.0,16.0,0.0,0,+1 Lap,14.0,97.075,98.248,,,0.0
2020,17,Abu Dhabi Grand Prix,Abu Dhabi,2020-12-13 00:00:00,Abu Dhabi Grand Prix,LAT,6,Williams,18.0,17.0,0.0,0,+1 Lap,20.0,98.443,,,,0.0
2020,17,Abu Dhabi Grand Prix,Abu Dhabi,2020-12-13 00:00:00,Abu Dhabi Grand Prix,MAG,20,Haas F1 Team,20.0,18.0,0.0,0,+1 Lap,17.0,97.863,,,,0.0
2020,17,Abu Dhabi Grand Prix,Abu Dhabi,2020-12-13 00:00:00,Abu Dhabi Grand Prix,FIT,51,Haas F1 Team,17.0,19.0,0.0,0,+2 Laps,19.0,98.173,,,,0.0
2020,17,Abu Dhabi Grand Prix,Abu Dhabi,2020-12-13 00:00:00,Abu Dhabi Grand Prix,PER,11,Racing Point,19.0,20.0,0.0,1,Transmission,15.0,96.034,,,,0.0
2021,1,Bahrain Grand Prix,Bahrain,2021-03-28 00:00:00,Bahrain Grand Prix,HAM,44,Mercedes,2.0,1.0,25.0,0,Finished,2.0,90.617,90.085,89.385,,0.0
2021,1,Bahrain Grand Prix,Bahrain,2021-03-28 00:00:00,Bahrain Grand Prix,VER,33,Red Bull Racing,1.0,2.0,18.0,0,Finished,1.0,90.499,90.318,88.997,,0.0
2021,1,Bahrain Grand Prix,Bahrain,2021-03-28 00:00:00,Bahrain Grand Prix,BOT,77,Mercedes,3.0,3.0,16.0,0,Finished,3.0,91.2,90.186,89.586,,0.0
2021,1,Bahrain Grand Prix,Bahrain,2021-03-28 00:00:00,Bahrain Grand Prix,NOR,4,McLaren,7.0,4.0,12.0,0,Finished,7.0,90.902,90.099,89.974,,0.0
2021,1,Bahrain Grand Prix,Bahrain,2021-03-28 00:00:00,Bahrain Grand Prix,PER,11,Red Bull Racing,20.0,5.0,10.0,0,Finished,11.0,91.165,90.659,,,0.0
2021,1,Bahrain Grand Prix,Bahrain,2021-03-28 00:00:00,Bahrain Grand Prix,LEC,16,Ferrari,4.0,6.0,8.0,0,Finished,4.0,90.691,90.01,89.678,,0.0
2021,1,Bahrain Grand Prix,Bahrain,2021-03-28 00:00:00,Bahrain Grand Prix,RIC,3,McLaren,6.0,7.0,6.0,0,Finished,6.0,90.795,90.222,89.927,,0.0
2021,1,Bahrain Grand Prix,Bahrain,2021-03-28 00:00:00,Bahrain Grand Prix,SAI,55,Ferrari,8.0,8.0,4.0,0,Finished,8.0,91.653,90.009,90.215,,0.0
2021,1,Bahrain Grand Prix,Bahrain,2021-03-28 00:00:00,Bahrain Grand Prix,TSU,22,AlphaTauri,13.0,9.0,2.0,0,Finished,13.0,90.607,91.203,,,0.0
2021,1,Bahrain Grand Prix,Bahrain,2021-03-28 00:00:00,Bahrain Grand Prix,STR,18,Aston Martin,10.0,10.0,1.0,0,Finished,10.0,91.261,90.624,90.601,,0.0
2021,1,Bahrain Grand Prix,Bahrain,2021-03-28 00:00:00,Bahrain Grand Prix,RAI,7,Alfa Romeo Racing,14.0,11.0,0.0,0,Finished,14.0,91.547,91.238,,,0.0
2021,1,Bahrain Grand Prix,Bahrain,2021-03-28 00:00:00,Bahrain Grand Prix,GIO,99,Alfa Romeo Racing,12.0,12.0,0.0,0,+1 Lap,12.0,90.998,90.708,,,0.0
2021,1,Bahrain Grand Prix,Bahrain,2021-03-28 00:00:00,Bahrain Grand Prix,OCO,31,Alpine,16.0,13.0,0.0,0,+1 Lap,16.0,91.724,,,,0.0
2021,1,Bahrain Grand Prix,Bahrain,2021-03-28 00:00:00,Bahrain Grand Prix,RUS,63,Williams,15.0,14.0,0.0,0,+1 Lap,15.0,91.316,93.43,,,0.0
2021,1,Bahrain Grand Prix,Bahrain,2021-03-28 00:00:00,Bahrain Grand Prix,VET,5,Aston Martin,20.0,15.0,0.0,0,+1 Lap,18.0,92.056,,,,0.0
2021,1,Bahrain Grand Prix,Bahrain,2021-03-28 00:00:00,Bahrain Grand Prix,MSC,47,Haas F1 Team,18.0,16.0,0.0,0,+1 Lap,19.0,92.449,,,,0.0
2021,1,Bahrain Grand Prix,Bahrain,2021-03-28 00:00:00,Bahrain Grand Prix,GAS,10,AlphaTauri,5.0,17.0,0.0,1,Retired,5.0,90.848,90.513,89.809,,0.0
2021,1,Bahrain Grand Prix,Bahrain,2021-03-28 00:00:00,Bahrain Grand Prix,LAT,6,Williams,17.0,18.0,0.0,1,Retired,17.0,91.936,,,,0.0
2021,1,Bahrain Grand Prix,Bahrain,2021-03-28 00:00:00,Bahrain Grand Prix,ALO,14,Alpine,9.0,19.0,0.0,1,Brakes,9.0,90.863,90.595,90.249,,0.0
2021,1,Bahrain Grand Prix,Bahrain,2021-03-28 00:00:00,Bahrain Grand Prix,MAZ,9,Haas F1 Team,19.0,20.0,0.0,1,Accident,20.0,93.273,,,,0.0
2021,2,Emilia Romagna Grand Prix,Italy,2021-04-18 00:00:00,Emilia Romagna Grand Prix,VER,33,Red Bull Racing,3.0,1.0,25.0,0,Finished,3.0,75.109,74.884,74.498,,0.0
2021,2,Emilia Romagna Grand Prix,Italy,2021-04-18 00:00:00,Emilia Romagna Grand Prix,HAM,44,Mercedes,1.0,2.0,19.0,0,Finished,1.0,74.823,74.817,74.411,,0.0
2021,2,Emilia Romagna Grand Prix,Italy,2021-04-18 00:00:00,Emilia Romagna Grand Prix,NOR,4,McLaren,7.0,3.0,15.0,0,Finished,7.0,75.009,74.718,74.875,,0.0
2021,2,Emilia Romagna Grand Prix,Italy,2021-04-18 00:00:00,Emilia Romagna Grand Prix,LEC,16,Ferrari,4.0,4.0,12.0,0,Finished,4.0,75.413,74.808,74.74,,0.0
2021,2,Emilia Romagna Grand Prix,Italy,2021-04-18 00:00:00,Emilia Romagna Grand Prix,SAI,55,Ferrari,11.0,5.0,10.0,0,Finished,11.0,75.406,75.199,,,0.0
2021,2,Emilia Romagna Grand Prix,Italy,2021-04-18 00:00:00,Emilia Romagna Grand Prix,RIC,3,McLaren,6.0,6.0,8.0,0,Finished,6.0,75.669,75.033,74.826,,0.0
2021,2,Emilia Romagna Grand Prix,Italy,2021-04-18 00:00:00,Emilia Romagna Grand Prix,GAS,10,AlphaTauri,5.0,7.0,6.0,0,Finished,5.0,75.548,74.927,74.79,,0.0
2021,2,Emilia Romagna Grand Prix,Italy,2021-04-18 00:00:00,Emilia Romagna Grand Prix,STR,18,Aston Martin,10.0,8.0,4.0,0,Finished,10.0,75.522,75.138,,,0.0
2021,2,Emilia Romagna Grand Prix,Italy,2021-04-18 00:00:00,Emilia Romagna Grand Prix,OCO,31,Alpine,9.0,9.0,2.0,0,Finished,9.0,75.385,75.117,75.21,,0.0
2021,2,Emilia Romagna Grand Prix,Italy,2021-04-18 00:00:00,Emilia Romagna Grand Prix,ALO,14,Alpine,15.0,10.0,1.0,0,Finished,15.0,75.832,75.593,,,0.0
2021,2,Emilia Romagna Grand Prix,Italy,2021-04-18 00:00:00,Emilia Romagna Grand Prix,PER,11,Red Bull Racing,2.0,11.0,0.0,0,Finished,2.0,75.395,74.716,74.446,,0.0
2021,2,Emilia Romagna Grand Prix,Italy,2021-04-18 00:00:00,Emilia Romagna Grand Prix,TSU,22,AlphaTauri,20.0,12.0,0.0,0,Finished,20.0,,,,,0.0
2021,2,Emilia Romagna Grand Prix,Italy,2021-04-18 00:00:00,Emilia Romagna Grand Prix,RAI,7,Alfa Romeo Racing,16.0,13.0,0.0,0,Finished,16.0,75.974,,,,0.0
2021,2,Emilia Romagna Grand Prix,Italy,2021-04-18 00:00:00,Emilia Romagna Grand Prix,GIO,99,Alfa Romeo Racing,17.0,14.0,0.0,0,+1 Lap,17.0,76.122,,,,0.0
2021,2,Emilia Romagna Grand Prix,Italy,2021-04-18 00:00:00,Emilia Romagna Grand Prix,VET,5,Aston Martin,20.0,15.0,0.0,1,Gearbox,13.0,75.459,75.394,,,0.0
2021,2,Emilia Romagna Grand Prix,Italy,2021-04-18 00:00:00,Emilia Romagna Grand Prix,MSC,47,Haas F1 Team,18.0,16.0,0.0,0,+2 Laps,18.0,76.279,,,,0.0
2021,2,Emilia Romagna Grand Prix,Italy,2021-04-18 00:00:00,Emilia Romagna Grand Prix,MAZ,9,Haas F1 Team,19.0,17.0,0.0,0,+2 Laps,19.0,76.797,,,,0.0
2021,2,Emilia Romagna Grand Prix,Italy,2021-04-18 00:00:00,Emilia Romagna Grand Prix,BOT,77,Mercedes,8.0,18.0,0.0,1,Collision,8.0,74.672,74.905,74.898,,0.0
2021,2,Emilia Romagna Grand Prix,Italy,2021-04-18 00:00:00,Emilia Romagna Grand Prix,RUS,63,Williams,12.0,19.0,0.0,1,Collision,12.0,75.826,75.261,,,0.0
2021,2,Emilia Romagna Grand Prix,Italy,2021-04-18 00:00:00,Emilia Romagna Grand Prix,LAT,6,Williams,14.0,20.0,0.0,1,Collision,14.0,75.653,75.593,,,0.0
2021,3,Portuguese Grand Prix,Portugal,2021-05-02 00:00:00,Portuguese Grand Prix,HAM,44,Mercedes,2.0,1.0,25.0,0,Finished,2.0,78.857,77.968,78.355,,0.0
2021,3,Portuguese Grand Prix,Portugal,2021-05-02 00:00:00,Portuguese Grand Prix,VER,33,Red Bull Racing,3.0,2.0,18.0,0,Finished,3.0,79.485,78.65,78.746,,0.0
2021,3,Portuguese Grand Prix,Portugal,2021-05-02 00:00:00,Portuguese Grand Prix,BOT,77,Mercedes,1.0,3.0,16.0,0,Finished,1.0,78.722,78.458,78.348,,0.0
2021,3,Portuguese Grand Prix,Portugal,2021-05-02 00:00:00,Portuguese Grand Prix,PER,11,Red Bull Racing,4.0,4.0,12.0,0,Finished,4.0,79.337,78.845,78.89,,0.0
2021,3,Portuguese Grand Prix,Portugal,2021-05-02 00:00:00,Portuguese Grand Prix,NOR,4,McLaren,7.0,5.0,10.0,0,Finished,7.0,78.794,78.481,79.116,,0.0
2021,3,Portuguese Grand Prix,Portugal,2021-05-02 00:00:00,Portuguese Grand Prix,LEC,16,Ferrari,8.0,6.0,8.0,0,Finished,8.0,79.373,78.769,79.306,,0.0
2021,3,Portuguese Grand Prix,Portugal,2021-05-02 00:00:00,Portuguese Grand Prix,OCO,31,Alpine,6.0,7.0,6.0,0,Finished,6.0,79.092,78.586,79.042,,0.0
2021,3,Portuguese Grand Prix,Portugal,2021-05-02 00:00:00,Portuguese Grand Prix,ALO,14,Alpine,13.0,8.0,4.0,0,Finished,13.0,79.728,79.456,,,0.0
2021,3,Portuguese Grand Prix,Portugal,2021-05-02 00:00:00,Portuguese Grand Prix,RIC,3,McLaren,16.0,9.0,2.0,0,Finished,16.0,79.839,,,,0.0
2021,3,Portuguese Grand Prix,Portugal,2021-05-02 00:00:00,Portuguese Grand Prix,GAS,10,AlphaTauri,9.0,10.0,1.0,0,Finished,9.0,79.464,79.052,79.475,,0.0
2021,3,Portuguese Grand Prix,Portugal,2021-05-02 00:00:00,Portuguese Grand Prix,SAI,55,Ferrari,5.0,11.0,0.0,0,Finished,5.0,79.309,78.813,79.039,,0.0
2021,3,Portuguese Grand Prix,Portugal,2021-05-02 00:00:00,Portuguese Grand Prix,GIO,99,Alfa Romeo Racing,12.0,12.0,0.0,0,+1 Lap,12.0,79.41,79.216,,,0.0
2021,3,Portuguese Grand Prix,Portugal,2021-05-02 00:00:00,Portuguese Grand Prix,VET,5,Aston Martin,10.0,13.0,0.0,0,+1 Lap,10.0,79.403,78.97,79.659,,0.0
2021,3,Portuguese Grand Prix,Portugal,2021-05-02 00:00:00,Portuguese Grand Prix,STR,18,Aston Martin,17.0,14.0,0.0,0,+1 Lap,17.0,79.913,,,,0.0
2021,3,Portuguese Grand Prix,Portugal,2021-05-02 00:00:00,Portuguese Grand Prix,TSU,22,AlphaTauri,14.0,15.0,0.0,0,+1 Lap,14.0,79.684,79.463,,,0.0
2021,3,Portuguese Grand Prix,Portugal,2021-05-02 00:00:00,Portuguese Grand Prix,RUS,63,Williams,11.0,16.0,0.0,0,+1 Lap,11.0,79.797,79.109,,,0.0
2021,3,Portuguese Grand Prix,Portugal,2021-05-02 00:00:00,Portuguese Grand Prix,MSC,47,Haas F1 Team,19.0,17.0,0.0,0,+2 Laps,19.0,80.452,,,,0.0
2021,3,Portuguese Grand Prix,Portugal,2021-05-02 00:00:00,Portuguese Grand Prix,LAT,6,Williams,18.0,18.0,0.0,0,+2 Laps,18.0,80.285,,,,0.0
2021,3,Portuguese Grand Prix,Portugal,2021-05-02 00:00:00,Portuguese Grand Prix,MAZ,9,Haas F1 Team,20.0,19.0,0.0,0,+2 Laps,20.0,80.912,,,,0.0
2021,3,Portuguese Grand Prix,Portugal,2021-05-02 00:00:00,Portuguese Grand Prix,RAI,7,Alfa Romeo Racing,15.0,20.0,0.0,1,Collision damage,15.0,79.748,79.812,,,0.0
2021,4,Spanish Grand Prix,Spain,2021-05-09 00:00:00,Spanish Grand Prix,HAM,44,Mercedes,1.0,1.0,25.0,0,Finished,1.0,78.245,77.166,76.741,,0.0
2021,4,Spanish Grand Prix,Spain,2021-05-09 00:00:00,Spanish Grand Prix,VER,33,Red Bull Racing,2.0,2.0,19.0,0,Finished,2.0,78.09,76.922,76.777,,0.0
2021,4,Spanish Grand Prix,Spain,2021-05-09 00:00:00,Spanish Grand Prix,BOT,77,Mercedes,3.0,3.0,15.0,0,Finished,3.0,78.005,77.142,76.873,,0.0
2021,4,Spanish Grand Prix,Spain,2021-05-09 00:00:00,Spanish Grand Prix,LEC,16,Ferrari,4.0,4.0,12.0,0,Finished,4.0,78.041,77.717,77.51,,0.0
2021,4,Spanish Grand Prix,Spain,2021-05-09 00:00:00,Spanish Grand Prix,PER,11,Red Bull Racing,8.0,5.0,10.0,0,Finished,8.0,78.203,77.669,77.701,,0.0
2021,4,Spanish Grand Prix,Spain,2021-05-09 00:00:00,Spanish Grand Prix,RIC,3,McLaren,7.0,6.0,8.0,0,Finished,7.0,78.264,77.719,77.622,,0.0
2021,4,Spanish Grand Prix,Spain,2021-05-09 00:00:00,Spanish Grand Prix,SAI,55,Ferrari,6.0,7.0,6.0,0,Finished,6.0,78.205,77.656,77.62,,0.0
2021,4,Spanish Grand Prix,Spain,2021-05-09 00:00:00,Spanish Grand Prix,NOR,4,McLaren,9.0,8.0,4.0,0,+1 Lap,9.0,77.821,77.696,78.01,,0.0
2021,4,Spanish Grand Prix,Spain,2021-05-09 00:00:00,Spanish Grand Prix,OCO,31,Alpine,5.0,9.0,2.0,0,+1 Lap,5.0,78.281,77.743,77.58,,0.0
2021,4,Spanish Grand Prix,Spain,2021-05-09 00:00:00,Spanish Grand Prix,GAS,10,AlphaTauri,12.0,10.0,1.0,0,+1 Lap,12.0,78.19,77.982,,,0.0
2021,4,Spanish Grand Prix,Spain,2021-05-09 00:00:00,Spanish Grand Prix,STR,18,Aston Martin,11.0,11.0,0.0,0,+1 Lap,11.0,78.241,77.974,,,0.0
2021,4,Spanish Grand Prix,Spain,2021-05-09 00:00:00,Spanish Grand Prix,RAI,7,Alfa Romeo Racing,17.0,12.0,0.0,0,+1 Lap,17.0,78.917,,,,0.0
2021,4,Spanish Grand Prix,Spain,2021-05-09 00:00:00,Spanish Grand Prix,VET,5,Aston Martin,13.0,13.0,0.0,0,+1 Lap,13.0,78.289,78.079,,,0.0
2021,4,Spanish Grand Prix,Spain,2021-05-09 00:00:00,Spanish Grand Prix,RUS,63,Williams,15.0,14.0,0.0,0,+1 Lap,15.0,78.445,79.154,,,0.0
2021,4,Spanish Grand Prix,Spain,2021-05-09 00:00:00,Spanish Grand Prix,GIO,99,Alfa Romeo Racing,14.0,15.0,0.0,0,+1 Lap,14.0,78.549,78.356,,,0.0
2021,4,Spanish Grand Prix,Spain,2021-05-09 00:00:00,Spanish Grand Prix,LAT,6,Williams,19.0,16.0,0.0,0,+1 Lap,19.0,79.219,,,,0.0
2021,4,Spanish Grand Prix,Spain,2021-05-09 00:00:00,Spanish Grand Prix,ALO,14,Alpine,10.0,17.0,0.0,0,+1 Lap,10.0,78.281,77.966,78.147,,0.0
2021,4,Spanish Grand Prix,Spain,2021-05-09 00:00:00,Spanish Grand Prix,MSC,47,Haas F1 Team,18.0,18.0,0.0,0,+2 Laps,18.0,79.117,,,,0.0
2021,4,Spanish Grand Prix,Spain,2021-05-09 00:00:00,Spanish Grand Prix,MAZ,9,Haas F1 Team,20.0,19.0,0.0,0,+2 Laps,20.0,79.807,,,,0.0
2021,4,Spanish Grand Prix,Spain,2021-05-09 00:00:00,Spanish Grand Prix,TSU,22,AlphaTauri,16.0,20.0,0.0,1,Electrical,16.0,78.556,,,,0.0
2021,5,Monaco Grand Prix,Monaco,2021-05-23 00:00:00,Monaco Grand Prix,VER,33,Red Bull Racing,2.0,1.0,25.0,0,Finished,2.0,71.124,70.65,70.576,,0.0
2021,5,Monaco Grand Prix,Monaco,2021-05-23 00:00:00,Monaco Grand Prix,SAI,55,Ferrari,4.0,2.0,18.0,0,Finished,4.0,71.324,70.806,70.611,,0.0
2021,5,Monaco Grand Prix,Monaco,2021-05-23 00:00:00,Monaco Grand Prix,NOR,4,McLaren,5.0,3.0,15.0,0,Finished,5.0,71.321,71.031,70.62,,0.0
2021,5,Monaco Grand Prix,Monaco,2021-05-23 00:00:00,Monaco Grand Prix,PER,11,Red Bull Racing,9.0,4.0,12.0,0,Finished,9.0,71.644,71.019,71.573,,0.0
2021,5,Monaco Grand Prix,Monaco,2021-05-23 00:00:00,Monaco Grand Prix,VET,5,Aston Martin,8.0,5.0,10.0,0,Finished,8.0,72.078,71.309,71.419,,0.0
2021,5,Monaco Grand Prix,Monaco,2021-05-23 00:00:00,Monaco Grand Prix,GAS,10,AlphaTauri,6.0,6.0,8.0,0,Finished,6.0,71.56,71.179,70.9,,0.0
2021,5,Monaco Grand Prix,Monaco,2021-05-23 00:00:00,Monaco Grand Prix,HAM,44,Mercedes,7.0,7.0,7.0,0,Finished,7.0,71.622,71.116,71.095,,0.0
2021,5,Monaco Grand Prix,Monaco,2021-05-23 00:00:00,Monaco Grand Prix,STR,18,Aston Martin,13.0,8.0,4.0,0,+1 Lap,13.0,71.979,71.6,,,0.0
2021,5,Monaco Grand Prix,Monaco,2021-05-23 00:00:00,Monaco Grand Prix,OCO,31,Alpine,11.0,9.0,2.0,0,+1 Lap,11.0,71.74,71.486,,,0.0
2021,5,Monaco Grand Prix,Monaco,2021-05-23 00:00:00,Monaco Grand Prix,GIO,99,Alfa Romeo Racing,10.0,10.0,1.0,0,+1 Lap,10.0,71.658,71.409,71.779,,0.0
2021,5,Monaco Grand Prix,Monaco,2021-05-23 00:00:00,Monaco Grand Prix,RAI,7,Alfa Romeo Racing,14.0,11.0,0.0,0,+1 Lap,14.0,71.899,71.642,,,0.0
2021,5,Monaco Grand Prix,Monaco,2021-05-23 00:00:00,Monaco Grand Prix,RIC,3,McLaren,12.0,12.0,0.0,0,+1 Lap,12.0,71.747,71.598,,,0.0
2021,5,Monaco Grand Prix,Monaco,2021-05-23 00:00:00,Monaco Grand Prix,ALO,14,Alpine,17.0,13.0,0.0,0,+1 Lap,17.0,72.205,,,,0.0
2021,5,Monaco Grand Prix,Monaco,2021-05-23 00:00:00,Monaco Grand Prix,RUS,63,Williams,15.0,14.0,0.0,0,+1 Lap,15.0,72.016,71.83,,,0.0
2021,5,Monaco Grand Prix,Monaco,2021-05-23 00:00:00,Monaco Grand Prix,LAT,6,Williams,18.0,15.0,0.0,0,+1 Lap,18.0,72.366,,,,0.0
2021,5,Monaco Grand Prix,Monaco,2021-05-23 00:00:00,Monaco Grand Prix,TSU,22,AlphaTauri,16.0,16.0,0.0,0,+1 Lap,16.0,72.096,,,,0.0
2021,5,Monaco Grand Prix,Monaco,2021-05-23 00:00:00,Monaco Grand Prix,MAZ,9,Haas F1 Team,19.0,17.0,0.0,0,+3 Laps,19.0,72.958,,,,0.0
2021,5,Monaco Grand Prix,Monaco,2021-05-23 00:00:00,Monaco Grand Prix,MSC,47,Haas F1 Team,20.0,18.0,0.0,0,+3 Laps,,,,,,0.0
2021,5,Monaco Grand Prix,Monaco,2021-05-23 00:00:00,Monaco Grand Prix,BOT,77,Mercedes,3.0,19.0,0.0,1,Wheel nut,3.0,70.938,70.695,70.601,,0.0
2021,5,Monaco Grand Prix,Monaco,2021-05-23 00:00:00,Monaco Grand Prix,LEC,16,Ferrari,1.0,20.0,0.0,1,Driveshaft,1.0,71.113,70.597,70.346,,0.0
2021,6,Azerbaijan Grand Prix,Azerbaijan,2021-06-06 00:00:00,Azerbaijan Grand Prix,PER,11,Red Bull Racing,6.0,1.0,25.0,0,Finished,7.0,101.968,101.63,101.917,,0.0
2021,6,Azerbaijan Grand Prix,Azerbaijan,2021-06-06 00:00:00,Azerbaijan Grand Prix,VET,5,Aston Martin,11.0,2.0,18.0,0,Finished,11.0,102.46,102.224,,,0.0
2021,6,Azerbaijan Grand Prix,Azerbaijan,2021-06-06 00:00:00,Azerbaijan Grand Prix,GAS,10,AlphaTauri,4.0,3.0,15.0,0,Finished,4.0,102.288,101.932,101.565,,0.0
2021,6,Azerbaijan Grand Prix,Azerbaijan,2021-06-06 00:00:00,Azerbaijan Grand Prix,LEC,16,Ferrari,1.0,4.0,12.0,0,Finished,1.0,102.241,101.659,101.218,,0.0
2021,6,Azerbaijan Grand Prix,Azerbaijan,2021-06-06 00:00:00,Azerbaijan Grand Prix,NOR,4,McLaren,9.0,5.0,10.0,0,Finished,6.0,102.167,101.813,101.747,,0.0
2021,6,Azerbaijan Grand Prix,Azerbaijan,2021-06-06 00:00:00,Azerbaijan Grand Prix,ALO,14,Alpine,8.0,6.0,8.0,0,Finished,9.0,102.934,102.195,102.327,,0.0
2021,6,Azerbaijan Grand Prix,Azerbaijan,2021-06-06 00:00:00,Azerbaijan Grand Prix,TSU,22,AlphaTauri,7.0,7.0,6.0,0,Finished,8.0,102.521,101.654,102.211,,0.0
2021,6,Azerbaijan Grand Prix,Azerbaijan,2021-06-06 00:00:00,Azerbaijan Grand Prix,SAI,55,Ferrari,5.0,8.0,4.0,0,Finished,5.0,102.121,101.74,101.576,,0.0
2021,6,Azerbaijan Grand Prix,Azerbaijan,2021-06-06 00:00:00,Azerbaijan Grand Prix,RIC,3,McLaren,13.0,9.0,2.0,0,Finished,13.0,102.304,102.558,,,0.0
2021,6,Azerbaijan Grand Prix,Azerbaijan,2021-06-06 00:00:00,Azerbaijan Grand Prix,RAI,7,Alfa Romeo Racing,14.0,10.0,1.0,0,Finished,14.0,102.923,102.587,,,0.0
2021,6,Azerbaijan Grand Prix,Azerbaijan,2021-06-06 00:00:00,Azerbaijan Grand Prix,GIO,99,Alfa Romeo Racing,20.0,11.0,0.0,0,Finished,20.0,,,,,0.0
2021,6,Azerbaijan Grand Prix,Azerbaijan,2021-06-06 00:00:00,Azerbaijan Grand Prix,BOT,77,Mercedes,10.0,12.0,0.0,0,Finished,10.0,102.701,102.106,102.659,,0.0
2021,6,Azerbaijan Grand Prix,Azerbaijan,2021-06-06 00:00:00,Azerbaijan Grand Prix,MSC,47,Haas F1 Team,17.0,13.0,0.0,0,Finished,17.0,104.158,,,,0.0
2021,6,Azerbaijan Grand Prix,Azerbaijan,2021-06-06 00:00:00,Azerbaijan Grand Prix,MAZ,9,Haas F1 Team,18.0,14.0,0.0,0,Finished,18.0,104.238,,,,0.0
2021,6,Azerbaijan Grand Prix,Azerbaijan,2021-06-06 00:00:00,Azerbaijan Grand Prix,HAM,44,Mercedes,2.0,15.0,0.0,0,Finished,2.0,101.545,101.634,101.45,,0.0
2021,6,Azerbaijan Grand Prix,Azerbaijan,2021-06-06 00:00:00,Azerbaijan Grand Prix,LAT,6,Williams,16.0,16.0,0.0,0,Finished,16.0,103.128,,,,0.0
2021,6,Azerbaijan Grand Prix,Azerbaijan,2021-06-06 00:00:00,Azerbaijan Grand Prix,RUS,63,Williams,15.0,17.0,0.0,1,Gearbox,15.0,102.728,102.758,,,0.0
2021,6,Azerbaijan Grand Prix,Azerbaijan,2021-06-06 00:00:00,Azerbaijan Grand Prix,VER,33,Red Bull Racing,3.0,18.0,0.0,1,Accident,3.0,101.76,101.625,101.563,,0.0
2021,6,Azerbaijan Grand Prix,Azerbaijan,2021-06-06 00:00:00,Azerbaijan Grand Prix,STR,18,Aston Martin,19.0,19.0,0.0,1,Accident,19.0,,,,,0.0
2021,6,Azerbaijan Grand Prix,Azerbaijan,2021-06-06 00:00:00,Azerbaijan Grand Prix,OCO,31,Alpine,12.0,20.0,0.0,1,Turbo,12.0,102.426,102.273,,,0.0
2021,7,French Grand Prix,France,2021-06-20 00:00:00,French Grand Prix,VER,33,Red Bull Racing,1.0,1.0,26.0,0,Finished,1.0,91.001,91.08,89.99,,0.0
2021,7,French Grand Prix,France,2021-06-20 00:00:00,French Grand Prix,HAM,44,Mercedes,2.0,2.0,18.0,0,Finished,2.0,91.237,90.788,90.248,,0.0
2021,7,French Grand Prix,France,2021-06-20 00:00:00,French Grand Prix,PER,11,Red Bull Racing,4.0,3.0,15.0,0,Finished,4.0,91.56,90.971,90.445,,0.0
2021,7,French Grand Prix,France,2021-06-20 00:00:00,French Grand Prix,BOT,77,Mercedes,3.0,4.0,12.0,0,Finished,3.0,91.669,90.735,90.376,,0.0
2021,7,French Grand Prix,France,2021-06-20 00:00:00,French Grand Prix,NOR,4,McLaren,8.0,5.0,10.0,0,Finished,8.0,91.733,91.542,91.252,,0.0
2021,7,French Grand Prix,France,2021-06-20 00:00:00,French Grand Prix,RIC,3,McLaren,10.0,6.0,8.0,0,Finished,10.0,92.181,91.615,91.382,,0.0
2021,7,French Grand Prix,France,2021-06-20 00:00:00,French Grand Prix,GAS,10,AlphaTauri,6.0,7.0,6.0,0,Finished,6.0,91.898,91.353,90.868,,0.0
2021,7,French Grand Prix,France,2021-06-20 00:00:00,French Grand Prix,ALO,14,Alpine,9.0,8.0,4.0,0,Finished,9.0,92.158,91.549,91.34,,0.0
2021,7,French Grand Prix,France,2021-06-20 00:00:00,French Grand Prix,VET,5,Aston Martin,12.0,9.0,2.0,0,Finished,12.0,92.132,91.767,,,0.0
2021,7,French Grand Prix,France,2021-06-20 00:00:00,French Grand Prix,STR,18,Aston Martin,19.0,10.0,1.0,0,Finished,19.0,,,,,0.0
2021,7,French Grand Prix,France,2021-06-20 00:00:00,French Grand Prix,SAI,55,Ferrari,5.0,11.0,0.0,0,Finished,5.0,92.079,91.146,90.84,,0.0
2021,7,French Grand Prix,France,2021-06-20 00:00:00,French Grand Prix,RUS,63,Williams,14.0,12.0,0.0,0,+1 Lap,14.0,93.06,92.065,,,0.0
2021,7,French Grand Prix,France,2021-06-20 00:00:00,French Grand Prix,TSU,22,AlphaTauri,20.0,13.0,0.0,0,+1 Lap,20.0,,,,,0.0
2021,7,French Grand Prix,France,2021-06-20 00:00:00,French Grand Prix,OCO,31,Alpine,11.0,14.0,0.0,0,+1 Lap,11.0,92.139,91.736,,,0.0
2021,7,French Grand Prix,France,2021-06-20 00:00:00,French Grand Prix,GIO,99,Alfa Romeo Racing,13.0,15.0,0.0,0,+1 Lap,13.0,92.722,91.813,,,0.0
2021,7,French Grand Prix,France,2021-06-20 00:00:00,French Grand Prix,LEC,16,Ferrari,7.0,16.0,0.0,0,+1 Lap,7.0,92.209,91.567,90.987,,0.0
2021,7,French Grand Prix,France,2021-06-20 00:00:00,French Grand Prix,RAI,7,Alfa Romeo Racing,17.0,17.0,0.0,0,+1 Lap,17.0,93.354,,,,0.0
2021,7,French Grand Prix,France,2021-06-20 00:00:00,French Grand Prix,LAT,6,Williams,16.0,18.0,0.0,0,+1 Lap,16.0,93.062,,,,0.0
2021,7,French Grand Prix,France,2021-06-20 00:00:00,French Grand Prix,MSC,47,Haas F1 Team,15.0,19.0,0.0,0,+1 Lap,15.0,92.942,,,,0.0
2021,7,French Grand Prix,France,2021-06-20 00:00:00,French Grand Prix,MAZ,9,Haas F1 Team,18.0,20.0,0.0,0,+1 Lap,18.0,93.554,,,,0.0
2021,8,Styrian Grand Prix,Austria,2021-06-27 00:00:00,Styrian Grand Prix,VER,33,Red Bull Racing,1.0,1.0,25.0,0,Finished,1.0,64.489,64.433,63.841,,0.0
2021,8,Styrian Grand Prix,Austria,2021-06-27 00:00:00,Styrian Grand Prix,HAM,44,Mercedes,2.0,2.0,19.0,0,Finished,3.0,64.672,64.512,64.067,,0.0
2021,8,Styrian Grand Prix,Austria,2021-06-27 00:00:00,Styrian Grand Prix,BOT,77,Mercedes,5.0,3.0,15.0,0,Finished,2.0,64.537,64.443,64.035,,0.0
2021,8,Styrian Grand Prix,Austria,2021-06-27 00:00:00,Styrian Grand Prix,PER,11,Red Bull Racing,4.0,4.0,12.0,0,Finished,5.0,64.638,64.197,64.168,,0.0
2021,8,Styrian Grand Prix,Austria,2021-06-27 00:00:00,Styrian Grand Prix,NOR,4,McLaren,3.0,5.0,10.0,0,+1 Lap,4.0,64.584,64.298,64.12,,0.0
2021,8,Styrian Grand Prix,Austria,2021-06-27 00:00:00,Styrian Grand Prix,SAI,55,Ferrari,12.0,6.0,8.0,0,+1 Lap,12.0,64.859,64.8,,,0.0
2021,8,Styrian Grand Prix,Austria,2021-06-27 00:00:00,Styrian Grand Prix,LEC,16,Ferrari,7.0,7.0,6.0,0,+1 Lap,7.0,64.745,64.646,64.472,,0.0
2021,8,Styrian Grand Prix,Austria,2021-06-27 00:00:00,Styrian Grand Prix,STR,18,Aston Martin,9.0,8.0,4.0,0,+1 Lap,10.0,64.821,64.663,64.708,,0.0
2021,8,Styrian Grand Prix,Austria,2021-06-27 00:00:00,Styrian Grand Prix,ALO,14,Alpine,8.0,9.0,2.0,0,+1 Lap,9.0,64.971,64.582,64.574,,0.0
2021,8,Styrian Grand Prix,Austria,2021-06-27 00:00:00,Styrian Grand Prix,TSU,22,AlphaTauri,11.0,10.0,1.0,0,+1 Lap,8.0,64.608,64.631,64.514,,0.0
2021,8,Styrian Grand Prix,Austria,2021-06-27 00:00:00,Styrian Grand Prix,RAI,7,Alfa Romeo Racing,18.0,11.0,0.0,0,+1 Lap,18.0,65.429,,,,0.0
2021,8,Styrian Grand Prix,Austria,2021-06-27 00:00:00,Styrian Grand Prix,VET,5,Aston Martin,14.0,12.0,0.0,0,+1 Lap,14.0,65.051,64.875,,,0.0
2021,8,Styrian Grand Prix,Austria,2021-06-27 00:00:00,Styrian Grand Prix,RIC,3,McLaren,13.0,13.0,0.0,0,+1 Lap,13.0,65.142,64.808,,,0.0
2021,8,Styrian Grand Prix,Austria,2021-06-27 00:00:00,Styrian Grand Prix,OCO,31,Alpine,17.0,14.0,0.0,0,+1 Lap,17.0,65.217,,,,0.0
2021,8,Styrian Grand Prix,Austria,2021-06-27 00:00:00,Styrian Grand Prix,GIO,99,Alfa Romeo Racing,15.0,15.0,0.0,0,+1 Lap,15.0,65.092,64.913,,,0.0
2021,8,Styrian Grand Prix,Austria,2021-06-27 00:00:00,Styrian Grand Prix,MSC,47,Haas F1 Team,19.0,16.0,0.0,0,+2 Laps,19.0,66.041,,,,0.0
2021,8,Styrian Grand Prix,Austria,2021-06-27 00:00:00,Styrian Grand Prix,LAT,6,Williams,16.0,17.0,0.0,0,+3 Laps,16.0,65.175,,,,0.0
2021,8,Styrian Grand Prix,Austria,2021-06-27 00:00:00,Styrian Grand Prix,MAZ,9,Haas F1 Team,20.0,18.0,0.0,0,+3 Laps,20.0,66.192,,,,0.0
2021,8,Styrian Grand Prix,Austria,2021-06-27 00:00:00,Styrian Grand Prix,RUS,63,Williams,10.0,19.0,0.0,1,Engine,11.0,65.033,64.671,,,0.0
2021,8,Styrian Grand Prix,Austria,2021-06-27 00:00:00,Styrian Grand Prix,GAS,10,AlphaTauri,6.0,20.0,0.0,1,Collision,6.0,64.765,64.429,64.236,,0.0
2021,9,Austrian Grand Prix,Austria,2021-07-04 00:00:00,Austrian Grand Prix,VER,33,Red Bull Racing,1.0,1.0,26.0,0,Finished,1.0,64.249,63.927,63.72,,0.0
2021,9,Austrian Grand Prix,Austria,2021-07-04 00:00:00,Austrian Grand Prix,BOT,77,Mercedes,5.0,2.0,18.0,0,Finished,5.0,64.563,64.376,64.049,,0.0
2021,9,Austrian Grand Prix,Austria,2021-07-04 00:00:00,Austrian Grand Prix,NOR,4,McLaren,2.0,3.0,15.0,0,Finished,2.0,64.345,64.415,63.768,,0.0
2021,9,Austrian Grand Prix,Austria,2021-07-04 00:00:00,Austrian Grand Prix,HAM,44,Mercedes,4.0,4.0,12.0,0,Finished,4.0,64.506,64.258,64.014,,0.0
2021,9,Austrian Grand Prix,Austria,2021-07-04 00:00:00,Austrian Grand Prix,SAI,55,Ferrari,10.0,5.0,10.0,0,Finished,11.0,64.596,64.559,,,0.0
2021,9,Austrian Grand Prix,Austria,2021-07-04 00:00:00,Austrian Grand Prix,PER,11,Red Bull Racing,3.0,6.0,8.0,0,Finished,3.0,64.833,64.483,63.99,,0.0
2021,9,Austrian Grand Prix,Austria,2021-07-04 00:00:00,Austrian Grand Prix,RIC,3,McLaren,13.0,7.0,6.0,0,Finished,13.0,64.977,64.719,,,0.0
2021,9,Austrian Grand Prix,Austria,2021-07-04 00:00:00,Austrian Grand Prix,LEC,16,Ferrari,12.0,8.0,4.0,0,Finished,12.0,64.906,64.6,,,0.0
2021,9,Austrian Grand Prix,Austria,2021-07-04 00:00:00,Austrian Grand Prix,GAS,10,AlphaTauri,6.0,9.0,2.0,0,Finished,6.0,64.841,64.412,64.107,,0.0
2021,9,Austrian Grand Prix,Austria,2021-07-04 00:00:00,Austrian Grand Prix,ALO,14,Alpine,14.0,10.0,1.0,0,+1 Lap,14.0,64.472,64.856,,,0.0
2021,9,Austrian Grand Prix,Austria,2021-07-04 00:00:00,Austrian Grand Prix,RUS,63,Williams,8.0,11.0,0.0,0,+1 Lap,9.0,64.907,64.553,64.591,,0.0
2021,9,Austrian Grand Prix,Austria,2021-07-04 00:00:00,Austrian Grand Prix,TSU,22,AlphaTauri,7.0,12.0,0.0,0,+1 Lap,7.0,64.967,64.518,64.273,,0.0
2021,9,Austrian Grand Prix,Austria,2021-07-04 00:00:00,Austrian Grand Prix,STR,18,Aston Martin,9.0,13.0,0.0,0,+1 Lap,10.0,64.927,64.547,64.618,,0.0
2021,9,Austrian Grand Prix,Austria,2021-07-04 00:00:00,Austrian Grand Prix,GIO,99,Alfa Romeo Racing,15.0,14.0,0.0,0,+1 Lap,15.0,64.782,65.083,,,0.0
2021,9,Austrian Grand Prix,Austria,2021-07-04 00:00:00,Austrian Grand Prix,RAI,7,Alfa Romeo Racing,16.0,15.0,0.0,0,+1 Lap,16.0,65.009,,,,0.0
2021,9,Austrian Grand Prix,Austria,2021-07-04 00:00:00,Austrian Grand Prix,LAT,6,Williams,18.0,16.0,0.0,0,+1 Lap,18.0,65.195,,,,0.0
2021,9,Austrian Grand Prix,Austria,2021-07-04 00:00:00,Austrian Grand Prix,VET,5,Aston Martin,11.0,17.0,0.0,1,Collision,8.0,64.846,64.493,64.57,,0.0
2021,9,Austrian Grand Prix,Austria,2021-07-04 00:00:00,Austrian Grand Prix,MSC,47,Haas F1 Team,19.0,18.0,0.0,0,+2 Laps,19.0,65.427,,,,0.0
2021,9,Austrian Grand Prix,Austria,2021-07-04 00:00:00,Austrian Grand Prix,MAZ,9,Haas F1 Team,20.0,19.0,0.0,0,+2 Laps,20.0,65.951,,,,0.0
2021,9,Austrian Grand Prix,Austria,2021-07-04 00:00:00,Austrian Grand Prix,OCO,31,Alpine,17.0,20.0,0.0,1,Collision,17.0,65.051,,,,0.0
2021,10,British Grand Prix,Great Britain,2021-07-18 00:00:00,British Grand Prix,HAM,44,Mercedes,2.0,1.0,25.0,0,Finished,1.0,86.786,86.023,86.134,2.0,2.0
2021,10,British Grand Prix,Great Britain,2021-07-18 00:00:00,British Grand Prix,LEC,16,Ferrari,4.0,2.0,18.0,0,Finished,4.0,87.051,86.919,86.828,4.0,0.0
2021,10,British Grand Prix,Great Britain,2021-07-18 00:00:00,British Grand Prix,BOT,77,Mercedes,3.0,3.0,15.0,0,Finished,3.0,87.487,86.764,86.328,3.0,1.0
2021,10,British Grand Prix,Great Britain,2021-07-18 00:00:00,British Grand Prix,NOR,4,McLaren,5.0,4.0,12.0,0,Finished,6.0,87.444,87.22,86.897,5.0,0.0
2021,10,British Grand Prix,Great Britain,2021-07-18 00:00:00,British Grand Prix,RIC,3,McLaren,6.0,5.0,10.0,0,Finished,7.0,87.323,87.125,86.899,6.0,0.0
2021,10,British Grand Prix,Great Britain,2021-07-18 00:00:00,British Grand Prix,SAI,55,Ferrari,10.0,6.0,8.0,0,Finished,9.0,87.337,86.848,87.007,11.0,0.0
2021,10,British Grand Prix,Great Britain,2021-07-18 00:00:00,British Grand Prix,ALO,14,Alpine,7.0,7.0,6.0,0,Finished,11.0,87.58,87.245,,7.0,0.0
2021,10,British Grand Prix,Great Britain,2021-07-18 00:00:00,British Grand Prix,STR,18,Aston Martin,14.0,8.0,4.0,0,Finished,15.0,88.017,87.665,,14.0,0.0
2021,10,British Grand Prix,Great Britain,2021-07-18 00:00:00,British Grand Prix,OCO,31,Alpine,9.0,9.0,2.0,0,Finished,13.0,87.415,87.34,,10.0,0.0
2021,10,British Grand Prix,Great Britain,2021-07-18 00:00:00,British Grand Prix,TSU,22,AlphaTauri,16.0,10.0,1.0,0,Finished,16.0,88.043,,,16.0,0.0
2021,10,British Grand Prix,Great Britain,2021-07-18 00:00:00,British Grand Prix,GAS,10,AlphaTauri,11.0,11.0,0.0,0,Finished,12.0,87.6,87.273,,12.0,0.0
2021,10,British Grand Prix,Great Britain,2021-07-18 00:00:00,British Grand Prix,RUS,63,Williams,12.0,12.0,0.0,0,+1 Lap,8.0,87.671,87.08,86.971,9.0,0.0
2021,10,British Grand Prix,Great Britain,2021-07-18 00:00:00,British Grand Prix,GIO,99,Alfa Romeo Racing,15.0,13.0,0.0,0,+1 Lap,14.0,87.595,87.617,,15.0,0.0
2021,10,British Grand Prix,Great Britain,2021-07-18 00:00:00,British Grand Prix,LAT,6,Williams,17.0,14.0,0.0,0,+1 Lap,18.0,88.254,,,17.0,0.0
2021,10,British Grand Prix,Great Britain,2021-07-18 00:00:00,British Grand Prix,RAI,7,Alfa Romeo Racing,13.0,15.0,0.0,0,+1 Lap,17.0,88.062,,,13.0,0.0
2021,10,British Grand Prix,Great Britain,2021-07-18 00:00:00,British Grand Prix,PER,11,Red Bull Racing,20.0,16.0,0.0,0,+1 Lap,5.0,87.121,87.073,86.844,20.0,0.0
2021,10,British Grand Prix,Great Britain,2021-07-18 00:00:00,British Grand Prix,MAZ,9,Haas F1 Team,19.0,17.0,0.0,0,+1 Lap,20.0,89.051,,,19.0,0.0
2021,10,British Grand Prix,Great Britain,2021-07-18 00:00:00,British Grand Prix,MSC,47,Haas F1 Team,18.0,18.0,0.0,0,+1 Lap,19.0,88.738,,,18.0,0.0
2021,10,British Grand Prix,Great Britain,2021-07-18 00:00:00,British Grand Prix,VET,5,Aston Martin,8.0,19.0,0.0,1,Retired,10.0,87.493,87.103,87.179,8.0,0.0
2021,10,British Grand Prix,Great Britain,2021-07-18 00:00:00,British Grand Prix,VER,33,Red Bull Racing,1.0,20.0,0.0,1,Collision,2.0,86.751,86.315,86.209,1.0,3.0
2021,11,Hungarian Grand Prix,Hungary,2021-08-01 00:00:00,Hungarian Grand Prix,OCO,31,Alpine,8.0,1.0,25.0,0,Finished,8.0,77.367,76.766,76.653,,0.0
2021,11,Hungarian Grand Prix,Hungary,2021-08-01 00:00:00,Hungarian Grand Prix,HAM,44,Mercedes,1.0,2.0,18.0,0,Finished,1.0,76.424,76.553,75.419,,0.0
2021,11,Hungarian Grand Prix,Hungary,2021-08-01 00:00:00,Hungarian Grand Prix,SAI,55,Ferrari,15.0,3.0,15.0,0,Finished,15.0,76.649,,,,0.0
2021,11,Hungarian Grand Prix,Hungary,2021-08-01 00:00:00,Hungarian Grand Prix,ALO,14,Alpine,9.0,4.0,12.0,0,Finished,9.0,77.123,76.541,76.715,,0.0
2021,11,Hungarian Grand Prix,Hungary,2021-08-01 00:00:00,Hungarian Grand Prix,GAS,10,AlphaTauri,5.0,5.0,11.0,0,Finished,5.0,76.874,76.394,76.483,,0.0
2021,11,Hungarian Grand Prix,Hungary,2021-08-01 00:00:00,Hungarian Grand Prix,TSU,22,AlphaTauri,16.0,6.0,8.0,0,Finished,16.0,77.919,,,,0.0
2021,11,Hungarian Grand Prix,Hungary,2021-08-01 00:00:00,Hungarian Grand Prix,LAT,6,Williams,18.0,7.0,6.0,0,Finished,18.0,78.036,,,,0.0
2021,11,Hungarian Grand Prix,Hungary,2021-08-01 00:00:00,Hungarian Grand Prix,RUS,63,Williams,17.0,8.0,4.0,0,Finished,17.0,77.944,,,,0.0
2021,11,Hungarian Grand Prix,Hungary,2021-08-01 00:00:00,Hungarian Grand Prix,VER,33,Red Bull Racing,3.0,9.0,2.0,0,Finished,3.0,76.214,75.65,75.84,,0.0
2021,11,Hungarian Grand Prix,Hungary,2021-08-01 00:00:00,Hungarian Grand Prix,RAI,7,Alfa Romeo Racing,13.0,10.0,1.0,0,+1 Lap,13.0,77.553,77.564,,,0.0
2021,11,Hungarian Grand Prix,Hungary,2021-08-01 00:00:00,Hungarian Grand Prix,RIC,3,McLaren,11.0,11.0,0.0,0,+1 Lap,11.0,77.664,76.871,,,0.0
2021,11,Hungarian Grand Prix,Hungary,2021-08-01 00:00:00,Hungarian Grand Prix,MSC,47,Haas F1 Team,20.0,12.0,0.0,0,+1 Lap,20.0,,,,,0.0
2021,11,Hungarian Grand Prix,Hungary,2021-08-01 00:00:00,Hungarian Grand Prix,GIO,99,Alfa Romeo Racing,20.0,13.0,0.0,0,+1 Lap,14.0,77.776,77.583,,,0.0
2021,11,Hungarian Grand Prix,Hungary,2021-08-01 00:00:00,Hungarian Grand Prix,MAZ,9,Haas F1 Team,19.0,14.0,0.0,1,Collision,19.0,78.922,,,,0.0
2021,11,Hungarian Grand Prix,Hungary,2021-08-01 00:00:00,Hungarian Grand Prix,NOR,4,McLaren,6.0,15.0,0.0,1,Collision,6.0,77.081,76.385,76.489,,0.0
2021,11,Hungarian Grand Prix,Hungary,2021-08-01 00:00:00,Hungarian Grand Prix,BOT,77,Mercedes,2.0,16.0,0.0,1,Collision,2.0,76.569,76.702,75.734,,0.0
2021,11,Hungarian Grand Prix,Hungary,2021-08-01 00:00:00,Hungarian Grand Prix,PER,11,Red Bull Racing,4.0,17.0,0.0,1,Collision,4.0,77.233,76.443,76.421,,0.0
2021,11,Hungarian Grand Prix,Hungary,2021-08-01 00:00:00,Hungarian Grand Prix,LEC,16,Ferrari,7.0,18.0,0.0,1,Collision,7.0,77.084,76.574,76.496,,0.0
2021,11,Hungarian Grand Prix,Hungary,2021-08-01 00:00:00,Hungarian Grand Prix,STR,18,Aston Martin,12.0,19.0,0.0,1,Collision,12.0,77.038,76.893,,,0.0
2021,11,Hungarian Grand Prix,Hungary,2021-08-01 00:00:00,Hungarian Grand Prix,VET,5,Aston Martin,10.0,20.0,0.0,1,Disqualified,10.0,77.105,76.794,76.75,,0.0
2021,12,Belgian Grand Prix,Belgium,2021-08-29 00:00:00,Belgian Grand Prix,VER,33,Red Bull Racing,1.0,1.0,12.5,0,Finished,1.0,118.717,116.559,119.765,,0.0
2021,12,Belgian Grand Prix,Belgium,2021-08-29 00:00:00,Belgian Grand Prix,RUS,63,Williams,2.0,2.0,9.0,0,Finished,2.0,119.864,116.95,120.086,,0.0
2021,12,Belgian Grand Prix,Belgium,2021-08-29 00:00:00,Belgian Grand Prix,HAM,44,Mercedes,3.0,3.0,7.5,0,Finished,3.0,119.218,116.229,120.099,,0.0
2021,12,Belgian Grand Prix,Belgium,2021-08-29 00:00:00,Belgian Grand Prix,RIC,3,McLaren,4.0,4.0,6.0,0,Finished,4.0,121.583,117.127,120.864,,0.0
2021,12,Belgian Grand Prix,Belgium,2021-08-29 00:00:00,Belgian Grand Prix,VET,5,Aston Martin,5.0,5.0,5.0,0,Finished,5.0,120.175,116.814,120.935,,0.0
2021,12,Belgian Grand Prix,Belgium,2021-08-29 00:00:00,Belgian Grand Prix,GAS,10,AlphaTauri,6.0,6.0,4.0,0,Finished,6.0,120.387,116.44,121.164,,0.0
2021,12,Belgian Grand Prix,Belgium,2021-08-29 00:00:00,Belgian Grand Prix,OCO,31,Alpine,8.0,7.0,3.0,0,Finished,9.0,121.824,117.354,123.513,,0.0
2021,12,Belgian Grand Prix,Belgium,2021-08-29 00:00:00,Belgian Grand Prix,LEC,16,Ferrari,9.0,8.0,2.0,0,Finished,11.0,120.728,117.721,,,0.0
2021,12,Belgian Grand Prix,Belgium,2021-08-29 00:00:00,Belgian Grand Prix,LAT,6,Williams,10.0,9.0,1.0,0,Finished,12.0,120.966,118.056,,,0.0
2021,12,Belgian Grand Prix,Belgium,2021-08-29 00:00:00,Belgian Grand Prix,SAI,55,Ferrari,11.0,10.0,0.5,0,Finished,13.0,121.184,118.137,,,0.0
2021,12,Belgian Grand Prix,Belgium,2021-08-29 00:00:00,Belgian Grand Prix,ALO,14,Alpine,12.0,11.0,0.0,0,Finished,14.0,121.653,118.205,,,0.0
2021,12,Belgian Grand Prix,Belgium,2021-08-29 00:00:00,Belgian Grand Prix,BOT,77,Mercedes,13.0,12.0,0.0,0,Finished,8.0,119.87,116.295,122.502,,0.0
2021,12,Belgian Grand Prix,Belgium,2021-08-29 00:00:00,Belgian Grand Prix,GIO,99,Alfa Romeo Racing,14.0,13.0,0.0,0,Finished,16.0,122.306,,,,0.0
2021,12,Belgian Grand Prix,Belgium,2021-08-29 00:00:00,Belgian Grand Prix,NOR,4,McLaren,15.0,14.0,0.0,0,Finished,10.0,118.301,116.025,,,0.0
2021,12,Belgian Grand Prix,Belgium,2021-08-29 00:00:00,Belgian Grand Prix,TSU,22,AlphaTauri,16.0,15.0,0.0,0,Finished,17.0,122.413,,,,0.0
2021,12,Belgian Grand Prix,Belgium,2021-08-29 00:00:00,Belgian Grand Prix,MSC,47,Haas F1 Team,17.0,16.0,0.0,0,Finished,18.0,123.973,,,,0.0
2021,12,Belgian Grand Prix,Belgium,2021-08-29 00:00:00,Belgian Grand Prix,MAZ,9,Haas F1 Team,18.0,17.0,0.0,0,Finished,20.0,124.939,,,,0.0
2021,12,Belgian Grand Prix,Belgium,2021-08-29 00:00:00,Belgian Grand Prix,RAI,7,Alfa Romeo Racing,20.0,18.0,0.0,0,Finished,19.0,124.452,,,,0.0
2021,12,Belgian Grand Prix,Belgium,2021-08-29 00:00:00,Belgian Grand Prix,PER,11,Red Bull Racing,20.0,19.0,0.0,0,Finished,7.0,119.334,116.886,122.112,,0.0
2021,12,Belgian Grand Prix,Belgium,2021-08-29 00:00:00,Belgian Grand Prix,STR,18,Aston Martin,19.0,20.0,0.0,0,Finished,15.0,121.597,118.231,,,0.0
2021,13,Dutch Grand Prix,Netherlands,2021-09-05 00:00:00,Dutch Grand Prix,VER,33,Red Bull Racing,1.0,1.0,25.0,0,Finished,1.0,70.036,69.071,68.885,,0.0
2021,13,Dutch Grand Prix,Netherlands,2021-09-05 00:00:00,Dutch Grand Prix,HAM,44,Mercedes,2.0,2.0,19.0,0,Finished,2.0,70.114,69.726,68.923,,0.0
2021,13,Dutch Grand Prix,Netherlands,2021-09-05 00:00:00,Dutch Grand Prix,BOT,77,Mercedes,3.0,3.0,15.0,0,Finished,3.0,70.219,69.769,69.222,,0.0
2021,13,Dutch Grand Prix,Netherlands,2021-09-05 00:00:00,Dutch Grand Prix,GAS,10,AlphaTauri,4.0,4.0,12.0,0,+1 Lap,4.0,70.274,69.541,69.478,,0.0
2021,13,Dutch Grand Prix,Netherlands,2021-09-05 00:00:00,Dutch Grand Prix,LEC,16,Ferrari,5.0,5.0,10.0,0,+1 Lap,5.0,69.829,69.437,69.527,,0.0
2021,13,Dutch Grand Prix,Netherlands,2021-09-05 00:00:00,Dutch Grand Prix,ALO,14,Alpine,9.0,6.0,8.0,0,+1 Lap,9.0,70.435,70.02,69.956,,0.0
2021,13,Dutch Grand Prix,Netherlands,2021-09-05 00:00:00,Dutch Grand Prix,SAI,55,Ferrari,6.0,7.0,6.0,0,+1 Lap,6.0,70.022,69.87,69.537,,0.0
2021,13,Dutch Grand Prix,Netherlands,2021-09-05 00:00:00,Dutch Grand Prix,PER,11,Red Bull Racing,20.0,8.0,4.0,0,+1 Lap,16.0,70.53,,,,0.0
2021,13,Dutch Grand Prix,Netherlands,2021-09-05 00:00:00,Dutch Grand Prix,OCO,31,Alpine,8.0,9.0,2.0,0,+1 Lap,8.0,70.179,69.919,69.933,,0.0
2021,13,Dutch Grand Prix,Netherlands,2021-09-05 00:00:00,Dutch Grand Prix,NOR,4,McLaren,13.0,10.0,1.0,0,+1 Lap,13.0,70.489,70.406,,,0.0
2021,13,Dutch Grand Prix,Netherlands,2021-09-05 00:00:00,Dutch Grand Prix,RIC,3,McLaren,10.0,11.0,0.0,0,+1 Lap,10.0,70.255,69.865,70.166,,0.0
2021,13,Dutch Grand Prix,Netherlands,2021-09-05 00:00:00,Dutch Grand Prix,STR,18,Aston Martin,12.0,12.0,0.0,0,+2 Laps,12.0,70.438,70.367,,,0.0
2021,13,Dutch Grand Prix,Netherlands,2021-09-05 00:00:00,Dutch Grand Prix,VET,5,Aston Martin,15.0,13.0,0.0,0,+2 Laps,17.0,70.731,,,,0.0
2021,13,Dutch Grand Prix,Netherlands,2021-09-05 00:00:00,Dutch Grand Prix,GIO,99,Alfa Romeo Racing,7.0,14.0,0.0,0,+2 Laps,7.0,70.05,70.033,69.59,,0.0
2021,13,Dutch Grand Prix,Netherlands,2021-09-05 00:00:00,Dutch Grand Prix,KUB,88,Alfa Romeo Racing,16.0,15.0,0.0,0,+2 Laps,18.0,71.301,,,,0.0
2021,13,Dutch Grand Prix,Netherlands,2021-09-05 00:00:00,Dutch Grand Prix,LAT,6,Williams,20.0,16.0,0.0,0,+2 Laps,14.0,70.093,71.161,,,0.0
2021,13,Dutch Grand Prix,Netherlands,2021-09-05 00:00:00,Dutch Grand Prix,RUS,63,Williams,11.0,17.0,0.0,1,Gearbox,11.0,70.382,70.332,,,0.0
2021,13,Dutch Grand Prix,Netherlands,2021-09-05 00:00:00,Dutch Grand Prix,MSC,47,Haas F1 Team,17.0,18.0,0.0,0,+3 Laps,19.0,71.387,,,,0.0
2021,13,Dutch Grand Prix,Netherlands,2021-09-05 00:00:00,Dutch Grand Prix,TSU,22,AlphaTauri,14.0,19.0,0.0,1,Power Unit,15.0,70.462,71.314,,,0.0
2021,13,Dutch Grand Prix,Netherlands,2021-09-05 00:00:00,Dutch Grand Prix,MAZ,9,Haas F1 Team,18.0,20.0,0.0,1,Hydraulics,20.0,71.875,,,,0.0
2021,14,Italian Grand Prix,Italy,2021-09-12 00:00:00,Italian Grand Prix,RIC,3,McLaren,2.0,1.0,26.0,0,Finished,5.0,81.292,80.435,79.995,3.0,1.0
2021,14,Italian Grand Prix,Italy,2021-09-12 00:00:00,Italian Grand Prix,NOR,4,McLaren,3.0,2.0,18.0,0,Finished,4.0,80.916,80.059,79.989,4.0,0.0
2021,14,Italian Grand Prix,Italy,2021-09-12 00:00:00,Italian Grand Prix,BOT,77,Mercedes,19.0,3.0,15.0,0,Finished,1.0,80.685,80.032,79.555,1.0,3.0
2021,14,Italian Grand Prix,Italy,2021-09-12 00:00:00,Italian Grand Prix,LEC,16,Ferrari,5.0,4.0,12.0,0,Finished,8.0,81.219,80.767,80.51,6.0,0.0
2021,14,Italian Grand Prix,Italy,2021-09-12 00:00:00,Italian Grand Prix,PER,11,Red Bull Racing,8.0,5.0,10.0,0,Finished,9.0,81.308,80.882,80.611,9.0,0.0
2021,14,Italian Grand Prix,Italy,2021-09-12 00:00:00,Italian Grand Prix,SAI,55,Ferrari,6.0,6.0,8.0,0,Finished,7.0,81.118,80.75,80.462,7.0,0.0
2021,14,Italian Grand Prix,Italy,2021-09-12 00:00:00,Italian Grand Prix,STR,18,Aston Martin,9.0,7.0,6.0,0,Finished,12.0,81.415,81.02,,10.0,0.0
2021,14,Italian Grand Prix,Italy,2021-09-12 00:00:00,Italian Grand Prix,ALO,14,Alpine,10.0,8.0,4.0,0,Finished,13.0,81.487,81.069,,11.0,0.0
2021,14,Italian Grand Prix,Italy,2021-09-12 00:00:00,Italian Grand Prix,RUS,63,Williams,14.0,9.0,2.0,0,Finished,15.0,81.89,81.392,,15.0,0.0
2021,14,Italian Grand Prix,Italy,2021-09-12 00:00:00,Italian Grand Prix,OCO,31,Alpine,12.0,10.0,1.0,0,Finished,14.0,81.5,81.103,,13.0,0.0
2021,14,Italian Grand Prix,Italy,2021-09-12 00:00:00,Italian Grand Prix,LAT,6,Williams,13.0,11.0,0.0,0,Finished,16.0,81.925,,,14.0,0.0
2021,14,Italian Grand Prix,Italy,2021-09-12 00:00:00,Italian Grand Prix,VET,5,Aston Martin,11.0,12.0,0.0,0,Finished,11.0,81.394,80.913,,12.0,0.0
2021,14,Italian Grand Prix,Italy,2021-09-12 00:00:00,Italian Grand Prix,GIO,99,Alfa Romeo Racing,7.0,13.0,0.0,0,Finished,10.0,81.197,80.726,80.808,8.0,0.0
2021,14,Italian Grand Prix,Italy,2021-09-12 00:00:00,Italian Grand Prix,KUB,88,Alfa Romeo Racing,17.0,14.0,0.0,0,Finished,19.0,82.53,,,18.0,0.0
2021,14,Italian Grand Prix,Italy,2021-09-12 00:00:00,Italian Grand Prix,MSC,47,Haas F1 Team,18.0,15.0,0.0,0,Finished,18.0,82.248,,,19.0,0.0
2021,14,Italian Grand Prix,Italy,2021-09-12 00:00:00,Italian Grand Prix,MAZ,9,Haas F1 Team,16.0,16.0,0.0,1,Power Unit,20.0,82.716,,,17.0,0.0
2021,14,Italian Grand Prix,Italy,2021-09-12 00:00:00,Italian Grand Prix,HAM,44,Mercedes,4.0,17.0,0.0,1,Collision,2.0,80.543,79.936,79.651,5.0,0.0
2021,14,Italian Grand Prix,Italy,2021-09-12 00:00:00,Italian Grand Prix,VER,33,Red Bull Racing,1.0,18.0,0.0,1,Collision,3.0,81.035,80.229,79.966,2.0,2.0
2021,14,Italian Grand Prix,Italy,2021-09-12 00:00:00,Italian Grand Prix,GAS,10,AlphaTauri,20.0,19.0,0.0,1,Suspension,6.0,81.44,80.556,80.26,20.0,0.0
2021,14,Italian Grand Prix,Italy,2021-09-12 00:00:00,Italian Grand Prix,TSU,22,AlphaTauri,20.0,20.0,0.0,1,Brakes,17.0,81.973,,,16.0,0.0
2021,15,Russian Grand Prix,Russia,2021-09-26 00:00:00,Russian Grand Prix,HAM,44,Mercedes,4.0,1.0,25.0,0,Finished,4.0,105.992,105.129,104.05,,0.0
2021,15,Russian Grand Prix,Russia,2021-09-26 00:00:00,Russian Grand Prix,VER,33,Red Bull Racing,20.0,2.0,18.0,0,Finished,20.0,,,,,0.0
2021,15,Russian Grand Prix,Russia,2021-09-26 00:00:00,Russian Grand Prix,SAI,55,Ferrari,2.0,3.0,15.0,0,Finished,2.0,107.924,106.521,102.51,,0.0
2021,15,Russian Grand Prix,Russia,2021-09-26 00:00:00,Russian Grand Prix,RIC,3,McLaren,5.0,4.0,12.0,0,Finished,5.0,108.345,106.361,104.156,,0.0
2021,15,Russian Grand Prix,Russia,2021-09-26 00:00:00,Russian Grand Prix,BOT,77,Mercedes,16.0,5.0,10.0,0,Finished,7.0,106.396,105.306,104.71,,0.0
2021,15,Russian Grand Prix,Russia,2021-09-26 00:00:00,Russian Grand Prix,ALO,14,Alpine,6.0,6.0,8.0,0,Finished,6.0,107.877,105.514,104.204,,0.0
2021,15,Russian Grand Prix,Russia,2021-09-26 00:00:00,Russian Grand Prix,NOR,4,McLaren,1.0,7.0,7.0,0,Finished,1.0,107.238,105.827,101.993,,0.0
2021,15,Russian Grand Prix,Russia,2021-09-26 00:00:00,Russian Grand Prix,RAI,7,Alfa Romeo Racing,13.0,8.0,4.0,0,Finished,16.0,109.586,,,,0.0
2021,15,Russian Grand Prix,Russia,2021-09-26 00:00:00,Russian Grand Prix,PER,11,Red Bull Racing,8.0,9.0,2.0,0,Finished,9.0,106.455,105.834,105.337,,0.0
2021,15,Russian Grand Prix,Russia,2021-09-26 00:00:00,Russian Grand Prix,RUS,63,Williams,3.0,10.0,1.0,0,Finished,3.0,108.303,106.435,102.983,,0.0
2021,15,Russian Grand Prix,Russia,2021-09-26 00:00:00,Russian Grand Prix,STR,18,Aston Martin,7.0,11.0,0.0,0,Finished,8.0,108.322,106.36,104.956,,0.0
2021,15,Russian Grand Prix,Russia,2021-09-26 00:00:00,Russian Grand Prix,VET,5,Aston Martin,10.0,12.0,0.0,0,+1 Lap,11.0,107.205,106.573,,,0.0
2021,15,Russian Grand Prix,Russia,2021-09-26 00:00:00,Russian Grand Prix,GAS,10,AlphaTauri,11.0,13.0,0.0,0,+1 Lap,12.0,107.828,106.641,,,0.0
2021,15,Russian Grand Prix,Russia,2021-09-26 00:00:00,Russian Grand Prix,OCO,31,Alpine,9.0,14.0,0.0,0,+1 Lap,10.0,108.099,106.07,105.865,,0.0
2021,15,Russian Grand Prix,Russia,2021-09-26 00:00:00,Russian Grand Prix,LEC,16,Ferrari,19.0,15.0,0.0,0,+1 Lap,15.0,108.47,,,,0.0
2021,15,Russian Grand Prix,Russia,2021-09-26 00:00:00,Russian Grand Prix,GIO,99,Alfa Romeo Racing,17.0,16.0,0.0,0,+1 Lap,18.0,111.023,,,,0.0
2021,15,Russian Grand Prix,Russia,2021-09-26 00:00:00,Russian Grand Prix,TSU,22,AlphaTauri,12.0,17.0,0.0,0,+1 Lap,13.0,108.854,106.751,,,0.0
2021,15,Russian Grand Prix,Russia,2021-09-26 00:00:00,Russian Grand Prix,MAZ,9,Haas F1 Team,15.0,18.0,0.0,0,+2 Laps,19.0,113.764,,,,0.0
2021,15,Russian Grand Prix,Russia,2021-09-26 00:00:00,Russian Grand Prix,LAT,6,Williams,18.0,19.0,0.0,1,Accident,14.0,108.252,,,,0.0
2021,15,Russian Grand Prix,Russia,2021-09-26 00:00:00,Russian Grand Prix,MSC,47,Haas F1 Team,14.0,20.0,0.0,1,Oil leak,17.0,109.83,,,,0.0
2021,16,Turkish Grand Prix,Turkey,2021-10-10 00:00:00,Turkish Grand Prix,BOT,77,Mercedes,1.0,1.0,26.0,0,Finished,2.0,85.047,83.579,82.998,,0.0
2021,16,Turkish Grand Prix,Turkey,2021-10-10 00:00:00,Turkish Grand Prix,VER,33,Red Bull Racing,2.0,2.0,18.0,0,Finished,3.0,84.592,83.732,83.196,,0.0
2021,16,Turkish Grand Prix,Turkey,2021-10-10 00:00:00,Turkish Grand Prix,PER,11,Red Bull Racing,6.0,3.0,15.0,0,Finished,7.0,84.963,83.961,83.706,,0.0
2021,16,Turkish Grand Prix,Turkey,2021-10-10 00:00:00,Turkish Grand Prix,LEC,16,Ferrari,3.0,4.0,12.0,0,Finished,4.0,84.869,84.015,83.265,,0.0
2021,16,Turkish Grand Prix,Turkey,2021-10-10 00:00:00,Turkish Grand Prix,HAM,44,Mercedes,11.0,5.0,10.0,0,Finished,1.0,84.585,83.082,82.868,,0.0
2021,16,Turkish Grand Prix,Turkey,2021-10-10 00:00:00,Turkish Grand Prix,GAS,10,AlphaTauri,4.0,6.0,8.0,0,Finished,5.0,84.704,83.817,83.326,,0.0
2021,16,Turkish Grand Prix,Turkey,2021-10-10 00:00:00,Turkish Grand Prix,NOR,4,McLaren,7.0,7.0,6.0,0,Finished,8.0,85.138,84.642,83.954,,0.0
2021,16,Turkish Grand Prix,Turkey,2021-10-10 00:00:00,Turkish Grand Prix,SAI,55,Ferrari,19.0,8.0,4.0,0,Finished,15.0,85.177,,,,0.0
2021,16,Turkish Grand Prix,Turkey,2021-10-10 00:00:00,Turkish Grand Prix,STR,18,Aston Martin,8.0,9.0,2.0,0,Finished,9.0,85.511,84.601,84.305,,0.0
2021,16,Turkish Grand Prix,Turkey,2021-10-10 00:00:00,Turkish Grand Prix,OCO,31,Alpine,12.0,10.0,1.0,0,+1 Lap,12.0,85.422,84.842,,,0.0
2021,16,Turkish Grand Prix,Turkey,2021-10-10 00:00:00,Turkish Grand Prix,GIO,99,Alfa Romeo Racing,16.0,11.0,0.0,0,+1 Lap,18.0,86.43,,,,0.0
2021,16,Turkish Grand Prix,Turkey,2021-10-10 00:00:00,Turkish Grand Prix,RAI,7,Alfa Romeo Racing,17.0,12.0,0.0,0,+1 Lap,19.0,87.525,,,,0.0
2021,16,Turkish Grand Prix,Turkey,2021-10-10 00:00:00,Turkish Grand Prix,RIC,3,McLaren,20.0,13.0,0.0,0,+1 Lap,16.0,85.881,,,,0.0
2021,16,Turkish Grand Prix,Turkey,2021-10-10 00:00:00,Turkish Grand Prix,TSU,22,AlphaTauri,9.0,14.0,0.0,0,+1 Lap,10.0,85.409,84.054,84.368,,0.0
2021,16,Turkish Grand Prix,Turkey,2021-10-10 00:00:00,Turkish Grand Prix,RUS,63,Williams,13.0,15.0,0.0,0,+1 Lap,13.0,85.417,85.007,,,0.0
2021,16,Turkish Grand Prix,Turkey,2021-10-10 00:00:00,Turkish Grand Prix,ALO,14,Alpine,5.0,16.0,0.0,0,+1 Lap,6.0,85.174,83.914,83.477,,0.0
2021,16,Turkish Grand Prix,Turkey,2021-10-10 00:00:00,Turkish Grand Prix,LAT,6,Williams,15.0,17.0,0.0,0,+1 Lap,17.0,86.086,,,,0.0
2021,16,Turkish Grand Prix,Turkey,2021-10-10 00:00:00,Turkish Grand Prix,VET,5,Aston Martin,10.0,18.0,0.0,0,+1 Lap,11.0,85.787,84.795,,,0.0
2021,16,Turkish Grand Prix,Turkey,2021-10-10 00:00:00,Turkish Grand Prix,MSC,47,Haas F1 Team,14.0,19.0,0.0,0,+2 Laps,14.0,85.555,85.2,,,0.0
2021,16,Turkish Grand Prix,Turkey,2021-10-10 00:00:00,Turkish Grand Prix,MAZ,9,Haas F1 Team,18.0,20.0,0.0,0,+2 Laps,20.0,88.449,,,,0.0
2021,17,United States Grand Prix,United States,2021-10-24 00:00:00,United States Grand Prix,VER,33,Red Bull Racing,1.0,1.0,25.0,0,Finished,1.0,94.352,93.464,92.91,,0.0
2021,17,United States Grand Prix,United States,2021-10-24 00:00:00,United States Grand Prix,HAM,44,Mercedes,2.0,2.0,19.0,0,Finished,2.0,94.579,93.797,93.119,,0.0
2021,17,United States Grand Prix,United States,2021-10-24 00:00:00,United States Grand Prix,PER,11,Red Bull Racing,3.0,3.0,15.0,0,Finished,3.0,94.369,94.178,93.134,,0.0
2021,17,United States Grand Prix,United States,2021-10-24 00:00:00,United States Grand Prix,LEC,16,Ferrari,4.0,4.0,12.0,0,Finished,5.0,94.153,93.928,93.606,,0.0
2021,17,United States Grand Prix,United States,2021-10-24 00:00:00,United States Grand Prix,RIC,3,McLaren,6.0,5.0,10.0,0,Finished,7.0,94.407,94.643,93.808,,0.0
2021,17,United States Grand Prix,United States,2021-10-24 00:00:00,United States Grand Prix,BOT,77,Mercedes,9.0,6.0,8.0,0,Finished,4.0,94.59,93.959,93.475,,0.0
2021,17,United States Grand Prix,United States,2021-10-24 00:00:00,United States Grand Prix,SAI,55,Ferrari,5.0,7.0,6.0,0,Finished,6.0,94.558,94.126,93.792,,0.0
2021,17,United States Grand Prix,United States,2021-10-24 00:00:00,United States Grand Prix,NOR,4,McLaren,7.0,8.0,4.0,0,Finished,8.0,94.551,93.88,93.887,,0.0
2021,17,United States Grand Prix,United States,2021-10-24 00:00:00,United States Grand Prix,TSU,22,AlphaTauri,10.0,9.0,2.0,0,+1 Lap,10.0,95.36,95.137,94.918,,0.0
2021,17,United States Grand Prix,United States,2021-10-24 00:00:00,United States Grand Prix,VET,5,Aston Martin,18.0,10.0,1.0,0,+1 Lap,12.0,95.281,95.5,,,0.0
2021,17,United States Grand Prix,United States,2021-10-24 00:00:00,United States Grand Prix,GIO,99,Alfa Romeo Racing,12.0,11.0,0.0,0,+1 Lap,13.0,95.92,95.794,,,0.0
2021,17,United States Grand Prix,United States,2021-10-24 00:00:00,United States Grand Prix,STR,18,Aston Martin,13.0,12.0,0.0,0,+1 Lap,16.0,95.983,,,,0.0
2021,17,United States Grand Prix,United States,2021-10-24 00:00:00,United States Grand Prix,RAI,7,Alfa Romeo Racing,15.0,13.0,0.0,0,+1 Lap,18.0,96.311,,,,0.0
2021,17,United States Grand Prix,United States,2021-10-24 00:00:00,United States Grand Prix,RUS,63,Williams,20.0,14.0,0.0,0,+1 Lap,15.0,95.746,,,,0.0
2021,17,United States Grand Prix,United States,2021-10-24 00:00:00,United States Grand Prix,LAT,6,Williams,14.0,15.0,0.0,0,+1 Lap,17.0,95.995,,,,0.0
2021,17,United States Grand Prix,United States,2021-10-24 00:00:00,United States Grand Prix,MSC,47,Haas F1 Team,16.0,16.0,0.0,0,+2 Laps,19.0,96.499,,,,0.0
2021,17,United States Grand Prix,United States,2021-10-24 00:00:00,United States Grand Prix,MAZ,9,Haas F1 Team,17.0,17.0,0.0,0,+2 Laps,20.0,96.796,,,,0.0
2021,17,United States Grand Prix,United States,2021-10-24 00:00:00,United States Grand Prix,ALO,14,Alpine,19.0,18.0,0.0,1,Rear wing,14.0,95.756,104.549,,,0.0
2021,17,United States Grand Prix,United States,2021-10-24 00:00:00,United States Grand Prix,OCO,31,Alpine,11.0,19.0,0.0,1,Mechanical,11.0,95.747,95.377,,,0.0
2021,17,United States Grand Prix,United States,2021-10-24 00:00:00,United States Grand Prix,GAS,10,AlphaTauri,8.0,20.0,0.0,1,Suspension,9.0,94.567,94.583,94.118,,0.0
2021,18,Mexico City Grand Prix,Mexico,2021-11-07 00:00:00,Mexico City Grand Prix,VER,33,Red Bull Racing,3.0,1.0,25.0,0,Finished,3.0,76.788,76.483,76.225,,0.0
2021,18,Mexico City Grand Prix,Mexico,2021-11-07 00:00:00,Mexico City Grand Prix,HAM,44,Mercedes,2.0,2.0,18.0,0,Finished,2.0,77.207,76.474,76.02,,0.0
2021,18,Mexico City Grand Prix,Mexico,2021-11-07 00:00:00,Mexico City Grand Prix,PER,11,Red Bull Racing,4.0,3.0,15.0,0,Finished,4.0,77.003,77.055,76.342,,0.0
2021,18,Mexico City Grand Prix,Mexico,2021-11-07 00:00:00,Mexico City Grand Prix,GAS,10,AlphaTauri,5.0,4.0,12.0,0,Finished,5.0,76.908,76.955,76.456,,0.0
2021,18,Mexico City Grand Prix,Mexico,2021-11-07 00:00:00,Mexico City Grand Prix,LEC,16,Ferrari,8.0,5.0,10.0,0,Finished,8.0,76.748,77.034,76.837,,0.0
2021,18,Mexico City Grand Prix,Mexico,2021-11-07 00:00:00,Mexico City Grand Prix,SAI,55,Ferrari,6.0,6.0,8.0,0,+1 Lap,6.0,77.517,77.248,76.761,,0.0
2021,18,Mexico City Grand Prix,Mexico,2021-11-07 00:00:00,Mexico City Grand Prix,VET,5,Aston Martin,9.0,7.0,6.0,0,+1 Lap,11.0,77.502,77.746,,,0.0
2021,18,Mexico City Grand Prix,Mexico,2021-11-07 00:00:00,Mexico City Grand Prix,RAI,7,Alfa Romeo Racing,10.0,8.0,4.0,0,+1 Lap,12.0,77.606,77.958,,,0.0
2021,18,Mexico City Grand Prix,Mexico,2021-11-07 00:00:00,Mexico City Grand Prix,ALO,14,Alpine,12.0,9.0,2.0,0,+1 Lap,16.0,78.452,,,,0.0
2021,18,Mexico City Grand Prix,Mexico,2021-11-07 00:00:00,Mexico City Grand Prix,NOR,4,McLaren,18.0,10.0,1.0,0,+1 Lap,10.0,77.569,77.473,96.83,,0.0
2021,18,Mexico City Grand Prix,Mexico,2021-11-07 00:00:00,Mexico City Grand Prix,GIO,99,Alfa Romeo Racing,11.0,11.0,0.0,0,+1 Lap,14.0,77.897,78.29,,,0.0
2021,18,Mexico City Grand Prix,Mexico,2021-11-07 00:00:00,Mexico City Grand Prix,RIC,3,McLaren,7.0,12.0,0.0,0,+1 Lap,7.0,77.719,77.092,76.763,,0.0
2021,18,Mexico City Grand Prix,Mexico,2021-11-07 00:00:00,Mexico City Grand Prix,OCO,31,Alpine,19.0,13.0,0.0,0,+1 Lap,15.0,78.126,78.405,,,0.0
2021,18,Mexico City Grand Prix,Mexico,2021-11-07 00:00:00,Mexico City Grand Prix,STR,18,Aston Martin,20.0,14.0,0.0,0,+2 Laps,20.0,80.873,,,,0.0
2021,18,Mexico City Grand Prix,Mexico,2021-11-07 00:00:00,Mexico City Grand Prix,BOT,77,Mercedes,1.0,15.0,0.0,0,+2 Laps,1.0,76.727,76.864,75.875,,0.0
2021,18,Mexico City Grand Prix,Mexico,2021-11-07 00:00:00,Mexico City Grand Prix,RUS,63,Williams,16.0,16.0,0.0,0,+2 Laps,13.0,77.958,78.172,,,0.0
2021,18,Mexico City Grand Prix,Mexico,2021-11-07 00:00:00,Mexico City Grand Prix,LAT,6,Williams,13.0,17.0,0.0,0,+2 Laps,17.0,78.756,,,,0.0
2021,18,Mexico City Grand Prix,Mexico,2021-11-07 00:00:00,Mexico City Grand Prix,MAZ,9,Haas F1 Team,15.0,18.0,0.0,0,+3 Laps,19.0,79.303,,,,0.0
2021,18,Mexico City Grand Prix,Mexico,2021-11-07 00:00:00,Mexico City Grand Prix,MSC,47,Haas F1 Team,14.0,19.0,0.0,1,Collision,18.0,78.858,,,,0.0
2021,18,Mexico City Grand Prix,Mexico,2021-11-07 00:00:00,Mexico City Grand Prix,TSU,22,AlphaTauri,17.0,20.0,0.0,1,Collision,9.0,77.33,76.701,77.158,,0.0
2021,19,São Paulo Grand Prix,Brazil,2021-11-14 00:00:00,São Paulo Grand Prix,HAM,44,Mercedes,10.0,1.0,25.0,0,Finished,1.0,68.733,68.068,67.934,5.0,0.0
2021,19,São Paulo Grand Prix,Brazil,2021-11-14 00:00:00,São Paulo Grand Prix,VER,33,Red Bull Racing,2.0,2.0,18.0,0,Finished,2.0,69.329,68.499,68.372,2.0,2.0
2021,19,São Paulo Grand Prix,Brazil,2021-11-14 00:00:00,São Paulo Grand Prix,BOT,77,Mercedes,1.0,3.0,15.0,0,Finished,3.0,69.04,68.426,68.469,1.0,3.0
2021,19,São Paulo Grand Prix,Brazil,2021-11-14 00:00:00,São Paulo Grand Prix,PER,11,Red Bull Racing,4.0,4.0,13.0,0,Finished,4.0,69.172,68.973,68.483,4.0,0.0
2021,19,São Paulo Grand Prix,Brazil,2021-11-14 00:00:00,São Paulo Grand Prix,LEC,16,Ferrari,6.0,5.0,10.0,0,Finished,7.0,69.155,68.859,68.96,7.0,0.0
2021,19,São Paulo Grand Prix,Brazil,2021-11-14 00:00:00,São Paulo Grand Prix,SAI,55,Ferrari,3.0,6.0,8.0,0,Finished,6.0,69.046,69.031,68.826,3.0,1.0
2021,19,São Paulo Grand Prix,Brazil,2021-11-14 00:00:00,São Paulo Grand Prix,GAS,10,AlphaTauri,7.0,7.0,6.0,0,+1 Lap,5.0,69.347,68.903,68.777,8.0,0.0
2021,19,São Paulo Grand Prix,Brazil,2021-11-14 00:00:00,São Paulo Grand Prix,OCO,31,Alpine,8.0,8.0,4.0,0,+1 Lap,11.0,69.43,69.189,,9.0,0.0
2021,19,São Paulo Grand Prix,Brazil,2021-11-14 00:00:00,São Paulo Grand Prix,ALO,14,Alpine,12.0,9.0,2.0,0,+1 Lap,10.0,69.391,69.137,69.113,12.0,0.0
2021,19,São Paulo Grand Prix,Brazil,2021-11-14 00:00:00,São Paulo Grand Prix,NOR,4,McLaren,5.0,10.0,1.0,0,+1 Lap,8.0,69.365,69.03,68.98,6.0,0.0
2021,19,São Paulo Grand Prix,Brazil,2021-11-14 00:00:00,São Paulo Grand Prix,VET,5,Aston Martin,9.0,11.0,0.0,0,+1 Lap,12.0,69.451,69.399,,10.0,0.0
2021,19,São Paulo Grand Prix,Brazil,2021-11-14 00:00:00,São Paulo Grand Prix,RAI,7,Alfa Romeo Racing,20.0,12.0,0.0,0,+1 Lap,14.0,69.598,69.503,,18.0,0.0
2021,19,São Paulo Grand Prix,Brazil,2021-11-14 00:00:00,São Paulo Grand Prix,RUS,63,Williams,17.0,13.0,0.0,0,+1 Lap,18.0,69.953,,,17.0,0.0
2021,19,São Paulo Grand Prix,Brazil,2021-11-14 00:00:00,São Paulo Grand Prix,GIO,99,Alfa Romeo Racing,13.0,14.0,0.0,0,+1 Lap,15.0,69.342,70.227,,13.0,0.0
2021,19,São Paulo Grand Prix,Brazil,2021-11-14 00:00:00,São Paulo Grand Prix,TSU,22,AlphaTauri,15.0,15.0,0.0,0,+1 Lap,13.0,69.35,69.483,,15.0,0.0
2021,19,São Paulo Grand Prix,Brazil,2021-11-14 00:00:00,São Paulo Grand Prix,LAT,6,Williams,16.0,16.0,0.0,0,+1 Lap,17.0,69.897,,,16.0,0.0
2021,19,São Paulo Grand Prix,Brazil,2021-11-14 00:00:00,São Paulo Grand Prix,MAZ,9,Haas F1 Team,19.0,17.0,0.0,0,+2 Laps,20.0,70.589,,,20.0,0.0
2021,19,São Paulo Grand Prix,Brazil,2021-11-14 00:00:00,São Paulo Grand Prix,MSC,47,Haas F1 Team,18.0,18.0,0.0,0,+2 Laps,19.0,70.329,,,19.0,0.0
2021,19,São Paulo Grand Prix,Brazil,2021-11-14 00:00:00,São Paulo Grand Prix,RIC,3,McLaren,11.0,19.0,0.0,1,Power loss,9.0,69.374,69.093,69.039,11.0,0.0
2021,19,São Paulo Grand Prix,Brazil,2021-11-14 00:00:00,São Paulo Grand Prix,STR,18,Aston Martin,14.0,20.0,0.0,1,Collision damage,16.0,69.663,,,14.0,0.0
2021,20,Qatar Grand Prix,Qatar,2021-11-21 00:00:00,Qatar Grand Prix,HAM,44,Mercedes,1.0,1.0,25.0,0,Finished,1.0,81.901,81.682,80.827,,0.0
2021,20,Qatar Grand Prix,Qatar,2021-11-21 00:00:00,Qatar Grand Prix,VER,33,Red Bull Racing,7.0,2.0,19.0,0,Finished,2.0,81.996,81.984,81.282,,0.0
2021,20,Qatar Grand Prix,Qatar,2021-11-21 00:00:00,Qatar Grand Prix,ALO,14,Alpine,3.0,3.0,15.0,0,Finished,5.0,82.422,81.894,81.67,,0.0
2021,20,Qatar Grand Prix,Qatar,2021-11-21 00:00:00,Qatar Grand Prix,PER,11,Red Bull Racing,11.0,4.0,12.0,0,Finished,11.0,82.398,82.346,,,0.0
2021,20,Qatar Grand Prix,Qatar,2021-11-21 00:00:00,Qatar Grand Prix,OCO,31,Alpine,9.0,5.0,10.0,0,Finished,9.0,82.565,82.012,82.028,,0.0
2021,20,Qatar Grand Prix,Qatar,2021-11-21 00:00:00,Qatar Grand Prix,STR,18,Aston Martin,12.0,6.0,8.0,0,Finished,12.0,82.551,82.46,,,0.0
2021,20,Qatar Grand Prix,Qatar,2021-11-21 00:00:00,Qatar Grand Prix,SAI,55,Ferrari,5.0,7.0,6.0,0,Finished,7.0,82.304,82.241,81.84,,0.0
2021,20,Qatar Grand Prix,Qatar,2021-11-21 00:00:00,Qatar Grand Prix,LEC,16,Ferrari,13.0,8.0,4.0,0,Finished,13.0,82.742,82.463,,,0.0
2021,20,Qatar Grand Prix,Qatar,2021-11-21 00:00:00,Qatar Grand Prix,NOR,4,McLaren,4.0,9.0,2.0,0,+1 Lap,6.0,82.839,82.216,81.731,,0.0
2021,20,Qatar Grand Prix,Qatar,2021-11-21 00:00:00,Qatar Grand Prix,VET,5,Aston Martin,10.0,10.0,1.0,0,+1 Lap,10.0,82.549,82.146,82.785,,0.0
2021,20,Qatar Grand Prix,Qatar,2021-11-21 00:00:00,Qatar Grand Prix,GAS,10,AlphaTauri,2.0,11.0,0.0,0,+1 Lap,4.0,82.535,81.728,81.64,,0.0
2021,20,Qatar Grand Prix,Qatar,2021-11-21 00:00:00,Qatar Grand Prix,RIC,3,McLaren,14.0,12.0,0.0,0,+1 Lap,14.0,82.688,82.597,,,0.0
2021,20,Qatar Grand Prix,Qatar,2021-11-21 00:00:00,Qatar Grand Prix,TSU,22,AlphaTauri,8.0,13.0,0.0,0,+1 Lap,8.0,82.458,82.058,81.881,,0.0
2021,20,Qatar Grand Prix,Qatar,2021-11-21 00:00:00,Qatar Grand Prix,RAI,7,Alfa Romeo Racing,16.0,14.0,0.0,0,+1 Lap,16.0,83.156,,,,0.0
2021,20,Qatar Grand Prix,Qatar,2021-11-21 00:00:00,Qatar Grand Prix,GIO,99,Alfa Romeo Racing,18.0,15.0,0.0,0,+1 Lap,18.0,83.262,,,,0.0
2021,20,Qatar Grand Prix,Qatar,2021-11-21 00:00:00,Qatar Grand Prix,MSC,47,Haas F1 Team,19.0,16.0,0.0,0,+1 Lap,19.0,83.407,,,,0.0
2021,20,Qatar Grand Prix,Qatar,2021-11-21 00:00:00,Qatar Grand Prix,RUS,63,Williams,15.0,17.0,0.0,0,+2 Laps,15.0,82.863,82.756,,,0.0
2021,20,Qatar Grand Prix,Qatar,2021-11-21 00:00:00,Qatar Grand Prix,MAZ,9,Haas F1 Team,20.0,18.0,0.0,0,+2 Laps,20.0,85.859,,,,0.0
2021,20,Qatar Grand Prix,Qatar,2021-11-21 00:00:00,Qatar Grand Prix,LAT,6,Williams,17.0,19.0,0.0,1,Puncture,17.0,83.213,,,,0.0
2021,20,Qatar Grand Prix,Qatar,2021-11-21 00:00:00,Qatar Grand Prix,BOT,77,Mercedes,6.0,20.0,0.0,1,Damage,3.0,82.016,81.991,81.478,,0.0
2021,21,Saudi Arabian Grand Prix,Saudi Arabia,2021-12-05 00:00:00,Saudi Arabian Grand Prix,HAM,44,Mercedes,1.0,1.0,26.0,0,Finished,1.0,88.466,87.712,87.511,,0.0
2021,21,Saudi Arabian Grand Prix,Saudi Arabia,2021-12-05 00:00:00,Saudi Arabian Grand Prix,VER,33,Red Bull Racing,3.0,2.0,18.0,0,Finished,3.0,88.285,87.953,87.653,,0.0
2021,21,Saudi Arabian Grand Prix,Saudi Arabia,2021-12-05 00:00:00,Saudi Arabian Grand Prix,BOT,77,Mercedes,2.0,3.0,15.0,0,Finished,2.0,88.057,88.054,87.622,,0.0
2021,21,Saudi Arabian Grand Prix,Saudi Arabia,2021-12-05 00:00:00,Saudi Arabian Grand Prix,OCO,31,Alpine,9.0,4.0,12.0,0,Finished,9.0,88.752,88.574,88.647,,0.0
2021,21,Saudi Arabian Grand Prix,Saudi Arabia,2021-12-05 00:00:00,Saudi Arabian Grand Prix,RIC,3,McLaren,11.0,5.0,10.0,0,Finished,11.0,88.216,88.668,,,0.0
2021,21,Saudi Arabian Grand Prix,Saudi Arabia,2021-12-05 00:00:00,Saudi Arabian Grand Prix,GAS,10,AlphaTauri,6.0,6.0,8.0,0,Finished,6.0,88.401,88.314,88.125,,0.0
2021,21,Saudi Arabian Grand Prix,Saudi Arabia,2021-12-05 00:00:00,Saudi Arabian Grand Prix,LEC,16,Ferrari,4.0,7.0,6.0,0,Finished,4.0,88.31,88.459,88.054,,0.0
2021,21,Saudi Arabian Grand Prix,Saudi Arabia,2021-12-05 00:00:00,Saudi Arabian Grand Prix,SAI,55,Ferrari,15.0,8.0,4.0,0,Finished,15.0,88.237,113.652,,,0.0
2021,21,Saudi Arabian Grand Prix,Saudi Arabia,2021-12-05 00:00:00,Saudi Arabian Grand Prix,GIO,99,Alfa Romeo Racing,10.0,9.0,2.0,0,Finished,10.0,88.899,88.616,88.754,,0.0
2021,21,Saudi Arabian Grand Prix,Saudi Arabia,2021-12-05 00:00:00,Saudi Arabian Grand Prix,NOR,4,McLaren,7.0,10.0,1.0,0,Finished,7.0,88.338,88.344,88.18,,0.0
2021,21,Saudi Arabian Grand Prix,Saudi Arabia,2021-12-05 00:00:00,Saudi Arabian Grand Prix,STR,18,Aston Martin,18.0,11.0,0.0,0,Finished,18.0,89.368,,,,0.0
2021,21,Saudi Arabian Grand Prix,Saudi Arabia,2021-12-05 00:00:00,Saudi Arabian Grand Prix,LAT,6,Williams,16.0,12.0,0.0,0,Finished,16.0,89.177,,,,0.0
2021,21,Saudi Arabian Grand Prix,Saudi Arabia,2021-12-05 00:00:00,Saudi Arabian Grand Prix,ALO,14,Alpine,13.0,13.0,0.0,0,+1 Lap,13.0,88.944,88.92,,,0.0
2021,21,Saudi Arabian Grand Prix,Saudi Arabia,2021-12-05 00:00:00,Saudi Arabian Grand Prix,TSU,22,AlphaTauri,8.0,14.0,0.0,0,+1 Lap,8.0,88.503,88.222,88.442,,0.0
2021,21,Saudi Arabian Grand Prix,Saudi Arabia,2021-12-05 00:00:00,Saudi Arabian Grand Prix,RAI,7,Alfa Romeo Racing,12.0,15.0,0.0,0,+1 Lap,12.0,88.856,88.885,,,0.0
2021,21,Saudi Arabian Grand Prix,Saudi Arabia,2021-12-05 00:00:00,Saudi Arabian Grand Prix,VET,5,Aston Martin,17.0,16.0,0.0,1,Collision damage,17.0,89.198,,,,0.0
2021,21,Saudi Arabian Grand Prix,Saudi Arabia,2021-12-05 00:00:00,Saudi Arabian Grand Prix,PER,11,Red Bull Racing,5.0,17.0,0.0,1,Collision,5.0,88.021,87.946,88.123,,0.0
2021,21,Saudi Arabian Grand Prix,Saudi Arabia,2021-12-05 00:00:00,Saudi Arabian Grand Prix,MAZ,9,Haas F1 Team,20.0,18.0,0.0,1,Collision,20.0,90.473,,,,0.0
2021,21,Saudi Arabian Grand Prix,Saudi Arabia,2021-12-05 00:00:00,Saudi Arabian Grand Prix,RUS,63,Williams,14.0,19.0,0.0,1,Collision,14.0,88.926,89.054,,,0.0
2021,21,Saudi Arabian Grand Prix,Saudi Arabia,2021-12-05 00:00:00,Saudi Arabian Grand Prix,MSC,47,Haas F1 Team,19.0,20.0,0.0,1,Accident,19.0,89.464,,,,0.0
2021,22,Abu Dhabi Grand Prix,Abu Dhabi,2021-12-12 00:00:00,Abu Dhabi Grand Prix,VER,33,Red Bull Racing,1.0,1.0,26.0,0,Finished,1.0,83.322,82.8,82.109,,0.0
2021,22,Abu Dhabi Grand Prix,Abu Dhabi,2021-12-12 00:00:00,Abu Dhabi Grand Prix,HAM,44,Mercedes,2.0,2.0,18.0,0,Finished,2.0,82.845,83.145,82.48,,0.0
2021,22,Abu Dhabi Grand Prix,Abu Dhabi,2021-12-12 00:00:00,Abu Dhabi Grand Prix,SAI,55,Ferrari,5.0,3.0,15.0,0,Finished,5.0,83.624,83.174,82.992,,0.0
2021,22,Abu Dhabi Grand Prix,Abu Dhabi,2021-12-12 00:00:00,Abu Dhabi Grand Prix,TSU,22,AlphaTauri,8.0,4.0,12.0,0,Finished,8.0,83.428,83.404,83.22,,0.0
2021,22,Abu Dhabi Grand Prix,Abu Dhabi,2021-12-12 00:00:00,Abu Dhabi Grand Prix,GAS,10,AlphaTauri,12.0,5.0,10.0,0,Finished,12.0,83.489,84.043,,,0.0
2021,22,Abu Dhabi Grand Prix,Abu Dhabi,2021-12-12 00:00:00,Abu Dhabi Grand Prix,BOT,77,Mercedes,6.0,6.0,8.0,0,Finished,6.0,83.117,83.246,83.036,,0.0
2021,22,Abu Dhabi Grand Prix,Abu Dhabi,2021-12-12 00:00:00,Abu Dhabi Grand Prix,NOR,4,McLaren,3.0,7.0,6.0,0,Finished,3.0,83.553,83.256,82.931,,0.0
2021,22,Abu Dhabi Grand Prix,Abu Dhabi,2021-12-12 00:00:00,Abu Dhabi Grand Prix,ALO,14,Alpine,11.0,8.0,4.0,0,Finished,11.0,83.846,83.46,,,0.0
2021,22,Abu Dhabi Grand Prix,Abu Dhabi,2021-12-12 00:00:00,Abu Dhabi Grand Prix,OCO,31,Alpine,9.0,9.0,2.0,0,Finished,9.0,83.764,83.42,83.389,,0.0
2021,22,Abu Dhabi Grand Prix,Abu Dhabi,2021-12-12 00:00:00,Abu Dhabi Grand Prix,LEC,16,Ferrari,7.0,10.0,1.0,0,Finished,7.0,83.467,83.202,83.122,,0.0
2021,22,Abu Dhabi Grand Prix,Abu Dhabi,2021-12-12 00:00:00,Abu Dhabi Grand Prix,VET,5,Aston Martin,15.0,11.0,0.0,0,Finished,15.0,84.225,84.305,,,0.0
2021,22,Abu Dhabi Grand Prix,Abu Dhabi,2021-12-12 00:00:00,Abu Dhabi Grand Prix,RIC,3,McLaren,10.0,12.0,0.0,0,+1 Lap,10.0,83.829,83.448,83.409,,0.0
2021,22,Abu Dhabi Grand Prix,Abu Dhabi,2021-12-12 00:00:00,Abu Dhabi Grand Prix,STR,18,Aston Martin,13.0,13.0,0.0,0,+1 Lap,13.0,84.061,84.066,,,0.0
2021,22,Abu Dhabi Grand Prix,Abu Dhabi,2021-12-12 00:00:00,Abu Dhabi Grand Prix,MSC,47,Haas F1 Team,19.0,14.0,0.0,0,+1 Lap,19.0,84.906,,,,0.0
2021,22,Abu Dhabi Grand Prix,Abu Dhabi,2021-12-12 00:00:00,Abu Dhabi Grand Prix,PER,11,Red Bull Racing,4.0,15.0,0.0,1,Engine,4.0,83.35,83.135,82.947,,0.0
2021,22,Abu Dhabi Grand Prix,Abu Dhabi,2021-12-12 00:00:00,Abu Dhabi Grand Prix,LAT,6,Williams,16.0,16.0,0.0,1,Accident,16.0,84.338,,,,0.0
2021,22,Abu Dhabi Grand Prix,Abu Dhabi,2021-12-12 00:00:00,Abu Dhabi Grand Prix,GIO,99,Alfa Romeo Racing,14.0,17.0,0.0,1,Gearbox,14.0,84.118,84.251,,,0.0
2021,22,Abu Dhabi Grand Prix,Abu Dhabi,2021-12-12 00:00:00,Abu Dhabi Grand Prix,RUS,63,Williams,17.0,18.0,0.0,1,Gearbox,17.0,84.423,,,,0.0
2021,22,Abu Dhabi Grand Prix,Abu Dhabi,2021-12-12 00:00:00,Abu Dhabi Grand Prix,RAI,7,Alfa Romeo Racing,18.0,19.0,0.0,1,Brakes,18.0,84.779,,,,0.0
2021,22,Abu Dhabi Grand Prix,Abu Dhabi,2021-12-12 00:00:00,Abu Dhabi Grand Prix,MAZ,9,Haas F1 Team,20.0,20.0,0.0,1,Illness,20.0,85.685,,,,0.0
2022,1,Bahrain Grand Prix,Bahrain,2022-03-20 00:00:00,Bahrain Grand Prix,LEC,16,Ferrari,1.0,1.0,26.0,0,Finished,1.0,91.471,90.932,90.558,,0.0
2022,1,Bahrain Grand Prix,Bahrain,2022-03-20 00:00:00,Bahrain Grand Prix,SAI,55,Ferrari,3.0,2.0,18.0,0,Finished,3.0,91.567,90.787,90.687,,0.0
2022,1,Bahrain Grand Prix,Bahrain,2022-03-20 00:00:00,Bahrain Grand Prix,HAM,44,Mercedes,5.0,3.0,15.0,0,Finished,5.0,92.285,91.048,91.238,,0.0
2022,1,Bahrain Grand Prix,Bahrain,2022-03-20 00:00:00,Bahrain Grand Prix,RUS,63,Mercedes,9.0,4.0,12.0,0,Finished,9.0,92.269,91.252,92.216,,0.0
2022,1,Bahrain Grand Prix,Bahrain,2022-03-20 00:00:00,Bahrain Grand Prix,MAG,20,Haas F1 Team,7.0,5.0,10.0,0,Finished,7.0,91.955,91.461,91.808,,0.0
2022,1,Bahrain Grand Prix,Bahrain,2022-03-20 00:00:00,Bahrain Grand Prix,BOT,77,Alfa Romeo,6.0,6.0,8.0,0,Finished,6.0,91.919,91.717,91.56,,0.0
2022,1,Bahrain Grand Prix,Bahrain,2022-03-20 00:00:00,Bahrain Grand Prix,OCO,31,Alpine,11.0,7.0,6.0,0,Finished,11.0,92.041,91.782,,,0.0
2022,1,Bahrain Grand Prix,Bahrain,2022-03-20 00:00:00,Bahrain Grand Prix,TSU,22,AlphaTauri,16.0,8.0,4.0,0,Finished,16.0,92.75,,,,0.0
2022,1,Bahrain Grand Prix,Bahrain,2022-03-20 00:00:00,Bahrain Grand Prix,ALO,14,Alpine,8.0,9.0,2.0,0,Finished,8.0,92.346,91.621,92.195,,0.0
2022,1,Bahrain Grand Prix,Bahrain,2022-03-20 00:00:00,Bahrain Grand Prix,ZHO,24,Alfa Romeo,15.0,10.0,1.0,0,Finished,15.0,92.493,93.543,,,0.0
2022,1,Bahrain Grand Prix,Bahrain,2022-03-20 00:00:00,Bahrain Grand Prix,MSC,47,Haas F1 Team,12.0,11.0,0.0,0,Finished,12.0,92.38,91.998,,,0.0
2022,1,Bahrain Grand Prix,Bahrain,2022-03-20 00:00:00,Bahrain Grand Prix,STR,18,Aston Martin,19.0,12.0,0.0,0,Finished,19.0,93.032,,,,0.0
2022,1,Bahrain Grand Prix,Bahrain,2022-03-20 00:00:00,Bahrain Grand Prix,ALB,23,Williams,14.0,13.0,0.0,0,Finished,14.0,92.726,92.664,,,0.0
2022,1,Bahrain Grand Prix,Bahrain,2022-03-20 00:00:00,Bahrain Grand Prix,RIC,3,McLaren,18.0,14.0,0.0,0,Finished,18.0,92.945,,,,0.0
2022,1,Bahrain Grand Prix,Bahrain,2022-03-20 00:00:00,Bahrain Grand Prix,NOR,4,McLaren,13.0,15.0,0.0,0,Finished,13.0,92.239,92.008,,,0.0
2022,1,Bahrain Grand Prix,Bahrain,2022-03-20 00:00:00,Bahrain Grand Prix,LAT,6,Williams,20.0,16.0,0.0,0,Finished,20.0,93.634,,,,0.0
2022,1,Bahrain Grand Prix,Bahrain,2022-03-20 00:00:00,Bahrain Grand Prix,HUL,27,Aston Martin,17.0,17.0,0.0,0,Finished,17.0,92.777,,,,0.0
2022,1,Bahrain Grand Prix,Bahrain,2022-03-20 00:00:00,Bahrain Grand Prix,PER,11,Red Bull Racing,4.0,18.0,0.0,1,Fuel pressure,4.0,92.311,91.008,90.921,,0.0
2022,1,Bahrain Grand Prix,Bahrain,2022-03-20 00:00:00,Bahrain Grand Prix,VER,1,Red Bull Racing,2.0,19.0,0.0,1,Fuel pressure,2.0,91.785,90.757,90.681,,0.0
2022,1,Bahrain Grand Prix,Bahrain,2022-03-20 00:00:00,Bahrain Grand Prix,GAS,10,AlphaTauri,10.0,20.0,0.0,1,Power Unit,10.0,92.096,91.635,92.338,,0.0
2022,2,Saudi Arabian Grand Prix,Saudi Arabia,2022-03-27 00:00:00,Saudi Arabian Grand Prix,VER,1,Red Bull Racing,4.0,1.0,25.0,0,Finished,4.0,88.928,88.945,88.461,,0.0
2022,2,Saudi Arabian Grand Prix,Saudi Arabia,2022-03-27 00:00:00,Saudi Arabian Grand Prix,LEC,16,Ferrari,2.0,2.0,19.0,0,Finished,2.0,89.039,88.78,88.225,,0.0
2022,2,Saudi Arabian Grand Prix,Saudi Arabia,2022-03-27 00:00:00,Saudi Arabian Grand Prix,SAI,55,Ferrari,3.0,3.0,15.0,0,Finished,3.0,88.855,88.686,88.402,,0.0
2022,2,Saudi Arabian Grand Prix,Saudi Arabia,2022-03-27 00:00:00,Saudi Arabian Grand Prix,PER,11,Red Bull Racing,1.0,4.0,12.0,0,Finished,1.0,89.705,88.924,88.2,,0.0
2022,2,Saudi Arabian Grand Prix,Saudi Arabia,2022-03-27 00:00:00,Saudi Arabian Grand Prix,RUS,63,Mercedes,6.0,5.0,10.0,0,Finished,6.0,89.68,89.618,89.104,,0.0
2022,2,Saudi Arabian Grand Prix,Saudi Arabia,2022-03-27 00:00:00,Saudi Arabian Grand Prix,OCO,31,Alpine,5.0,6.0,8.0,0,Finished,5.0,90.093,89.584,89.068,,0.0
2022,2,Saudi Arabian Grand Prix,Saudi Arabia,2022-03-27 00:00:00,Saudi Arabian Grand Prix,NOR,4,McLaren,11.0,7.0,6.0,0,Finished,11.0,89.957,89.651,,,0.0
2022,2,Saudi Arabian Grand Prix,Saudi Arabia,2022-03-27 00:00:00,Saudi Arabian Grand Prix,GAS,10,AlphaTauri,9.0,8.0,4.0,0,Finished,9.0,89.891,89.418,89.254,,0.0
2022,2,Saudi Arabian Grand Prix,Saudi Arabia,2022-03-27 00:00:00,Saudi Arabian Grand Prix,MAG,20,Haas F1 Team,10.0,9.0,2.0,0,Finished,10.0,89.831,89.546,89.588,,0.0
2022,2,Saudi Arabian Grand Prix,Saudi Arabia,2022-03-27 00:00:00,Saudi Arabian Grand Prix,HAM,44,Mercedes,15.0,10.0,1.0,0,Finished,16.0,90.343,,,,0.0
2022,2,Saudi Arabian Grand Prix,Saudi Arabia,2022-03-27 00:00:00,Saudi Arabian Grand Prix,ZHO,24,Alfa Romeo,12.0,11.0,0.0,0,Finished,13.0,89.978,89.819,,,0.0
2022,2,Saudi Arabian Grand Prix,Saudi Arabia,2022-03-27 00:00:00,Saudi Arabian Grand Prix,HUL,27,Aston Martin,17.0,12.0,0.0,0,Finished,18.0,90.543,,,,0.0
2022,2,Saudi Arabian Grand Prix,Saudi Arabia,2022-03-27 00:00:00,Saudi Arabian Grand Prix,STR,18,Aston Martin,13.0,13.0,0.0,0,+1 Lap,15.0,90.256,91.009,,,0.0
2022,2,Saudi Arabian Grand Prix,Saudi Arabia,2022-03-27 00:00:00,Saudi Arabian Grand Prix,ALB,23,Williams,16.0,14.0,0.0,1,Collision damage,17.0,90.492,,,,0.0
2022,2,Saudi Arabian Grand Prix,Saudi Arabia,2022-03-27 00:00:00,Saudi Arabian Grand Prix,BOT,77,Alfa Romeo,8.0,15.0,0.0,1,Cooling system,8.0,89.683,89.404,89.183,,0.0
2022,2,Saudi Arabian Grand Prix,Saudi Arabia,2022-03-27 00:00:00,Saudi Arabian Grand Prix,ALO,14,Alpine,7.0,16.0,0.0,1,Water pump,7.0,89.978,89.295,89.147,,0.0
2022,2,Saudi Arabian Grand Prix,Saudi Arabia,2022-03-27 00:00:00,Saudi Arabian Grand Prix,RIC,3,McLaren,14.0,17.0,0.0,1,Gearbox,12.0,90.009,89.773,,,0.0
2022,2,Saudi Arabian Grand Prix,Saudi Arabia,2022-03-27 00:00:00,Saudi Arabian Grand Prix,LAT,6,Williams,18.0,18.0,0.0,1,Accident,19.0,91.817,,,,0.0
2022,2,Saudi Arabian Grand Prix,Saudi Arabia,2022-03-27 00:00:00,Saudi Arabian Grand Prix,TSU,22,AlphaTauri,19.0,19.0,0.0,1,Power Unit,20.0,,,,,0.0
2022,2,Saudi Arabian Grand Prix,Saudi Arabia,2022-03-27 00:00:00,Saudi Arabian Grand Prix,MSC,47,Haas F1 Team,20.0,20.0,0.0,1,Withdrew,14.0,90.167,89.92,,,0.0
2022,3,Australian Grand Prix,Australia,2022-04-10 00:00:00,Australian Grand Prix,LEC,16,Ferrari,1.0,1.0,26.0,0,Finished,1.0,78.881,78.606,77.868,,0.0
2022,3,Australian Grand Prix,Australia,2022-04-10 00:00:00,Australian Grand Prix,PER,11,Red Bull Racing,3.0,2.0,18.0,0,Finished,3.0,78.834,78.34,78.24,,0.0
2022,3,Australian Grand Prix,Australia,2022-04-10 00:00:00,Australian Grand Prix,RUS,63,Mercedes,6.0,3.0,15.0,0,Finished,6.0,79.405,79.076,78.933,,0.0
2022,3,Australian Grand Prix,Australia,2022-04-10 00:00:00,Australian Grand Prix,HAM,44,Mercedes,5.0,4.0,12.0,0,Finished,5.0,79.401,79.106,78.825,,0.0
2022,3,Australian Grand Prix,Australia,2022-04-10 00:00:00,Australian Grand Prix,NOR,4,McLaren,4.0,5.0,10.0,0,Finished,4.0,79.28,79.066,78.703,,0.0
2022,3,Australian Grand Prix,Australia,2022-04-10 00:00:00,Australian Grand Prix,RIC,3,McLaren,7.0,6.0,8.0,0,Finished,7.0,79.665,79.13,79.032,,0.0
2022,3,Australian Grand Prix,Australia,2022-04-10 00:00:00,Australian Grand Prix,OCO,31,Alpine,8.0,7.0,6.0,0,Finished,8.0,79.605,79.136,79.061,,0.0
2022,3,Australian Grand Prix,Australia,2022-04-10 00:00:00,Australian Grand Prix,BOT,77,Alfa Romeo,12.0,8.0,4.0,0,Finished,12.0,79.251,79.41,,,0.0
2022,3,Australian Grand Prix,Australia,2022-04-10 00:00:00,Australian Grand Prix,GAS,10,AlphaTauri,11.0,9.0,2.0,0,Finished,11.0,79.58,79.226,,,0.0
2022,3,Australian Grand Prix,Australia,2022-04-10 00:00:00,Australian Grand Prix,ALB,23,Williams,20.0,10.0,1.0,0,Finished,16.0,80.135,,,,0.0
2022,3,Australian Grand Prix,Australia,2022-04-10 00:00:00,Australian Grand Prix,ZHO,24,Alfa Romeo,14.0,11.0,0.0,0,Finished,14.0,79.91,80.155,,,0.0
2022,3,Australian Grand Prix,Australia,2022-04-10 00:00:00,Australian Grand Prix,STR,18,Aston Martin,19.0,12.0,0.0,0,Finished,20.0,,,,,0.0
2022,3,Australian Grand Prix,Australia,2022-04-10 00:00:00,Australian Grand Prix,MSC,47,Haas F1 Team,15.0,13.0,0.0,0,+1 Lap,15.0,80.104,80.465,,,0.0
2022,3,Australian Grand Prix,Australia,2022-04-10 00:00:00,Australian Grand Prix,MAG,20,Haas F1 Team,16.0,14.0,0.0,0,+1 Lap,17.0,80.254,,,,0.0
2022,3,Australian Grand Prix,Australia,2022-04-10 00:00:00,Australian Grand Prix,TSU,22,AlphaTauri,13.0,15.0,0.0,0,+1 Lap,13.0,79.742,79.424,,,0.0
2022,3,Australian Grand Prix,Australia,2022-04-10 00:00:00,Australian Grand Prix,LAT,6,Williams,18.0,16.0,0.0,0,+1 Lap,19.0,81.372,,,,0.0
2022,3,Australian Grand Prix,Australia,2022-04-10 00:00:00,Australian Grand Prix,ALO,14,Alpine,10.0,17.0,0.0,0,+1 Lap,10.0,79.192,78.815,,,0.0
2022,3,Australian Grand Prix,Australia,2022-04-10 00:00:00,Australian Grand Prix,VER,1,Red Bull Racing,2.0,18.0,0.0,1,Fuel leak,2.0,78.58,78.611,78.154,,0.0
2022,3,Australian Grand Prix,Australia,2022-04-10 00:00:00,Australian Grand Prix,VET,5,Aston Martin,17.0,19.0,0.0,1,Accident,18.0,81.149,,,,0.0
2022,3,Australian Grand Prix,Australia,2022-04-10 00:00:00,Australian Grand Prix,SAI,55,Ferrari,9.0,20.0,0.0,1,Spun off,9.0,78.983,78.469,79.408,,0.0
2022,4,Emilia Romagna Grand Prix,Italy,2022-04-24 00:00:00,Emilia Romagna Grand Prix,VER,1,Red Bull Racing,1.0,1.0,26.0,0,Finished,1.0,79.295,78.793,87.999,1.0,8.0
2022,4,Emilia Romagna Grand Prix,Italy,2022-04-24 00:00:00,Emilia Romagna Grand Prix,PER,11,Red Bull Racing,3.0,2.0,18.0,0,Finished,7.0,79.773,79.296,89.808,3.0,6.0
2022,4,Emilia Romagna Grand Prix,Italy,2022-04-24 00:00:00,Emilia Romagna Grand Prix,NOR,4,McLaren,5.0,3.0,15.0,0,Finished,3.0,80.168,79.294,89.131,5.0,4.0
2022,4,Emilia Romagna Grand Prix,Italy,2022-04-24 00:00:00,Emilia Romagna Grand Prix,RUS,63,Mercedes,11.0,4.0,12.0,0,Finished,11.0,80.383,80.757,,11.0,0.0
2022,4,Emilia Romagna Grand Prix,Italy,2022-04-24 00:00:00,Emilia Romagna Grand Prix,BOT,77,Alfa Romeo,7.0,5.0,10.0,0,Finished,8.0,80.419,80.192,90.439,7.0,2.0
2022,4,Emilia Romagna Grand Prix,Italy,2022-04-24 00:00:00,Emilia Romagna Grand Prix,LEC,16,Ferrari,2.0,6.0,8.0,0,Finished,2.0,78.796,79.584,88.778,2.0,7.0
2022,4,Emilia Romagna Grand Prix,Italy,2022-04-24 00:00:00,Emilia Romagna Grand Prix,TSU,22,AlphaTauri,12.0,7.0,6.0,0,Finished,16.0,80.474,,,12.0,0.0
2022,4,Emilia Romagna Grand Prix,Italy,2022-04-24 00:00:00,Emilia Romagna Grand Prix,VET,5,Aston Martin,13.0,8.0,4.0,0,Finished,9.0,80.364,79.957,91.062,13.0,0.0
2022,4,Emilia Romagna Grand Prix,Italy,2022-04-24 00:00:00,Emilia Romagna Grand Prix,MAG,20,Haas F1 Team,8.0,9.0,2.0,0,Finished,4.0,80.147,79.902,89.164,8.0,1.0
2022,4,Emilia Romagna Grand Prix,Italy,2022-04-24 00:00:00,Emilia Romagna Grand Prix,STR,18,Aston Martin,15.0,10.0,1.0,0,+1 Lap,15.0,80.342,88.119,,15.0,0.0
2022,4,Emilia Romagna Grand Prix,Italy,2022-04-24 00:00:00,Emilia Romagna Grand Prix,ALB,23,Williams,18.0,11.0,0.0,0,+1 Lap,20.0,,,,18.0,0.0
2022,4,Emilia Romagna Grand Prix,Italy,2022-04-24 00:00:00,Emilia Romagna Grand Prix,GAS,10,AlphaTauri,17.0,12.0,0.0,0,+1 Lap,17.0,80.732,,,17.0,0.0
2022,4,Emilia Romagna Grand Prix,Italy,2022-04-24 00:00:00,Emilia Romagna Grand Prix,HAM,44,Mercedes,14.0,13.0,0.0,0,+1 Lap,13.0,80.47,81.138,,14.0,0.0
2022,4,Emilia Romagna Grand Prix,Italy,2022-04-24 00:00:00,Emilia Romagna Grand Prix,OCO,31,Alpine,16.0,14.0,0.0,0,+1 Lap,19.0,82.338,,,16.0,0.0
2022,4,Emilia Romagna Grand Prix,Italy,2022-04-24 00:00:00,Emilia Romagna Grand Prix,ZHO,24,Alfa Romeo,20.0,15.0,0.0,0,+1 Lap,14.0,79.73,81.434,,20.0,0.0
2022,4,Emilia Romagna Grand Prix,Italy,2022-04-24 00:00:00,Emilia Romagna Grand Prix,LAT,6,Williams,19.0,16.0,0.0,0,+1 Lap,18.0,81.971,,,19.0,0.0
2022,4,Emilia Romagna Grand Prix,Italy,2022-04-24 00:00:00,Emilia Romagna Grand Prix,MSC,47,Haas F1 Team,10.0,17.0,0.0,0,+1 Lap,12.0,80.422,80.916,,10.0,0.0
2022,4,Emilia Romagna Grand Prix,Italy,2022-04-24 00:00:00,Emilia Romagna Grand Prix,RIC,3,McLaren,6.0,18.0,0.0,0,+1 Lap,6.0,79.98,80.031,89.742,6.0,3.0
2022,4,Emilia Romagna Grand Prix,Italy,2022-04-24 00:00:00,Emilia Romagna Grand Prix,ALO,14,Alpine,9.0,19.0,0.0,1,Collision damage,5.0,80.198,79.595,89.202,9.0,0.0
2022,4,Emilia Romagna Grand Prix,Italy,2022-04-24 00:00:00,Emilia Romagna Grand Prix,SAI,55,Ferrari,4.0,20.0,0.0,1,Collision,10.0,79.305,78.99,,4.0,5.0
2022,5,Miami Grand Prix,United States,2022-05-08 00:00:00,Miami Grand Prix,VER,1,Red Bull Racing,3.0,1.0,26.0,0,Finished,3.0,89.836,89.202,88.991,,0.0
2022,5,Miami Grand Prix,United States,2022-05-08 00:00:00,Miami Grand Prix,LEC,16,Ferrari,1.0,2.0,18.0,0,Finished,1.0,89.474,89.13,88.796,,0.0
2022,5,Miami Grand Prix,United States,2022-05-08 00:00:00,Miami Grand Prix,SAI,55,Ferrari,2.0,3.0,15.0,0,Finished,2.0,90.079,89.729,88.986,,0.0
2022,5,Miami Grand Prix,United States,2022-05-08 00:00:00,Miami Grand Prix,PER,11,Red Bull Racing,4.0,4.0,12.0,0,Finished,4.0,90.055,89.673,89.036,,0.0
2022,5,Miami Grand Prix,United States,2022-05-08 00:00:00,Miami Grand Prix,RUS,63,Mercedes,12.0,5.0,10.0,0,Finished,12.0,90.49,90.173,,,0.0
2022,5,Miami Grand Prix,United States,2022-05-08 00:00:00,Miami Grand Prix,HAM,44,Mercedes,6.0,6.0,8.0,0,Finished,6.0,90.388,89.797,89.625,,0.0
2022,5,Miami Grand Prix,United States,2022-05-08 00:00:00,Miami Grand Prix,BOT,77,Alfa Romeo,5.0,7.0,6.0,0,Finished,5.0,90.845,89.751,89.475,,0.0
2022,5,Miami Grand Prix,United States,2022-05-08 00:00:00,Miami Grand Prix,OCO,31,Alpine,20.0,8.0,4.0,0,Finished,20.0,,,,,0.0
2022,5,Miami Grand Prix,United States,2022-05-08 00:00:00,Miami Grand Prix,ALB,23,Williams,18.0,9.0,2.0,0,Finished,18.0,91.266,,,,0.0
2022,5,Miami Grand Prix,United States,2022-05-08 00:00:00,Miami Grand Prix,STR,18,Aston Martin,20.0,10.0,1.0,0,Finished,10.0,90.441,89.996,90.676,,0.0
2022,5,Miami Grand Prix,United States,2022-05-08 00:00:00,Miami Grand Prix,ALO,14,Alpine,11.0,11.0,0.0,0,Finished,11.0,90.407,90.16,,,0.0
2022,5,Miami Grand Prix,United States,2022-05-08 00:00:00,Miami Grand Prix,TSU,22,AlphaTauri,9.0,12.0,0.0,0,Finished,9.0,90.485,90.031,89.932,,0.0
2022,5,Miami Grand Prix,United States,2022-05-08 00:00:00,Miami Grand Prix,RIC,3,McLaren,14.0,13.0,0.0,0,Finished,14.0,90.583,90.31,,,0.0
2022,5,Miami Grand Prix,United States,2022-05-08 00:00:00,Miami Grand Prix,LAT,6,Williams,19.0,14.0,0.0,0,Finished,19.0,91.325,,,,0.0
2022,5,Miami Grand Prix,United States,2022-05-08 00:00:00,Miami Grand Prix,MSC,47,Haas F1 Team,15.0,15.0,0.0,0,Finished,15.0,90.645,90.423,,,0.0
2022,5,Miami Grand Prix,United States,2022-05-08 00:00:00,Miami Grand Prix,MAG,20,Haas F1 Team,16.0,16.0,0.0,1,Front wing,16.0,90.975,,,,0.0
2022,5,Miami Grand Prix,United States,2022-05-08 00:00:00,Miami Grand Prix,VET,5,Aston Martin,20.0,17.0,0.0,1,Collision,13.0,90.677,90.214,,,0.0
2022,5,Miami Grand Prix,United States,2022-05-08 00:00:00,Miami Grand Prix,GAS,10,AlphaTauri,7.0,18.0,0.0,1,Suspension,7.0,90.779,90.128,89.69,,0.0
2022,5,Miami Grand Prix,United States,2022-05-08 00:00:00,Miami Grand Prix,NOR,4,McLaren,8.0,19.0,0.0,1,Collision,8.0,90.761,89.634,89.75,,0.0
2022,5,Miami Grand Prix,United States,2022-05-08 00:00:00,Miami Grand Prix,ZHO,24,Alfa Romeo,17.0,20.0,0.0,1,Water leak,17.0,91.02,,,,0.0
2022,6,Spanish Grand Prix,Spain,2022-05-22 00:00:00,Spanish Grand Prix,VER,1,Red Bull Racing,2.0,1.0,25.0,0,Finished,2.0,80.091,79.219,79.073,,0.0
2022,6,Spanish Grand Prix,Spain,2022-05-22 00:00:00,Spanish Grand Prix,PER,11,Red Bull Racing,5.0,2.0,19.0,0,Finished,5.0,80.447,79.83,79.42,,0.0
2022,6,Spanish Grand Prix,Spain,2022-05-22 00:00:00,Spanish Grand Prix,RUS,63,Mercedes,4.0,3.0,15.0,0,Finished,4.0,80.218,79.47,79.393,,0.0
2022,6,Spanish Grand Prix,Spain,2022-05-22 00:00:00,Spanish Grand Prix,SAI,55,Ferrari,3.0,4.0,12.0,0,Finished,3.0,79.892,79.453,79.166,,0.0
2022,6,Spanish Grand Prix,Spain,2022-05-22 00:00:00,Spanish Grand Prix,HAM,44,Mercedes,6.0,5.0,10.0,0,Finished,6.0,80.252,79.794,79.512,,0.0
2022,6,Spanish Grand Prix,Spain,2022-05-22 00:00:00,Spanish Grand Prix,BOT,77,Alfa Romeo,7.0,6.0,8.0,0,Finished,7.0,80.355,80.053,79.608,,0.0
2022,6,Spanish Grand Prix,Spain,2022-05-22 00:00:00,Spanish Grand Prix,OCO,31,Alpine,12.0,7.0,6.0,0,Finished,12.0,80.88,80.638,,,0.0
2022,6,Spanish Grand Prix,Spain,2022-05-22 00:00:00,Spanish Grand Prix,NOR,4,McLaren,11.0,8.0,4.0,0,Finished,11.0,80.838,80.471,,,0.0
2022,6,Spanish Grand Prix,Spain,2022-05-22 00:00:00,Spanish Grand Prix,ALO,14,Alpine,20.0,9.0,2.0,0,+1 Lap,17.0,81.043,,,,0.0
2022,6,Spanish Grand Prix,Spain,2022-05-22 00:00:00,Spanish Grand Prix,TSU,22,AlphaTauri,13.0,10.0,1.0,0,+1 Lap,13.0,80.707,80.639,,,0.0
2022,6,Spanish Grand Prix,Spain,2022-05-22 00:00:00,Spanish Grand Prix,VET,5,Aston Martin,16.0,11.0,0.0,0,+1 Lap,16.0,80.954,,,,0.0
2022,6,Spanish Grand Prix,Spain,2022-05-22 00:00:00,Spanish Grand Prix,RIC,3,McLaren,9.0,12.0,0.0,0,+1 Lap,9.0,80.549,80.287,80.297,,0.0
2022,6,Spanish Grand Prix,Spain,2022-05-22 00:00:00,Spanish Grand Prix,GAS,10,AlphaTauri,14.0,13.0,0.0,0,+1 Lap,14.0,80.719,80.861,,,0.0
2022,6,Spanish Grand Prix,Spain,2022-05-22 00:00:00,Spanish Grand Prix,MSC,47,Haas F1 Team,10.0,14.0,0.0,0,+1 Lap,10.0,80.683,80.436,80.368,,0.0
2022,6,Spanish Grand Prix,Spain,2022-05-22 00:00:00,Spanish Grand Prix,STR,18,Aston Martin,17.0,15.0,0.0,0,+1 Lap,18.0,81.418,,,,0.0
2022,6,Spanish Grand Prix,Spain,2022-05-22 00:00:00,Spanish Grand Prix,LAT,6,Williams,19.0,16.0,0.0,0,+2 Laps,20.0,81.915,,,,0.0
2022,6,Spanish Grand Prix,Spain,2022-05-22 00:00:00,Spanish Grand Prix,MAG,20,Haas F1 Team,8.0,17.0,0.0,0,+2 Laps,8.0,80.227,79.81,79.682,,0.0
2022,6,Spanish Grand Prix,Spain,2022-05-22 00:00:00,Spanish Grand Prix,ALB,23,Williams,18.0,18.0,0.0,0,+2 Laps,19.0,81.645,,,,0.0
2022,6,Spanish Grand Prix,Spain,2022-05-22 00:00:00,Spanish Grand Prix,ZHO,24,Alfa Romeo,15.0,19.0,0.0,1,Power loss,15.0,80.476,81.094,,,0.0
2022,6,Spanish Grand Prix,Spain,2022-05-22 00:00:00,Spanish Grand Prix,LEC,16,Ferrari,1.0,20.0,0.0,1,Turbo,1.0,79.861,79.969,78.75,,0.0
2022,7,Monaco Grand Prix,Monaco,2022-05-29 00:00:00,Monaco Grand Prix,PER,11,Red Bull Racing,3.0,1.0,25.0,0,Finished,3.0,73.004,71.954,71.629,,0.0
2022,7,Monaco Grand Prix,Monaco,2022-05-29 00:00:00,Monaco Grand Prix,SAI,55,Ferrari,2.0,2.0,18.0,0,Finished,2.0,72.616,72.074,71.601,,0.0
2022,7,Monaco Grand Prix,Monaco,2022-05-29 00:00:00,Monaco Grand Prix,VER,1,Red Bull Racing,4.0,3.0,15.0,0,Finished,4.0,72.993,72.117,71.666,,0.0
2022,7,Monaco Grand Prix,Monaco,2022-05-29 00:00:00,Monaco Grand Prix,LEC,16,Ferrari,1.0,4.0,12.0,0,Finished,1.0,72.569,71.864,71.376,,0.0
2022,7,Monaco Grand Prix,Monaco,2022-05-29 00:00:00,Monaco Grand Prix,RUS,63,Mercedes,6.0,5.0,10.0,0,Finished,6.0,72.787,72.617,72.112,,0.0
2022,7,Monaco Grand Prix,Monaco,2022-05-29 00:00:00,Monaco Grand Prix,NOR,4,McLaren,5.0,6.0,9.0,0,Finished,5.0,72.927,72.266,71.849,,0.0
2022,7,Monaco Grand Prix,Monaco,2022-05-29 00:00:00,Monaco Grand Prix,ALO,14,Alpine,7.0,7.0,6.0,0,Finished,7.0,73.394,72.688,72.247,,0.0
2022,7,Monaco Grand Prix,Monaco,2022-05-29 00:00:00,Monaco Grand Prix,HAM,44,Mercedes,8.0,8.0,4.0,0,Finished,8.0,73.444,72.595,72.56,,0.0
2022,7,Monaco Grand Prix,Monaco,2022-05-29 00:00:00,Monaco Grand Prix,BOT,77,Alfa Romeo,12.0,9.0,2.0,0,Finished,12.0,73.541,72.909,,,0.0
2022,7,Monaco Grand Prix,Monaco,2022-05-29 00:00:00,Monaco Grand Prix,VET,5,Aston Martin,9.0,10.0,1.0,0,Finished,9.0,73.313,72.613,72.732,,0.0
2022,7,Monaco Grand Prix,Monaco,2022-05-29 00:00:00,Monaco Grand Prix,GAS,10,AlphaTauri,17.0,11.0,0.0,0,Finished,17.0,73.66,,,,0.0
2022,7,Monaco Grand Prix,Monaco,2022-05-29 00:00:00,Monaco Grand Prix,OCO,31,Alpine,10.0,12.0,0.0,0,Finished,10.0,72.848,72.528,73.047,,0.0
2022,7,Monaco Grand Prix,Monaco,2022-05-29 00:00:00,Monaco Grand Prix,RIC,3,McLaren,14.0,13.0,0.0,0,Finished,14.0,73.338,72.964,,,0.0
2022,7,Monaco Grand Prix,Monaco,2022-05-29 00:00:00,Monaco Grand Prix,STR,18,Aston Martin,18.0,14.0,0.0,0,Finished,18.0,73.678,,,,0.0
2022,7,Monaco Grand Prix,Monaco,2022-05-29 00:00:00,Monaco Grand Prix,LAT,6,Williams,19.0,15.0,0.0,0,+1 Lap,19.0,74.403,,,,0.0
2022,7,Monaco Grand Prix,Monaco,2022-05-29 00:00:00,Monaco Grand Prix,ZHO,24,Alfa Romeo,20.0,16.0,0.0,0,+1 Lap,20.0,75.606,,,,0.0
2022,7,Monaco Grand Prix,Monaco,2022-05-29 00:00:00,Monaco Grand Prix,TSU,22,AlphaTauri,11.0,17.0,0.0,0,+1 Lap,11.0,73.11,72.797,,,0.0
2022,7,Monaco Grand Prix,Monaco,2022-05-29 00:00:00,Monaco Grand Prix,ALB,23,Williams,16.0,18.0,0.0,1,Mechanical,16.0,73.611,,,,0.0
2022,7,Monaco Grand Prix,Monaco,2022-05-29 00:00:00,Monaco Grand Prix,MSC,47,Haas F1 Team,15.0,19.0,0.0,1,Accident,15.0,73.469,73.081,,,0.0
2022,7,Monaco Grand Prix,Monaco,2022-05-29 00:00:00,Monaco Grand Prix,MAG,20,Haas F1 Team,13.0,20.0,0.0,1,Water pressure,13.0,73.069,72.921,,,0.0
2022,8,Azerbaijan Grand Prix,Azerbaijan,2022-06-12 00:00:00,Azerbaijan Grand Prix,VER,1,Red Bull Racing,3.0,1.0,25.0,0,Finished,3.0,102.722,102.227,101.706,,0.0
2022,8,Azerbaijan Grand Prix,Azerbaijan,2022-06-12 00:00:00,Azerbaijan Grand Prix,PER,11,Red Bull Racing,2.0,2.0,19.0,0,Finished,2.0,102.733,101.955,101.641,,0.0
2022,8,Azerbaijan Grand Prix,Azerbaijan,2022-06-12 00:00:00,Azerbaijan Grand Prix,RUS,63,Mercedes,5.0,3.0,15.0,0,Finished,5.0,103.754,103.281,102.712,,0.0
2022,8,Azerbaijan Grand Prix,Azerbaijan,2022-06-12 00:00:00,Azerbaijan Grand Prix,HAM,44,Mercedes,7.0,4.0,12.0,0,Finished,7.0,103.939,103.182,102.924,,0.0
2022,8,Azerbaijan Grand Prix,Azerbaijan,2022-06-12 00:00:00,Azerbaijan Grand Prix,GAS,10,AlphaTauri,6.0,5.0,10.0,0,Finished,6.0,103.268,103.129,102.845,,0.0
2022,8,Azerbaijan Grand Prix,Azerbaijan,2022-06-12 00:00:00,Azerbaijan Grand Prix,VET,5,Aston Martin,9.0,6.0,8.0,0,Finished,9.0,103.279,103.268,103.091,,0.0
2022,8,Azerbaijan Grand Prix,Azerbaijan,2022-06-12 00:00:00,Azerbaijan Grand Prix,ALO,14,Alpine,10.0,7.0,6.0,0,Finished,10.0,104.083,103.36,103.173,,0.0
2022,8,Azerbaijan Grand Prix,Azerbaijan,2022-06-12 00:00:00,Azerbaijan Grand Prix,RIC,3,McLaren,12.0,8.0,4.0,0,Finished,12.0,104.437,103.574,,,0.0
2022,8,Azerbaijan Grand Prix,Azerbaijan,2022-06-12 00:00:00,Azerbaijan Grand Prix,NOR,4,McLaren,11.0,9.0,2.0,0,Finished,11.0,104.237,103.398,,,0.0
2022,8,Azerbaijan Grand Prix,Azerbaijan,2022-06-12 00:00:00,Azerbaijan Grand Prix,OCO,31,Alpine,13.0,10.0,1.0,0,Finished,13.0,103.903,103.585,,,0.0
2022,8,Azerbaijan Grand Prix,Azerbaijan,2022-06-12 00:00:00,Azerbaijan Grand Prix,BOT,77,Alfa Romeo,15.0,11.0,0.0,0,+1 Lap,15.0,104.478,104.444,,,0.0
2022,8,Azerbaijan Grand Prix,Azerbaijan,2022-06-12 00:00:00,Azerbaijan Grand Prix,ALB,23,Williams,17.0,12.0,0.0,0,+1 Lap,17.0,104.719,,,,0.0
2022,8,Azerbaijan Grand Prix,Azerbaijan,2022-06-12 00:00:00,Azerbaijan Grand Prix,TSU,22,AlphaTauri,8.0,13.0,0.0,0,+1 Lap,8.0,103.595,103.376,103.056,,0.0
2022,8,Azerbaijan Grand Prix,Azerbaijan,2022-06-12 00:00:00,Azerbaijan Grand Prix,MSC,47,Haas F1 Team,20.0,14.0,0.0,0,+1 Lap,20.0,105.775,,,,0.0
2022,8,Azerbaijan Grand Prix,Azerbaijan,2022-06-12 00:00:00,Azerbaijan Grand Prix,LAT,6,Williams,18.0,15.0,0.0,0,+1 Lap,18.0,105.367,,,,0.0
2022,8,Azerbaijan Grand Prix,Azerbaijan,2022-06-12 00:00:00,Azerbaijan Grand Prix,STR,18,Aston Martin,19.0,16.0,0.0,1,Vibrations,19.0,105.371,,,,0.0
2022,8,Azerbaijan Grand Prix,Azerbaijan,2022-06-12 00:00:00,Azerbaijan Grand Prix,MAG,20,Haas F1 Team,16.0,17.0,0.0,1,Power Unit,16.0,104.643,,,,0.0
2022,8,Azerbaijan Grand Prix,Azerbaijan,2022-06-12 00:00:00,Azerbaijan Grand Prix,ZHO,24,Alfa Romeo,14.0,18.0,0.0,1,Hydraulics,14.0,103.777,103.79,,,0.0
2022,8,Azerbaijan Grand Prix,Azerbaijan,2022-06-12 00:00:00,Azerbaijan Grand Prix,LEC,16,Ferrari,1.0,19.0,0.0,1,Power Unit,1.0,102.865,102.046,101.359,,0.0
2022,8,Azerbaijan Grand Prix,Azerbaijan,2022-06-12 00:00:00,Azerbaijan Grand Prix,SAI,55,Ferrari,4.0,20.0,0.0,1,Hydraulics,4.0,102.957,102.088,101.814,,0.0
2022,9,Canadian Grand Prix,Canada,2022-06-19 00:00:00,Canadian Grand Prix,VER,1,Red Bull Racing,1.0,1.0,25.0,0,Finished,1.0,92.219,83.746,81.299,,0.0
2022,9,Canadian Grand Prix,Canada,2022-06-19 00:00:00,Canadian Grand Prix,SAI,55,Ferrari,3.0,2.0,19.0,0,Finished,3.0,92.781,85.197,82.096,,0.0
2022,9,Canadian Grand Prix,Canada,2022-06-19 00:00:00,Canadian Grand Prix,HAM,44,Mercedes,4.0,3.0,15.0,0,Finished,4.0,93.841,85.543,82.891,,0.0
2022,9,Canadian Grand Prix,Canada,2022-06-19 00:00:00,Canadian Grand Prix,RUS,63,Mercedes,8.0,4.0,12.0,0,Finished,8.0,93.16,84.95,83.557,,0.0
2022,9,Canadian Grand Prix,Canada,2022-06-19 00:00:00,Canadian Grand Prix,LEC,16,Ferrari,19.0,5.0,10.0,0,Finished,15.0,93.008,,,,0.0
2022,9,Canadian Grand Prix,Canada,2022-06-19 00:00:00,Canadian Grand Prix,OCO,31,Alpine,7.0,6.0,8.0,0,Finished,7.0,93.012,86.135,83.529,,0.0
2022,9,Canadian Grand Prix,Canada,2022-06-19 00:00:00,Canadian Grand Prix,BOT,77,Alfa Romeo,11.0,7.0,6.0,0,Finished,11.0,93.689,86.788,,,0.0
2022,9,Canadian Grand Prix,Canada,2022-06-19 00:00:00,Canadian Grand Prix,ZHO,24,Alfa Romeo,10.0,8.0,4.0,0,Finished,10.0,93.692,86.116,84.03,,0.0
2022,9,Canadian Grand Prix,Canada,2022-06-19 00:00:00,Canadian Grand Prix,ALO,14,Alpine,2.0,9.0,2.0,0,Finished,2.0,92.277,84.848,81.944,,0.0
2022,9,Canadian Grand Prix,Canada,2022-06-19 00:00:00,Canadian Grand Prix,STR,18,Aston Martin,17.0,10.0,1.0,0,Finished,18.0,95.532,,,,0.0
2022,9,Canadian Grand Prix,Canada,2022-06-19 00:00:00,Canadian Grand Prix,RIC,3,McLaren,9.0,11.0,0.0,0,Finished,9.0,93.636,86.375,83.749,,0.0
2022,9,Canadian Grand Prix,Canada,2022-06-19 00:00:00,Canadian Grand Prix,VET,5,Aston Martin,16.0,12.0,0.0,0,Finished,17.0,94.512,,,,0.0
2022,9,Canadian Grand Prix,Canada,2022-06-19 00:00:00,Canadian Grand Prix,ALB,23,Williams,12.0,13.0,0.0,0,Finished,12.0,94.047,86.858,,,0.0
2022,9,Canadian Grand Prix,Canada,2022-06-19 00:00:00,Canadian Grand Prix,GAS,10,AlphaTauri,15.0,14.0,0.0,0,Finished,16.0,94.492,,,,0.0
2022,9,Canadian Grand Prix,Canada,2022-06-19 00:00:00,Canadian Grand Prix,NOR,4,McLaren,14.0,15.0,0.0,0,Finished,14.0,94.066,,,,0.0
2022,9,Canadian Grand Prix,Canada,2022-06-19 00:00:00,Canadian Grand Prix,LAT,6,Williams,18.0,16.0,0.0,0,Finished,19.0,95.66,,,,0.0
2022,9,Canadian Grand Prix,Canada,2022-06-19 00:00:00,Canadian Grand Prix,MAG,20,Haas F1 Team,5.0,17.0,0.0,0,Finished,5.0,92.957,86.254,82.96,,0.0
2022,9,Canadian Grand Prix,Canada,2022-06-19 00:00:00,Canadian Grand Prix,TSU,22,AlphaTauri,20.0,18.0,0.0,1,Accident,20.0,96.575,,,,0.0
2022,9,Canadian Grand Prix,Canada,2022-06-19 00:00:00,Canadian Grand Prix,MSC,47,Haas F1 Team,6.0,19.0,0.0,1,Engine,6.0,93.707,85.684,83.356,,0.0
2022,9,Canadian Grand Prix,Canada,2022-06-19 00:00:00,Canadian Grand Prix,PER,11,Red Bull Racing,13.0,20.0,0.0,1,Gearbox,13.0,93.929,93.127,,,0.0
2022,10,British Grand Prix,Great Britain,2022-07-03 00:00:00,British Grand Prix,SAI,55,Ferrari,1.0,1.0,25.0,0,Finished,1.0,100.19,101.602,100.983,,0.0
2022,10,British Grand Prix,Great Britain,2022-07-03 00:00:00,British Grand Prix,PER,11,Red Bull Racing,4.0,2.0,18.0,0,Finished,4.0,100.521,102.513,101.616,,0.0
2022,10,British Grand Prix,Great Britain,2022-07-03 00:00:00,British Grand Prix,HAM,44,Mercedes,5.0,3.0,16.0,0,Finished,5.0,100.428,101.062,101.995,,0.0
2022,10,British Grand Prix,Great Britain,2022-07-03 00:00:00,British Grand Prix,LEC,16,Ferrari,3.0,4.0,12.0,0,Finished,3.0,99.846,101.247,101.298,,0.0
2022,10,British Grand Prix,Great Britain,2022-07-03 00:00:00,British Grand Prix,ALO,14,Alpine,7.0,5.0,10.0,0,Finished,7.0,101.598,102.209,102.116,,0.0
2022,10,British Grand Prix,Great Britain,2022-07-03 00:00:00,British Grand Prix,NOR,4,McLaren,6.0,6.0,8.0,0,Finished,6.0,101.515,101.821,102.084,,0.0
2022,10,British Grand Prix,Great Britain,2022-07-03 00:00:00,British Grand Prix,VER,1,Red Bull Racing,2.0,7.0,6.0,0,Finished,2.0,99.129,100.655,101.055,,0.0
2022,10,British Grand Prix,Great Britain,2022-07-03 00:00:00,British Grand Prix,MSC,47,Haas F1 Team,19.0,8.0,4.0,0,Finished,19.0,102.708,,,,0.0
2022,10,British Grand Prix,Great Britain,2022-07-03 00:00:00,British Grand Prix,VET,5,Aston Martin,18.0,9.0,2.0,0,Finished,18.0,102.666,,,,0.0
2022,10,British Grand Prix,Great Britain,2022-07-03 00:00:00,British Grand Prix,MAG,20,Haas F1 Team,17.0,10.0,1.0,0,Finished,17.0,102.159,,,,0.0
2022,10,British Grand Prix,Great Britain,2022-07-03 00:00:00,British Grand Prix,STR,18,Aston Martin,20.0,11.0,0.0,0,Finished,20.0,103.43,,,,0.0
2022,10,British Grand Prix,Great Britain,2022-07-03 00:00:00,British Grand Prix,LAT,6,Williams,10.0,12.0,0.0,0,Finished,10.0,101.998,103.273,123.095,,0.0
2022,10,British Grand Prix,Great Britain,2022-07-03 00:00:00,British Grand Prix,RIC,3,McLaren,14.0,13.0,0.0,0,Finished,14.0,101.933,104.355,,,0.0
2022,10,British Grand Prix,Great Britain,2022-07-03 00:00:00,British Grand Prix,TSU,22,AlphaTauri,13.0,14.0,0.0,0,Finished,13.0,101.893,104.311,,,0.0
2022,10,British Grand Prix,Great Britain,2022-07-03 00:00:00,British Grand Prix,OCO,31,Alpine,15.0,15.0,0.0,1,Fuel pump,15.0,101.73,105.19,,,0.0
2022,10,British Grand Prix,Great Britain,2022-07-03 00:00:00,British Grand Prix,GAS,10,AlphaTauri,11.0,16.0,0.0,1,Collision damage,11.0,101.68,103.702,,,0.0
2022,10,British Grand Prix,Great Britain,2022-07-03 00:00:00,British Grand Prix,BOT,77,Alfa Romeo,12.0,17.0,0.0,1,Gearbox,12.0,101.396,104.232,,,0.0
2022,10,British Grand Prix,Great Britain,2022-07-03 00:00:00,British Grand Prix,RUS,63,Mercedes,8.0,18.0,0.0,1,Collision,8.0,100.028,101.725,102.161,,0.0
2022,10,British Grand Prix,Great Britain,2022-07-03 00:00:00,British Grand Prix,ZHO,24,Alfa Romeo,9.0,19.0,0.0,1,Collision,9.0,100.791,102.64,102.719,,0.0
2022,10,British Grand Prix,Great Britain,2022-07-03 00:00:00,British Grand Prix,ALB,23,Williams,16.0,20.0,0.0,1,Collision,16.0,102.078,,,,0.0
2022,11,Austrian Grand Prix,Austria,2022-07-10 00:00:00,Austrian Grand Prix,LEC,16,Ferrari,2.0,1.0,25.0,0,Finished,2.0,65.419,65.287,65.013,2.0,7.0
2022,11,Austrian Grand Prix,Austria,2022-07-10 00:00:00,Austrian Grand Prix,VER,1,Red Bull Racing,1.0,2.0,19.0,0,Finished,1.0,65.852,65.374,64.984,1.0,8.0
2022,11,Austrian Grand Prix,Austria,2022-07-10 00:00:00,Austrian Grand Prix,HAM,44,Mercedes,8.0,3.0,15.0,0,Finished,9.0,66.079,65.475,73.151,8.0,1.0
2022,11,Austrian Grand Prix,Austria,2022-07-10 00:00:00,Austrian Grand Prix,RUS,63,Mercedes,4.0,4.0,12.0,0,Finished,4.0,66.235,65.697,65.431,4.0,5.0
2022,11,Austrian Grand Prix,Austria,2022-07-10 00:00:00,Austrian Grand Prix,OCO,31,Alpine,6.0,5.0,10.0,0,Finished,5.0,66.468,65.993,65.726,6.0,3.0
2022,11,Austrian Grand Prix,Austria,2022-07-10 00:00:00,Austrian Grand Prix,MSC,47,Haas F1 Team,9.0,6.0,8.0,0,+1 Lap,7.0,66.405,66.151,66.011,9.0,0.0
2022,11,Austrian Grand Prix,Austria,2022-07-10 00:00:00,Austrian Grand Prix,NOR,4,McLaren,10.0,7.0,6.0,0,+1 Lap,15.0,66.33,85.847,,11.0,0.0
2022,11,Austrian Grand Prix,Austria,2022-07-10 00:00:00,Austrian Grand Prix,MAG,20,Haas F1 Team,7.0,8.0,4.0,0,+1 Lap,6.0,66.366,65.894,65.879,7.0,2.0
2022,11,Austrian Grand Prix,Austria,2022-07-10 00:00:00,Austrian Grand Prix,RIC,3,McLaren,11.0,9.0,2.0,0,+1 Lap,16.0,66.613,,,12.0,0.0
2022,11,Austrian Grand Prix,Austria,2022-07-10 00:00:00,Austrian Grand Prix,ALO,14,Alpine,19.0,10.0,1.0,0,+1 Lap,8.0,66.016,66.082,66.103,20.0,0.0
2022,11,Austrian Grand Prix,Austria,2022-07-10 00:00:00,Austrian Grand Prix,BOT,77,Alfa Romeo,20.0,11.0,0.0,0,+1 Lap,12.0,66.442,66.319,,10.0,0.0
2022,11,Austrian Grand Prix,Austria,2022-07-10 00:00:00,Austrian Grand Prix,ALB,23,Williams,15.0,12.0,0.0,0,+1 Lap,11.0,66.516,66.23,,16.0,0.0
2022,11,Austrian Grand Prix,Austria,2022-07-10 00:00:00,Austrian Grand Prix,STR,18,Aston Martin,12.0,13.0,0.0,0,+1 Lap,17.0,66.847,,,13.0,0.0
2022,11,Austrian Grand Prix,Austria,2022-07-10 00:00:00,Austrian Grand Prix,ZHO,24,Alfa Romeo,13.0,14.0,0.0,0,+1 Lap,18.0,66.901,,,14.0,0.0
2022,11,Austrian Grand Prix,Austria,2022-07-10 00:00:00,Austrian Grand Prix,GAS,10,AlphaTauri,14.0,15.0,0.0,0,+1 Lap,10.0,66.589,66.16,,15.0,0.0
2022,11,Austrian Grand Prix,Austria,2022-07-10 00:00:00,Austrian Grand Prix,TSU,22,AlphaTauri,16.0,16.0,0.0,0,+1 Lap,14.0,66.463,66.851,,17.0,0.0
2022,11,Austrian Grand Prix,Austria,2022-07-10 00:00:00,Austrian Grand Prix,VET,5,Aston Martin,18.0,17.0,0.0,0,+1 Lap,20.0,67.083,,,19.0,0.0
2022,11,Austrian Grand Prix,Austria,2022-07-10 00:00:00,Austrian Grand Prix,SAI,55,Ferrari,3.0,18.0,0.0,1,Power Unit,3.0,65.66,65.576,65.066,3.0,6.0
2022,11,Austrian Grand Prix,Austria,2022-07-10 00:00:00,Austrian Grand Prix,LAT,6,Williams,17.0,19.0,0.0,1,Undertray,19.0,67.003,,,18.0,0.0
2022,11,Austrian Grand Prix,Austria,2022-07-10 00:00:00,Austrian Grand Prix,PER,11,Red Bull Racing,5.0,20.0,0.0,1,Collision damage,13.0,66.143,66.458,,5.0,4.0
2022,12,French Grand Prix,France,2022-07-24 00:00:00,French Grand Prix,VER,1,Red Bull Racing,2.0,1.0,25.0,0,Finished,2.0,91.891,91.99,91.176,,0.0
2022,12,French Grand Prix,France,2022-07-24 00:00:00,French Grand Prix,HAM,44,Mercedes,4.0,2.0,18.0,0,Finished,4.0,93.041,92.274,91.765,,0.0
2022,12,French Grand Prix,France,2022-07-24 00:00:00,French Grand Prix,RUS,63,Mercedes,6.0,3.0,15.0,0,Finished,6.0,93.109,92.633,92.131,,0.0
2022,12,French Grand Prix,France,2022-07-24 00:00:00,French Grand Prix,PER,11,Red Bull Racing,3.0,4.0,12.0,0,Finished,3.0,92.354,92.12,91.335,,0.0
2022,12,French Grand Prix,France,2022-07-24 00:00:00,French Grand Prix,SAI,55,Ferrari,19.0,5.0,11.0,0,Finished,9.0,92.297,91.081,,,0.0
2022,12,French Grand Prix,France,2022-07-24 00:00:00,French Grand Prix,ALO,14,Alpine,7.0,6.0,8.0,0,Finished,7.0,92.819,92.631,92.552,,0.0
2022,12,French Grand Prix,France,2022-07-24 00:00:00,French Grand Prix,NOR,4,McLaren,5.0,7.0,6.0,0,Finished,5.0,92.672,92.777,92.032,,0.0
2022,12,French Grand Prix,France,2022-07-24 00:00:00,French Grand Prix,OCO,31,Alpine,10.0,8.0,4.0,0,Finished,12.0,93.346,93.048,,,0.0
2022,12,French Grand Prix,France,2022-07-24 00:00:00,French Grand Prix,RIC,3,McLaren,9.0,9.0,2.0,0,Finished,11.0,93.404,92.922,,,0.0
2022,12,French Grand Prix,France,2022-07-24 00:00:00,French Grand Prix,STR,18,Aston Martin,15.0,10.0,1.0,0,Finished,17.0,93.439,,,,0.0
2022,12,French Grand Prix,France,2022-07-24 00:00:00,French Grand Prix,VET,5,Aston Martin,12.0,11.0,0.0,0,Finished,14.0,93.285,93.276,,,0.0
2022,12,French Grand Prix,France,2022-07-24 00:00:00,French Grand Prix,GAS,10,AlphaTauri,14.0,12.0,0.0,0,Finished,16.0,93.439,,,,0.0
2022,12,French Grand Prix,France,2022-07-24 00:00:00,French Grand Prix,ALB,23,Williams,13.0,13.0,0.0,0,Finished,15.0,93.423,93.307,,,0.0
2022,12,French Grand Prix,France,2022-07-24 00:00:00,French Grand Prix,BOT,77,Alfa Romeo,11.0,14.0,0.0,0,Finished,13.0,93.034,93.052,,,0.0
2022,12,French Grand Prix,France,2022-07-24 00:00:00,French Grand Prix,MSC,47,Haas F1 Team,17.0,15.0,0.0,0,Finished,19.0,93.701,,,,0.0
2022,12,French Grand Prix,France,2022-07-24 00:00:00,French Grand Prix,ZHO,24,Alfa Romeo,16.0,16.0,0.0,0,+6 Laps,18.0,93.674,,,,0.0
2022,12,French Grand Prix,France,2022-07-24 00:00:00,French Grand Prix,LAT,6,Williams,18.0,17.0,0.0,1,Collision damage,20.0,93.794,,,,0.0
2022,12,French Grand Prix,France,2022-07-24 00:00:00,French Grand Prix,MAG,20,Haas F1 Team,20.0,18.0,0.0,1,Collision damage,10.0,92.756,92.649,,,0.0
2022,12,French Grand Prix,France,2022-07-24 00:00:00,French Grand Prix,LEC,16,Ferrari,1.0,19.0,0.0,1,Accident,1.0,91.727,91.216,90.872,,0.0
2022,12,French Grand Prix,France,2022-07-24 00:00:00,French Grand Prix,TSU,22,AlphaTauri,8.0,20.0,0.0,1,Undertray,8.0,93.394,92.836,92.78,,0.0
2022,13,Hungarian Grand Prix,Hungary,2022-07-31 00:00:00,Hungarian Grand Prix,VER,1,Red Bull Racing,10.0,1.0,25.0,0,Finished,10.0,78.509,77.703,78.823,,0.0
2022,13,Hungarian Grand Prix,Hungary,2022-07-31 00:00:00,Hungarian Grand Prix,HAM,44,Mercedes,7.0,2.0,19.0,0,Finished,7.0,78.374,78.035,78.142,,0.0
2022,13,Hungarian Grand Prix,Hungary,2022-07-31 00:00:00,Hungarian Grand Prix,RUS,63,Mercedes,1.0,3.0,15.0,0,Finished,1.0,78.407,78.154,77.377,,0.0
2022,13,Hungarian Grand Prix,Hungary,2022-07-31 00:00:00,Hungarian Grand Prix,SAI,55,Ferrari,2.0,4.0,12.0,0,Finished,2.0,78.434,77.946,77.421,,0.0
2022,13,Hungarian Grand Prix,Hungary,2022-07-31 00:00:00,Hungarian Grand Prix,PER,11,Red Bull Racing,11.0,5.0,10.0,0,Finished,11.0,79.118,78.516,,,0.0
2022,13,Hungarian Grand Prix,Hungary,2022-07-31 00:00:00,Hungarian Grand Prix,LEC,16,Ferrari,3.0,6.0,8.0,0,Finished,3.0,78.806,77.768,77.567,,0.0
2022,13,Hungarian Grand Prix,Hungary,2022-07-31 00:00:00,Hungarian Grand Prix,NOR,4,McLaren,4.0,7.0,6.0,0,Finished,4.0,78.653,78.121,77.769,,0.0
2022,13,Hungarian Grand Prix,Hungary,2022-07-31 00:00:00,Hungarian Grand Prix,ALO,14,Alpine,6.0,8.0,4.0,0,+1 Lap,6.0,78.716,77.904,78.078,,0.0
2022,13,Hungarian Grand Prix,Hungary,2022-07-31 00:00:00,Hungarian Grand Prix,OCO,31,Alpine,5.0,9.0,2.0,0,+1 Lap,5.0,78.866,78.216,78.018,,0.0
2022,13,Hungarian Grand Prix,Hungary,2022-07-31 00:00:00,Hungarian Grand Prix,VET,5,Aston Martin,18.0,10.0,1.0,0,+1 Lap,18.0,79.273,,,,0.0
2022,13,Hungarian Grand Prix,Hungary,2022-07-31 00:00:00,Hungarian Grand Prix,STR,18,Aston Martin,14.0,11.0,0.0,0,+1 Lap,14.0,79.205,79.137,,,0.0
2022,13,Hungarian Grand Prix,Hungary,2022-07-31 00:00:00,Hungarian Grand Prix,GAS,10,AlphaTauri,20.0,12.0,0.0,0,+1 Lap,19.0,79.527,,,,0.0
2022,13,Hungarian Grand Prix,Hungary,2022-07-31 00:00:00,Hungarian Grand Prix,ZHO,24,Alfa Romeo,12.0,13.0,0.0,0,+1 Lap,12.0,78.973,78.573,,,0.0
2022,13,Hungarian Grand Prix,Hungary,2022-07-31 00:00:00,Hungarian Grand Prix,MSC,47,Haas F1 Team,15.0,14.0,0.0,0,+1 Lap,15.0,79.164,79.202,,,0.0
2022,13,Hungarian Grand Prix,Hungary,2022-07-31 00:00:00,Hungarian Grand Prix,RIC,3,McLaren,9.0,15.0,0.0,0,+1 Lap,9.0,78.775,78.198,78.379,,0.0
2022,13,Hungarian Grand Prix,Hungary,2022-07-31 00:00:00,Hungarian Grand Prix,MAG,20,Haas F1 Team,13.0,16.0,0.0,0,+1 Lap,13.0,78.993,78.825,,,0.0
2022,13,Hungarian Grand Prix,Hungary,2022-07-31 00:00:00,Hungarian Grand Prix,ALB,23,Williams,17.0,17.0,0.0,0,+1 Lap,17.0,79.256,,,,0.0
2022,13,Hungarian Grand Prix,Hungary,2022-07-31 00:00:00,Hungarian Grand Prix,LAT,6,Williams,19.0,18.0,0.0,0,+1 Lap,20.0,79.57,,,,0.0
2022,13,Hungarian Grand Prix,Hungary,2022-07-31 00:00:00,Hungarian Grand Prix,TSU,22,AlphaTauri,16.0,19.0,0.0,0,+2 Laps,16.0,79.24,,,,0.0
2022,13,Hungarian Grand Prix,Hungary,2022-07-31 00:00:00,Hungarian Grand Prix,BOT,77,Alfa Romeo,8.0,20.0,0.0,1,Power Unit,8.0,78.935,78.445,78.157,,0.0
2022,14,Belgian Grand Prix,Belgium,2022-08-28 00:00:00,Belgian Grand Prix,VER,1,Red Bull Racing,14.0,1.0,26.0,0,Finished,1.0,104.581,104.723,103.665,,0.0
2022,14,Belgian Grand Prix,Belgium,2022-08-28 00:00:00,Belgian Grand Prix,PER,11,Red Bull Racing,2.0,2.0,18.0,0,Finished,3.0,105.377,104.794,104.462,,0.0
2022,14,Belgian Grand Prix,Belgium,2022-08-28 00:00:00,Belgian Grand Prix,SAI,55,Ferrari,1.0,3.0,15.0,0,Finished,2.0,105.05,105.418,104.297,,0.0
2022,14,Belgian Grand Prix,Belgium,2022-08-28 00:00:00,Belgian Grand Prix,RUS,63,Mercedes,5.0,4.0,12.0,0,Finished,8.0,105.65,105.461,105.776,,0.0
2022,14,Belgian Grand Prix,Belgium,2022-08-28 00:00:00,Belgian Grand Prix,ALO,14,Alpine,3.0,5.0,10.0,0,Finished,6.0,106.075,105.552,105.368,,0.0
2022,14,Belgian Grand Prix,Belgium,2022-08-28 00:00:00,Belgian Grand Prix,LEC,16,Ferrari,15.0,6.0,8.0,0,Finished,4.0,105.572,104.551,104.553,,0.0
2022,14,Belgian Grand Prix,Belgium,2022-08-28 00:00:00,Belgian Grand Prix,OCO,31,Alpine,16.0,7.0,6.0,0,Finished,5.0,106.039,105.475,105.18,,0.0
2022,14,Belgian Grand Prix,Belgium,2022-08-28 00:00:00,Belgian Grand Prix,VET,5,Aston Martin,10.0,8.0,4.0,0,Finished,16.0,106.344,,,,0.0
2022,14,Belgian Grand Prix,Belgium,2022-08-28 00:00:00,Belgian Grand Prix,GAS,10,AlphaTauri,20.0,9.0,2.0,0,Finished,12.0,106.183,105.827,,,0.0
2022,14,Belgian Grand Prix,Belgium,2022-08-28 00:00:00,Belgian Grand Prix,ALB,23,Williams,6.0,10.0,1.0,0,Finished,9.0,105.672,105.675,105.837,,0.0
2022,14,Belgian Grand Prix,Belgium,2022-08-28 00:00:00,Belgian Grand Prix,STR,18,Aston Martin,9.0,11.0,0.0,0,Finished,14.0,106.256,106.611,,,0.0
2022,14,Belgian Grand Prix,Belgium,2022-08-28 00:00:00,Belgian Grand Prix,NOR,4,McLaren,17.0,12.0,0.0,0,Finished,10.0,105.745,105.603,106.178,,0.0
2022,14,Belgian Grand Prix,Belgium,2022-08-28 00:00:00,Belgian Grand Prix,TSU,22,AlphaTauri,20.0,13.0,0.0,0,Finished,19.0,106.692,,,,0.0
2022,14,Belgian Grand Prix,Belgium,2022-08-28 00:00:00,Belgian Grand Prix,ZHO,24,Alfa Romeo,18.0,14.0,0.0,0,Finished,13.0,106.178,106.085,,,0.0
2022,14,Belgian Grand Prix,Belgium,2022-08-28 00:00:00,Belgian Grand Prix,RIC,3,McLaren,7.0,15.0,0.0,0,Finished,11.0,106.212,105.767,,,0.0
2022,14,Belgian Grand Prix,Belgium,2022-08-28 00:00:00,Belgian Grand Prix,MAG,20,Haas F1 Team,12.0,16.0,0.0,0,+1 Lap,18.0,106.557,,,,0.0
2022,14,Belgian Grand Prix,Belgium,2022-08-28 00:00:00,Belgian Grand Prix,MSC,47,Haas F1 Team,19.0,17.0,0.0,0,+1 Lap,15.0,106.342,107.718,,,0.0
2022,14,Belgian Grand Prix,Belgium,2022-08-28 00:00:00,Belgian Grand Prix,LAT,6,Williams,11.0,18.0,0.0,0,+1 Lap,17.0,106.401,,,,0.0
2022,14,Belgian Grand Prix,Belgium,2022-08-28 00:00:00,Belgian Grand Prix,BOT,77,Alfa Romeo,13.0,19.0,0.0,1,Accident,20.0,107.866,,,,0.0
2022,14,Belgian Grand Prix,Belgium,2022-08-28 00:00:00,Belgian Grand Prix,HAM,44,Mercedes,4.0,20.0,0.0,1,Collision damage,7.0,105.736,105.42,105.503,,0.0
2022,15,Dutch Grand Prix,Netherlands,2022-09-04 00:00:00,Dutch Grand Prix,VER,1,Red Bull Racing,1.0,1.0,26.0,0,Finished,1.0,71.317,70.927,70.342,,0.0
2022,15,Dutch Grand Prix,Netherlands,2022-09-04 00:00:00,Dutch Grand Prix,RUS,63,Mercedes,6.0,2.0,18.0,0,Finished,6.0,71.561,70.824,71.147,,0.0
2022,15,Dutch Grand Prix,Netherlands,2022-09-04 00:00:00,Dutch Grand Prix,LEC,16,Ferrari,2.0,3.0,15.0,0,Finished,2.0,71.443,70.988,70.363,,0.0
2022,15,Dutch Grand Prix,Netherlands,2022-09-04 00:00:00,Dutch Grand Prix,HAM,44,Mercedes,4.0,4.0,12.0,0,Finished,4.0,71.331,71.075,70.648,,0.0
2022,15,Dutch Grand Prix,Netherlands,2022-09-04 00:00:00,Dutch Grand Prix,PER,11,Red Bull Racing,5.0,5.0,10.0,0,Finished,5.0,71.641,71.314,71.077,,0.0
2022,15,Dutch Grand Prix,Netherlands,2022-09-04 00:00:00,Dutch Grand Prix,ALO,14,Alpine,13.0,6.0,8.0,0,Finished,13.0,71.667,71.613,,,0.0
2022,15,Dutch Grand Prix,Netherlands,2022-09-04 00:00:00,Dutch Grand Prix,NOR,4,McLaren,7.0,7.0,6.0,0,Finished,7.0,71.556,71.116,71.174,,0.0
2022,15,Dutch Grand Prix,Netherlands,2022-09-04 00:00:00,Dutch Grand Prix,SAI,55,Ferrari,3.0,8.0,4.0,0,Finished,3.0,71.767,70.814,70.434,,0.0
2022,15,Dutch Grand Prix,Netherlands,2022-09-04 00:00:00,Dutch Grand Prix,OCO,31,Alpine,12.0,9.0,2.0,0,Finished,12.0,71.748,71.605,,,0.0
2022,15,Dutch Grand Prix,Netherlands,2022-09-04 00:00:00,Dutch Grand Prix,STR,18,Aston Martin,10.0,10.0,1.0,0,Finished,10.0,71.568,71.416,,,0.0
2022,15,Dutch Grand Prix,Netherlands,2022-09-04 00:00:00,Dutch Grand Prix,GAS,10,AlphaTauri,11.0,11.0,0.0,0,Finished,11.0,71.705,71.512,,,0.0
2022,15,Dutch Grand Prix,Netherlands,2022-09-04 00:00:00,Dutch Grand Prix,ALB,23,Williams,15.0,12.0,0.0,0,Finished,15.0,71.695,71.802,,,0.0
2022,15,Dutch Grand Prix,Netherlands,2022-09-04 00:00:00,Dutch Grand Prix,MSC,47,Haas F1 Team,8.0,13.0,0.0,0,Finished,8.0,71.741,71.42,71.442,,0.0
2022,15,Dutch Grand Prix,Netherlands,2022-09-04 00:00:00,Dutch Grand Prix,VET,5,Aston Martin,19.0,14.0,0.0,0,Finished,19.0,72.391,,,,0.0
2022,15,Dutch Grand Prix,Netherlands,2022-09-04 00:00:00,Dutch Grand Prix,MAG,20,Haas F1 Team,18.0,15.0,0.0,0,Finished,18.0,72.319,,,,0.0
2022,15,Dutch Grand Prix,Netherlands,2022-09-04 00:00:00,Dutch Grand Prix,ZHO,24,Alfa Romeo,14.0,16.0,0.0,0,Finished,14.0,71.826,71.704,,,0.0
2022,15,Dutch Grand Prix,Netherlands,2022-09-04 00:00:00,Dutch Grand Prix,RIC,3,McLaren,17.0,17.0,0.0,0,Finished,17.0,72.081,,,,0.0
2022,15,Dutch Grand Prix,Netherlands,2022-09-04 00:00:00,Dutch Grand Prix,LAT,6,Williams,20.0,18.0,0.0,0,+1 Lap,20.0,73.353,,,,0.0
2022,15,Dutch Grand Prix,Netherlands,2022-09-04 00:00:00,Dutch Grand Prix,BOT,77,Alfa Romeo,16.0,19.0,0.0,1,Engine,16.0,71.961,,,,0.0
2022,15,Dutch Grand Prix,Netherlands,2022-09-04 00:00:00,Dutch Grand Prix,TSU,22,AlphaTauri,9.0,20.0,0.0,1,Differential,9.0,71.427,71.428,72.556,,0.0
2022,16,Italian Grand Prix,Italy,2022-09-11 00:00:00,Italian Grand Prix,VER,1,Red Bull Racing,7.0,1.0,25.0,0,Finished,2.0,80.922,81.265,80.306,,0.0
2022,16,Italian Grand Prix,Italy,2022-09-11 00:00:00,Italian Grand Prix,LEC,16,Ferrari,1.0,2.0,18.0,0,Finished,1.0,81.28,81.208,80.161,,0.0
2022,16,Italian Grand Prix,Italy,2022-09-11 00:00:00,Italian Grand Prix,RUS,63,Mercedes,2.0,3.0,15.0,0,Finished,6.0,81.785,81.747,81.542,,0.0
2022,16,Italian Grand Prix,Italy,2022-09-11 00:00:00,Italian Grand Prix,SAI,55,Ferrari,18.0,4.0,12.0,0,Finished,3.0,81.348,80.878,80.429,,0.0
2022,16,Italian Grand Prix,Italy,2022-09-11 00:00:00,Italian Grand Prix,HAM,44,Mercedes,19.0,5.0,10.0,0,Finished,5.0,82.048,81.708,81.524,,0.0
2022,16,Italian Grand Prix,Italy,2022-09-11 00:00:00,Italian Grand Prix,PER,11,Red Bull Racing,13.0,6.0,9.0,0,Finished,4.0,81.495,81.358,81.206,,0.0
2022,16,Italian Grand Prix,Italy,2022-09-11 00:00:00,Italian Grand Prix,NOR,4,McLaren,3.0,7.0,6.0,0,Finished,7.0,82.13,81.831,81.584,,0.0
2022,16,Italian Grand Prix,Italy,2022-09-11 00:00:00,Italian Grand Prix,GAS,10,AlphaTauri,5.0,8.0,4.0,0,Finished,9.0,82.01,82.062,82.648,,0.0
2022,16,Italian Grand Prix,Italy,2022-09-11 00:00:00,Italian Grand Prix,DEV,45,Williams,8.0,9.0,2.0,0,Finished,13.0,82.567,82.471,,,0.0
2022,16,Italian Grand Prix,Italy,2022-09-11 00:00:00,Italian Grand Prix,ZHO,24,Alfa Romeo,9.0,10.0,1.0,0,Finished,14.0,82.003,82.577,,,0.0
2022,16,Italian Grand Prix,Italy,2022-09-11 00:00:00,Italian Grand Prix,OCO,31,Alpine,14.0,11.0,0.0,0,Finished,11.0,82.166,82.13,,,0.0
2022,16,Italian Grand Prix,Italy,2022-09-11 00:00:00,Italian Grand Prix,MSC,47,Haas F1 Team,17.0,12.0,0.0,0,Finished,20.0,83.005,,,,0.0
2022,16,Italian Grand Prix,Italy,2022-09-11 00:00:00,Italian Grand Prix,BOT,77,Alfa Romeo,15.0,13.0,0.0,0,+1 Lap,12.0,82.254,82.235,,,0.0
2022,16,Italian Grand Prix,Italy,2022-09-11 00:00:00,Italian Grand Prix,TSU,22,AlphaTauri,20.0,14.0,0.0,0,+1 Lap,15.0,82.02,,,,0.0
2022,16,Italian Grand Prix,Italy,2022-09-11 00:00:00,Italian Grand Prix,LAT,6,Williams,10.0,15.0,0.0,0,+1 Lap,16.0,82.587,,,,0.0
2022,16,Italian Grand Prix,Italy,2022-09-11 00:00:00,Italian Grand Prix,MAG,20,Haas F1 Team,16.0,16.0,0.0,0,+1 Lap,19.0,82.908,,,,0.0
2022,16,Italian Grand Prix,Italy,2022-09-11 00:00:00,Italian Grand Prix,RIC,3,McLaren,4.0,17.0,0.0,1,Oil leak,8.0,82.139,81.855,81.925,,0.0
2022,16,Italian Grand Prix,Italy,2022-09-11 00:00:00,Italian Grand Prix,STR,18,Aston Martin,12.0,18.0,0.0,1,Engine,18.0,82.748,,,,0.0
2022,16,Italian Grand Prix,Italy,2022-09-11 00:00:00,Italian Grand Prix,ALO,14,Alpine,6.0,19.0,0.0,1,Water pressure,10.0,82.089,81.861,,,0.0
2022,16,Italian Grand Prix,Italy,2022-09-11 00:00:00,Italian Grand Prix,VET,5,Aston Martin,11.0,20.0,0.0,1,Engine,17.0,82.636,,,,0.0
2022,17,Singapore Grand Prix,Singapore,2022-10-02 00:00:00,Singapore Grand Prix,PER,11,Red Bull Racing,2.0,1.0,25.0,0,Finished,2.0,114.404,112.818,109.434,,0.0
2022,17,Singapore Grand Prix,Singapore,2022-10-02 00:00:00,Singapore Grand Prix,LEC,16,Ferrari,1.0,2.0,18.0,0,Finished,1.0,114.129,112.343,109.412,,0.0
2022,17,Singapore Grand Prix,Singapore,2022-10-02 00:00:00,Singapore Grand Prix,SAI,55,Ferrari,4.0,3.0,15.0,0,Finished,4.0,114.559,113.219,109.583,,0.0
2022,17,Singapore Grand Prix,Singapore,2022-10-02 00:00:00,Singapore Grand Prix,NOR,4,McLaren,6.0,4.0,12.0,0,Finished,6.0,115.914,113.942,110.584,,0.0
2022,17,Singapore Grand Prix,Singapore,2022-10-02 00:00:00,Singapore Grand Prix,RIC,3,McLaren,16.0,5.0,10.0,0,Finished,17.0,116.226,,,,0.0
2022,17,Singapore Grand Prix,Singapore,2022-10-02 00:00:00,Singapore Grand Prix,STR,18,Aston Martin,11.0,6.0,8.0,0,Finished,12.0,115.629,114.211,,,0.0
2022,17,Singapore Grand Prix,Singapore,2022-10-02 00:00:00,Singapore Grand Prix,VER,1,Red Bull Racing,8.0,7.0,6.0,0,Finished,8.0,113.057,112.723,111.395,,0.0
2022,17,Singapore Grand Prix,Singapore,2022-10-02 00:00:00,Singapore Grand Prix,VET,5,Aston Martin,13.0,8.0,4.0,0,Finished,14.0,115.602,114.38,,,0.0
2022,17,Singapore Grand Prix,Singapore,2022-10-02 00:00:00,Singapore Grand Prix,HAM,44,Mercedes,3.0,9.0,2.0,0,Finished,3.0,113.161,112.691,109.466,,0.0
2022,17,Singapore Grand Prix,Singapore,2022-10-02 00:00:00,Singapore Grand Prix,GAS,10,AlphaTauri,7.0,10.0,1.0,0,Finished,7.0,115.606,113.546,111.211,,0.0
2022,17,Singapore Grand Prix,Singapore,2022-10-02 00:00:00,Singapore Grand Prix,BOT,77,Alfa Romeo,15.0,11.0,0.0,0,Finished,16.0,116.083,,,,0.0
2022,17,Singapore Grand Prix,Singapore,2022-10-02 00:00:00,Singapore Grand Prix,MAG,20,Haas F1 Team,9.0,12.0,0.0,0,Finished,9.0,115.103,114.006,111.573,,0.0
2022,17,Singapore Grand Prix,Singapore,2022-10-02 00:00:00,Singapore Grand Prix,MSC,47,Haas F1 Team,12.0,13.0,0.0,0,+1 Lap,13.0,115.736,114.37,,,0.0
2022,17,Singapore Grand Prix,Singapore,2022-10-02 00:00:00,Singapore Grand Prix,RUS,63,Mercedes,20.0,14.0,0.0,0,+2 Laps,11.0,114.633,114.012,,,0.0
2022,17,Singapore Grand Prix,Singapore,2022-10-02 00:00:00,Singapore Grand Prix,TSU,22,AlphaTauri,10.0,15.0,0.0,1,Accident,10.0,115.314,113.848,111.983,,0.0
2022,17,Singapore Grand Prix,Singapore,2022-10-02 00:00:00,Singapore Grand Prix,OCO,31,Alpine,17.0,16.0,0.0,1,Engine,18.0,116.337,,,,0.0
2022,17,Singapore Grand Prix,Singapore,2022-10-02 00:00:00,Singapore Grand Prix,ALB,23,Williams,18.0,17.0,0.0,1,Collision damage,19.0,116.985,,,,0.0
2022,17,Singapore Grand Prix,Singapore,2022-10-02 00:00:00,Singapore Grand Prix,ALO,14,Alpine,5.0,18.0,0.0,1,Engine,5.0,115.36,113.127,109.966,,0.0
2022,17,Singapore Grand Prix,Singapore,2022-10-02 00:00:00,Singapore Grand Prix,LAT,6,Williams,19.0,19.0,0.0,1,Collision damage,20.0,117.532,,,,0.0
2022,17,Singapore Grand Prix,Singapore,2022-10-02 00:00:00,Singapore Grand Prix,ZHO,24,Alfa Romeo,14.0,20.0,0.0,1,Collision,15.0,115.375,115.518,,,0.0
2022,18,Japanese Grand Prix,Japan,2022-10-09 00:00:00,Japanese Grand Prix,VER,1,Red Bull Racing,1.0,1.0,25.0,0,Finished,1.0,90.224,90.346,89.304,,0.0
2022,18,Japanese Grand Prix,Japan,2022-10-09 00:00:00,Japanese Grand Prix,PER,11,Red Bull Racing,4.0,2.0,18.0,0,Finished,4.0,90.622,89.925,89.709,,0.0
2022,18,Japanese Grand Prix,Japan,2022-10-09 00:00:00,Japanese Grand Prix,LEC,16,Ferrari,2.0,3.0,15.0,0,Finished,2.0,90.402,90.486,89.314,,0.0
2022,18,Japanese Grand Prix,Japan,2022-10-09 00:00:00,Japanese Grand Prix,OCO,31,Alpine,5.0,4.0,12.0,0,Finished,5.0,90.696,90.357,90.165,,0.0
2022,18,Japanese Grand Prix,Japan,2022-10-09 00:00:00,Japanese Grand Prix,HAM,44,Mercedes,6.0,5.0,10.0,0,Finished,6.0,90.906,90.443,90.261,,0.0
2022,18,Japanese Grand Prix,Japan,2022-10-09 00:00:00,Japanese Grand Prix,VET,5,Aston Martin,9.0,6.0,8.0,0,Finished,9.0,91.256,90.656,90.554,,0.0
2022,18,Japanese Grand Prix,Japan,2022-10-09 00:00:00,Japanese Grand Prix,ALO,14,Alpine,7.0,7.0,6.0,0,Finished,7.0,90.603,90.343,90.322,,0.0
2022,18,Japanese Grand Prix,Japan,2022-10-09 00:00:00,Japanese Grand Prix,RUS,63,Mercedes,8.0,8.0,4.0,0,Finished,8.0,90.865,90.465,90.389,,0.0
2022,18,Japanese Grand Prix,Japan,2022-10-09 00:00:00,Japanese Grand Prix,LAT,6,Williams,20.0,9.0,2.0,0,Finished,20.0,91.511,,,,0.0
2022,18,Japanese Grand Prix,Japan,2022-10-09 00:00:00,Japanese Grand Prix,NOR,4,McLaren,10.0,10.0,1.0,0,Finished,10.0,90.881,90.473,91.003,,0.0
2022,18,Japanese Grand Prix,Japan,2022-10-09 00:00:00,Japanese Grand Prix,RIC,3,McLaren,11.0,11.0,0.0,0,Finished,11.0,90.88,90.659,,,0.0
2022,18,Japanese Grand Prix,Japan,2022-10-09 00:00:00,Japanese Grand Prix,STR,18,Aston Martin,19.0,12.0,0.0,0,Finished,19.0,91.419,,,,0.0
2022,18,Japanese Grand Prix,Japan,2022-10-09 00:00:00,Japanese Grand Prix,TSU,22,AlphaTauri,13.0,13.0,0.0,0,Finished,13.0,91.13,90.808,,,0.0
2022,18,Japanese Grand Prix,Japan,2022-10-09 00:00:00,Japanese Grand Prix,MAG,20,Haas F1 Team,18.0,14.0,0.0,0,Finished,18.0,91.352,,,,0.0
2022,18,Japanese Grand Prix,Japan,2022-10-09 00:00:00,Japanese Grand Prix,BOT,77,Alfa Romeo,12.0,15.0,0.0,0,Finished,12.0,91.226,90.709,,,0.0
2022,18,Japanese Grand Prix,Japan,2022-10-09 00:00:00,Japanese Grand Prix,ZHO,24,Alfa Romeo,14.0,16.0,0.0,0,Finished,14.0,90.894,90.953,,,0.0
2022,18,Japanese Grand Prix,Japan,2022-10-09 00:00:00,Japanese Grand Prix,MSC,47,Haas F1 Team,15.0,17.0,0.0,0,Finished,15.0,91.152,91.439,,,0.0
2022,18,Japanese Grand Prix,Japan,2022-10-09 00:00:00,Japanese Grand Prix,GAS,10,AlphaTauri,17.0,18.0,0.0,0,Finished,17.0,91.322,,,,0.0
2022,18,Japanese Grand Prix,Japan,2022-10-09 00:00:00,Japanese Grand Prix,SAI,55,Ferrari,3.0,19.0,0.0,1,Accident,3.0,90.336,90.444,89.361,,0.0
2022,18,Japanese Grand Prix,Japan,2022-10-09 00:00:00,Japanese Grand Prix,ALB,23,Williams,16.0,20.0,0.0,1,Hydraulics,16.0,91.311,,,,0.0
2022,19,United States Grand Prix,United States,2022-10-23 00:00:00,United States Grand Prix,VER,1,Red Bull Racing,2.0,1.0,25.0,0,Finished,3.0,95.864,95.294,94.448,,0.0
2022,19,United States Grand Prix,United States,2022-10-23 00:00:00,United States Grand Prix,HAM,44,Mercedes,3.0,2.0,18.0,0,Finished,5.0,96.148,95.732,94.947,,0.0
2022,19,United States Grand Prix,United States,2022-10-23 00:00:00,United States Grand Prix,LEC,16,Ferrari,12.0,3.0,15.0,0,Finished,2.0,95.795,95.246,94.421,,0.0
2022,19,United States Grand Prix,United States,2022-10-23 00:00:00,United States Grand Prix,PER,11,Red Bull Racing,9.0,4.0,12.0,0,Finished,4.0,96.163,95.864,94.645,,0.0
2022,19,United States Grand Prix,United States,2022-10-23 00:00:00,United States Grand Prix,RUS,63,Mercedes,4.0,5.0,11.0,0,Finished,6.0,96.195,95.692,94.988,,0.0
2022,19,United States Grand Prix,United States,2022-10-23 00:00:00,United States Grand Prix,NOR,4,McLaren,6.0,6.0,8.0,0,Finished,8.0,96.465,96.341,95.69,,0.0
2022,19,United States Grand Prix,United States,2022-10-23 00:00:00,United States Grand Prix,ALO,14,Alpine,14.0,7.0,6.0,0,Finished,9.0,96.446,95.988,95.876,,0.0
2022,19,United States Grand Prix,United States,2022-10-23 00:00:00,United States Grand Prix,VET,5,Aston Martin,10.0,8.0,4.0,0,Finished,12.0,96.695,96.398,,,0.0
2022,19,United States Grand Prix,United States,2022-10-23 00:00:00,United States Grand Prix,MAG,20,Haas F1 Team,13.0,9.0,2.0,0,Finished,16.0,96.949,,,,0.0
2022,19,United States Grand Prix,United States,2022-10-23 00:00:00,United States Grand Prix,TSU,22,AlphaTauri,19.0,10.0,1.0,0,Finished,15.0,96.808,97.147,,,0.0
2022,19,United States Grand Prix,United States,2022-10-23 00:00:00,United States Grand Prix,OCO,31,Alpine,20.0,11.0,0.0,0,Finished,18.0,97.068,,,,0.0
2022,19,United States Grand Prix,United States,2022-10-23 00:00:00,United States Grand Prix,ZHO,24,Alfa Romeo,18.0,12.0,0.0,0,Finished,14.0,96.656,96.97,,,0.0
2022,19,United States Grand Prix,United States,2022-10-23 00:00:00,United States Grand Prix,ALB,23,Williams,8.0,13.0,0.0,0,Finished,11.0,96.932,96.368,,,0.0
2022,19,United States Grand Prix,United States,2022-10-23 00:00:00,United States Grand Prix,GAS,10,AlphaTauri,11.0,14.0,0.0,0,Finished,13.0,96.577,96.74,,,0.0
2022,19,United States Grand Prix,United States,2022-10-23 00:00:00,United States Grand Prix,MSC,47,Haas F1 Team,16.0,15.0,0.0,0,Finished,19.0,97.111,,,,0.0
2022,19,United States Grand Prix,United States,2022-10-23 00:00:00,United States Grand Prix,RIC,3,McLaren,15.0,16.0,0.0,0,Finished,17.0,97.046,,,,0.0
2022,19,United States Grand Prix,United States,2022-10-23 00:00:00,United States Grand Prix,LAT,6,Williams,17.0,17.0,0.0,0,Finished,20.0,97.244,,,,0.0
2022,19,United States Grand Prix,United States,2022-10-23 00:00:00,United States Grand Prix,STR,18,Aston Martin,5.0,18.0,0.0,1,Collision,7.0,96.86,96.032,95.598,,0.0
2022,19,United States Grand Prix,United States,2022-10-23 00:00:00,United States Grand Prix,BOT,77,Alfa Romeo,7.0,19.0,0.0,1,Spun off,10.0,96.746,96.321,96.319,,0.0
2022,19,United States Grand Prix,United States,2022-10-23 00:00:00,United States Grand Prix,SAI,55,Ferrari,1.0,20.0,0.0,1,Collision damage,1.0,95.297,95.59,94.356,,0.0
2022,20,Mexico City Grand Prix,Mexico,2022-10-30 00:00:00,Mexico City Grand Prix,VER,1,Red Bull Racing,1.0,1.0,25.0,0,Finished,1.0,79.222,78.566,77.775,,0.0
2022,20,Mexico City Grand Prix,Mexico,2022-10-30 00:00:00,Mexico City Grand Prix,HAM,44,Mercedes,3.0,2.0,18.0,0,Finished,3.0,79.169,78.552,78.084,,0.0
2022,20,Mexico City Grand Prix,Mexico,2022-10-30 00:00:00,Mexico City Grand Prix,PER,11,Red Bull Racing,4.0,3.0,15.0,0,Finished,4.0,79.706,78.615,78.128,,0.0
2022,20,Mexico City Grand Prix,Mexico,2022-10-30 00:00:00,Mexico City Grand Prix,RUS,63,Mercedes,2.0,4.0,13.0,0,Finished,2.0,79.583,78.565,78.079,,0.0
2022,20,Mexico City Grand Prix,Mexico,2022-10-30 00:00:00,Mexico City Grand Prix,SAI,55,Ferrari,5.0,5.0,10.0,0,Finished,5.0,79.566,78.56,78.351,,0.0
2022,20,Mexico City Grand Prix,Mexico,2022-10-30 00:00:00,Mexico City Grand Prix,LEC,16,Ferrari,7.0,6.0,8.0,0,Finished,7.0,79.505,79.109,78.555,,0.0
2022,20,Mexico City Grand Prix,Mexico,2022-10-30 00:00:00,Mexico City Grand Prix,RIC,3,McLaren,11.0,7.0,6.0,0,+1 Lap,11.0,80.279,79.325,,,0.0
2022,20,Mexico City Grand Prix,Mexico,2022-10-30 00:00:00,Mexico City Grand Prix,OCO,31,Alpine,10.0,8.0,4.0,0,+1 Lap,10.0,79.945,79.081,79.01,,0.0
2022,20,Mexico City Grand Prix,Mexico,2022-10-30 00:00:00,Mexico City Grand Prix,NOR,4,McLaren,8.0,9.0,2.0,0,+1 Lap,8.0,79.857,79.119,78.721,,0.0
2022,20,Mexico City Grand Prix,Mexico,2022-10-30 00:00:00,Mexico City Grand Prix,BOT,77,Alfa Romeo,6.0,10.0,1.0,0,+1 Lap,6.0,79.523,78.762,78.401,,0.0
2022,20,Mexico City Grand Prix,Mexico,2022-10-30 00:00:00,Mexico City Grand Prix,GAS,10,AlphaTauri,14.0,11.0,0.0,0,+1 Lap,14.0,80.256,79.672,,,0.0
2022,20,Mexico City Grand Prix,Mexico,2022-10-30 00:00:00,Mexico City Grand Prix,ALB,23,Williams,17.0,12.0,0.0,0,+1 Lap,19.0,80.859,,,,0.0
2022,20,Mexico City Grand Prix,Mexico,2022-10-30 00:00:00,Mexico City Grand Prix,ZHO,24,Alfa Romeo,12.0,13.0,0.0,0,+1 Lap,12.0,80.283,79.476,,,0.0
2022,20,Mexico City Grand Prix,Mexico,2022-10-30 00:00:00,Mexico City Grand Prix,VET,5,Aston Martin,16.0,14.0,0.0,0,+1 Lap,17.0,80.419,,,,0.0
2022,20,Mexico City Grand Prix,Mexico,2022-10-30 00:00:00,Mexico City Grand Prix,STR,18,Aston Martin,20.0,15.0,0.0,0,+1 Lap,18.0,80.52,,,,0.0
2022,20,Mexico City Grand Prix,Mexico,2022-10-30 00:00:00,Mexico City Grand Prix,MSC,47,Haas F1 Team,15.0,16.0,0.0,0,+1 Lap,16.0,80.419,,,,0.0
2022,20,Mexico City Grand Prix,Mexico,2022-10-30 00:00:00,Mexico City Grand Prix,MAG,20,Haas F1 Team,19.0,17.0,0.0,0,+1 Lap,15.0,80.293,79.833,,,0.0
2022,20,Mexico City Grand Prix,Mexico,2022-10-30 00:00:00,Mexico City Grand Prix,LAT,6,Williams,18.0,18.0,0.0,0,+2 Laps,20.0,81.167,,,,0.0
2022,20,Mexico City Grand Prix,Mexico,2022-10-30 00:00:00,Mexico City Grand Prix,ALO,14,Alpine,9.0,19.0,0.0,1,Engine,9.0,80.006,79.272,78.939,,0.0
2022,20,Mexico City Grand Prix,Mexico,2022-10-30 00:00:00,Mexico City Grand Prix,TSU,22,AlphaTauri,13.0,20.0,0.0,1,Collision damage,13.0,79.907,79.589,,,0.0
2022,21,São Paulo Grand Prix,Brazil,2022-11-13 00:00:00,São Paulo Grand Prix,RUS,63,Mercedes,1.0,1.0,26.0,0,Finished,,,,,,0.0
2022,21,São Paulo Grand Prix,Brazil,2022-11-13 00:00:00,São Paulo Grand Prix,HAM,44,Mercedes,2.0,2.0,18.0,0,Finished,,,,,,0.0
2022,21,São Paulo Grand Prix,Brazil,2022-11-13 00:00:00,São Paulo Grand Prix,SAI,55,Ferrari,7.0,3.0,15.0,0,Finished,,,,,,0.0
2022,21,São Paulo Grand Prix,Brazil,2022-11-13 00:00:00,São Paulo Grand Prix,LEC,16,Ferrari,5.0,4.0,12.0,0,Finished,,,,,,0.0
2022,21,São Paulo Grand Prix,Brazil,2022-11-13 00:00:00,São Paulo Grand Prix,ALO,14,Alpine,17.0,5.0,10.0,0,Finished,,,,,,0.0
2022,21,São Paulo Grand Prix,Brazil,2022-11-13 00:00:00,São Paulo Grand Prix,VER,1,Red Bull Racing,3.0,6.0,8.0,0,Finished,,,,,,0.0
2022,21,São Paulo Grand Prix,Brazil,2022-11-13 00:00:00,São Paulo Grand Prix,PER,11,Red Bull Racing,4.0,7.0,6.0,0,Finished,,,,,,0.0
2022,21,São Paulo Grand Prix,Brazil,2022-11-13 00:00:00,São Paulo Grand Prix,OCO,31,Alpine,16.0,8.0,4.0,0,Finished,,,,,,0.0
2022,21,São Paulo Grand Prix,Brazil,2022-11-13 00:00:00,São Paulo Grand Prix,BOT,77,Alfa Romeo,14.0,9.0,2.0,0,Finished,,,,,,0.0
2022,21,São Paulo Grand Prix,Brazil,2022-11-13 00:00:00,São Paulo Grand Prix,STR,18,Aston Martin,15.0,10.0,1.0,0,Finished,,,,,,0.0
2022,21,São Paulo Grand Prix,Brazil,2022-11-13 00:00:00,São Paulo Grand Prix,VET,5,Aston Martin,9.0,11.0,0.0,0,Finished,,,,,,0.0
2022,21,São Paulo Grand Prix,Brazil,2022-11-13 00:00:00,São Paulo Grand Prix,ZHO,24,Alfa Romeo,13.0,12.0,0.0,0,Finished,,,,,,0.0
2022,21,São Paulo Grand Prix,Brazil,2022-11-13 00:00:00,São Paulo Grand Prix,MSC,47,Haas F1 Team,12.0,13.0,0.0,0,Finished,,,,,,0.0
2022,21,São Paulo Grand Prix,Brazil,2022-11-13 00:00:00,São Paulo Grand Prix,GAS,10,AlphaTauri,10.0,14.0,0.0,0,Finished,,,,,,0.0
2022,21,São Paulo Grand Prix,Brazil,2022-11-13 00:00:00,São Paulo Grand Prix,ALB,23,Williams,19.0,15.0,0.0,0,Finished,,,,,,0.0
2022,21,São Paulo Grand Prix,Brazil,2022-11-13 00:00:00,São Paulo Grand Prix,LAT,6,Williams,18.0,16.0,0.0,0,Finished,,,,,,0.0
2022,21,São Paulo Grand Prix,Brazil,2022-11-13 00:00:00,São Paulo Grand Prix,TSU,22,AlphaTauri,20.0,17.0,0.0,0,+1 Lap,,,,,,0.0
2022,21,São Paulo Grand Prix,Brazil,2022-11-13 00:00:00,São Paulo Grand Prix,NOR,4,McLaren,6.0,18.0,0.0,1,Gearbox,,,,,,0.0
2022,21,São Paulo Grand Prix,Brazil,2022-11-13 00:00:00,São Paulo Grand Prix,MAG,20,Haas F1 Team,8.0,19.0,0.0,1,Collision,,,,,,0.0
2022,21,São Paulo Grand Prix,Brazil,2022-11-13 00:00:00,São Paulo Grand Prix,RIC,3,McLaren,11.0,20.0,0.0,1,Collision,,,,,,0.0
2023,1,Bahrain Grand Prix,Bahrain,2023-03-05 00:00:00,Bahrain Grand Prix,VER,1,Red Bull Racing,1.0,1.0,25.0,0,Finished,1.0,91.295,90.503,89.708,,0.0
2023,1,Bahrain Grand Prix,Bahrain,2023-03-05 00:00:00,Bahrain Grand Prix,PER,11,Red Bull Racing,2.0,2.0,18.0,0,Finished,2.0,91.479,90.746,89.846,,0.0
2023,1,Bahrain Grand Prix,Bahrain,2023-03-05 00:00:00,Bahrain Grand Prix,ALO,14,Aston Martin,5.0,3.0,15.0,0,Finished,5.0,91.158,90.645,90.336,,0.0
2023,1,Bahrain Grand Prix,Bahrain,2023-03-05 00:00:00,Bahrain Grand Prix,SAI,55,Ferrari,4.0,4.0,12.0,0,Finished,4.0,90.993,90.515,90.154,,0.0
2023,1,Bahrain Grand Prix,Bahrain,2023-03-05 00:00:00,Bahrain Grand Prix,HAM,44,Mercedes,7.0,5.0,10.0,0,Finished,7.0,91.543,90.513,90.384,,0.0
2023,1,Bahrain Grand Prix,Bahrain,2023-03-05 00:00:00,Bahrain Grand Prix,STR,18,Aston Martin,8.0,6.0,8.0,0,Finished,8.0,91.184,91.127,90.836,,0.0
2023,1,Bahrain Grand Prix,Bahrain,2023-03-05 00:00:00,Bahrain Grand Prix,RUS,63,Mercedes,6.0,7.0,6.0,0,Finished,6.0,91.057,90.507,90.34,,0.0
2023,1,Bahrain Grand Prix,Bahrain,2023-03-05 00:00:00,Bahrain Grand Prix,BOT,77,Alfa Romeo,12.0,8.0,4.0,0,Finished,12.0,91.504,91.443,,,0.0
2023,1,Bahrain Grand Prix,Bahrain,2023-03-05 00:00:00,Bahrain Grand Prix,GAS,10,Alpine,20.0,9.0,2.0,0,Finished,20.0,92.181,,,,0.0
2023,1,Bahrain Grand Prix,Bahrain,2023-03-05 00:00:00,Bahrain Grand Prix,ALB,23,Williams,15.0,10.0,1.0,0,Finished,15.0,91.461,,,,0.0
2023,1,Bahrain Grand Prix,Bahrain,2023-03-05 00:00:00,Bahrain Grand Prix,TSU,22,AlphaTauri,14.0,11.0,0.0,0,Finished,14.0,91.4,92.51,,,0.0
2023,1,Bahrain Grand Prix,Bahrain,2023-03-05 00:00:00,Bahrain Grand Prix,SAR,2,Williams,16.0,12.0,0.0,0,Lapped,16.0,91.652,,,,0.0
2023,1,Bahrain Grand Prix,Bahrain,2023-03-05 00:00:00,Bahrain Grand Prix,MAG,20,Haas F1 Team,17.0,13.0,0.0,0,Lapped,17.0,91.892,,,,0.0
2023,1,Bahrain Grand Prix,Bahrain,2023-03-05 00:00:00,Bahrain Grand Prix,DEV,21,AlphaTauri,19.0,14.0,0.0,0,Lapped,19.0,92.121,,,,0.0
2023,1,Bahrain Grand Prix,Bahrain,2023-03-05 00:00:00,Bahrain Grand Prix,HUL,27,Haas F1 Team,10.0,15.0,0.0,0,Lapped,10.0,91.204,90.809,,,0.0
2023,1,Bahrain Grand Prix,Bahrain,2023-03-05 00:00:00,Bahrain Grand Prix,ZHO,24,Alfa Romeo,13.0,16.0,0.0,0,Lapped,13.0,91.615,91.473,,,0.0
2023,1,Bahrain Grand Prix,Bahrain,2023-03-05 00:00:00,Bahrain Grand Prix,NOR,4,McLaren,11.0,17.0,0.0,0,Lapped,11.0,91.652,91.381,,,0.0
2023,1,Bahrain Grand Prix,Bahrain,2023-03-05 00:00:00,Bahrain Grand Prix,OCO,31,Alpine,9.0,18.0,0.0,1,Retired,9.0,91.508,90.914,90.984,,0.0
2023,1,Bahrain Grand Prix,Bahrain,2023-03-05 00:00:00,Bahrain Grand Prix,LEC,16,Ferrari,3.0,19.0,0.0,1,Retired,3.0,91.094,90.282,90.0,,0.0
2023,1,Bahrain Grand Prix,Bahrain,2023-03-05 00:00:00,Bahrain Grand Prix,PIA,81,McLaren,18.0,20.0,0.0,1,Retired,18.0,92.101,,,,0.0
2023,2,Saudi Arabian Grand Prix,Saudi Arabia,2023-03-19 00:00:00,Saudi Arabian Grand Prix,PER,11,Red Bull Racing,1.0,1.0,25.0,0,Finished,1.0,89.244,88.635,88.265,,0.0
2023,2,Saudi Arabian Grand Prix,Saudi Arabia,2023-03-19 00:00:00,Saudi Arabian Grand Prix,VER,1,Red Bull Racing,15.0,2.0,19.0,0,Finished,15.0,88.761,109.953,,,0.0
2023,2,Saudi Arabian Grand Prix,Saudi Arabia,2023-03-19 00:00:00,Saudi Arabian Grand Prix,ALO,14,Aston Martin,2.0,3.0,15.0,0,Finished,3.0,89.298,88.757,88.73,,0.0
2023,2,Saudi Arabian Grand Prix,Saudi Arabia,2023-03-19 00:00:00,Saudi Arabian Grand Prix,RUS,63,Mercedes,3.0,4.0,12.0,0,Finished,4.0,89.592,89.132,88.857,,0.0
2023,2,Saudi Arabian Grand Prix,Saudi Arabia,2023-03-19 00:00:00,Saudi Arabian Grand Prix,HAM,44,Mercedes,7.0,5.0,10.0,0,Finished,8.0,89.689,89.374,89.223,,0.0
2023,2,Saudi Arabian Grand Prix,Saudi Arabia,2023-03-19 00:00:00,Saudi Arabian Grand Prix,SAI,55,Ferrari,4.0,6.0,8.0,0,Finished,5.0,89.411,88.957,88.931,,0.0
2023,2,Saudi Arabian Grand Prix,Saudi Arabia,2023-03-19 00:00:00,Saudi Arabian Grand Prix,LEC,16,Ferrari,12.0,7.0,6.0,0,Finished,2.0,89.376,88.903,88.42,,0.0
2023,2,Saudi Arabian Grand Prix,Saudi Arabia,2023-03-19 00:00:00,Saudi Arabian Grand Prix,OCO,31,Alpine,6.0,8.0,4.0,0,Finished,7.0,89.707,89.255,89.078,,0.0
2023,2,Saudi Arabian Grand Prix,Saudi Arabia,2023-03-19 00:00:00,Saudi Arabian Grand Prix,GAS,10,Alpine,9.0,9.0,2.0,0,Finished,10.0,89.89,89.411,89.357,,0.0
2023,2,Saudi Arabian Grand Prix,Saudi Arabia,2023-03-19 00:00:00,Saudi Arabian Grand Prix,MAG,20,Haas F1 Team,13.0,10.0,1.0,0,Finished,13.0,89.744,89.634,,,0.0
2023,2,Saudi Arabian Grand Prix,Saudi Arabia,2023-03-19 00:00:00,Saudi Arabian Grand Prix,TSU,22,AlphaTauri,16.0,11.0,0.0,0,Finished,16.0,89.939,,,,0.0
2023,2,Saudi Arabian Grand Prix,Saudi Arabia,2023-03-19 00:00:00,Saudi Arabian Grand Prix,HUL,27,Haas F1 Team,10.0,12.0,0.0,0,Finished,11.0,89.547,89.451,,,0.0
2023,2,Saudi Arabian Grand Prix,Saudi Arabia,2023-03-19 00:00:00,Saudi Arabian Grand Prix,ZHO,24,Alfa Romeo,11.0,13.0,0.0,0,Finished,12.0,89.654,89.461,,,0.0
2023,2,Saudi Arabian Grand Prix,Saudi Arabia,2023-03-19 00:00:00,Saudi Arabian Grand Prix,DEV,21,AlphaTauri,18.0,14.0,0.0,0,Finished,18.0,90.244,,,,0.0
2023,2,Saudi Arabian Grand Prix,Saudi Arabia,2023-03-19 00:00:00,Saudi Arabian Grand Prix,PIA,81,McLaren,8.0,15.0,0.0,0,Finished,9.0,89.706,89.378,89.243,,0.0
2023,2,Saudi Arabian Grand Prix,Saudi Arabia,2023-03-19 00:00:00,Saudi Arabian Grand Prix,SAR,2,Williams,20.0,16.0,0.0,0,Finished,20.0,128.51,,,,0.0
2023,2,Saudi Arabian Grand Prix,Saudi Arabia,2023-03-19 00:00:00,Saudi Arabian Grand Prix,NOR,4,McLaren,19.0,17.0,0.0,0,Finished,19.0,90.447,,,,0.0
2023,2,Saudi Arabian Grand Prix,Saudi Arabia,2023-03-19 00:00:00,Saudi Arabian Grand Prix,BOT,77,Alfa Romeo,14.0,18.0,0.0,0,Lapped,14.0,89.929,89.668,,,0.0
2023,2,Saudi Arabian Grand Prix,Saudi Arabia,2023-03-19 00:00:00,Saudi Arabian Grand Prix,ALB,23,Williams,17.0,19.0,0.0,1,Retired,17.0,89.994,,,,0.0
2023,2,Saudi Arabian Grand Prix,Saudi Arabia,2023-03-19 00:00:00,Saudi Arabian Grand Prix,STR,18,Aston Martin,5.0,20.0,0.0,1,Retired,6.0,89.335,88.962,88.945,,0.0
2023,3,Australian Grand Prix,Australia,2023-04-02 00:00:00,Australian Grand Prix,VER,1,Red Bull Racing,1.0,1.0,25.0,0,Finished,1.0,77.384,77.056,76.732,,0.0
2023,3,Australian Grand Prix,Australia,2023-04-02 00:00:00,Australian Grand Prix,HAM,44,Mercedes,3.0,2.0,18.0,0,Finished,3.0,77.689,77.551,77.104,,0.0
2023,3,Australian Grand Prix,Australia,2023-04-02 00:00:00,Australian Grand Prix,ALO,14,Aston Martin,4.0,3.0,15.0,0,Finished,4.0,77.832,77.283,77.139,,0.0
2023,3,Australian Grand Prix,Australia,2023-04-02 00:00:00,Australian Grand Prix,STR,18,Aston Martin,6.0,4.0,12.0,0,Finished,6.0,77.873,77.616,77.308,,0.0
2023,3,Australian Grand Prix,Australia,2023-04-02 00:00:00,Australian Grand Prix,PER,11,Red Bull Racing,20.0,5.0,11.0,0,Finished,20.0,,,,,0.0
2023,3,Australian Grand Prix,Australia,2023-04-02 00:00:00,Australian Grand Prix,NOR,4,McLaren,13.0,6.0,8.0,0,Finished,13.0,78.243,78.119,,,0.0
2023,3,Australian Grand Prix,Australia,2023-04-02 00:00:00,Australian Grand Prix,HUL,27,Haas F1 Team,10.0,7.0,6.0,0,Finished,10.0,78.029,77.412,77.735,,0.0
2023,3,Australian Grand Prix,Australia,2023-04-02 00:00:00,Australian Grand Prix,PIA,81,McLaren,16.0,8.0,4.0,0,Finished,16.0,78.517,,,,0.0
2023,3,Australian Grand Prix,Australia,2023-04-02 00:00:00,Australian Grand Prix,ZHO,24,Alfa Romeo,17.0,9.0,2.0,0,Finished,17.0,78.54,,,,0.0
2023,3,Australian Grand Prix,Australia,2023-04-02 00:00:00,Australian Grand Prix,TSU,22,AlphaTauri,12.0,10.0,1.0,0,Finished,12.0,78.471,78.099,,,0.0
2023,3,Australian Grand Prix,Australia,2023-04-02 00:00:00,Australian Grand Prix,BOT,77,Alfa Romeo,19.0,11.0,0.0,0,Finished,19.0,78.714,,,,0.0
2023,3,Australian Grand Prix,Australia,2023-04-02 00:00:00,Australian Grand Prix,SAI,55,Ferrari,5.0,12.0,0.0,0,Finished,5.0,77.928,77.349,77.27,,0.0
2023,3,Australian Grand Prix,Australia,2023-04-02 00:00:00,Australian Grand Prix,GAS,10,Alpine,9.0,13.0,0.0,1,Retired,9.0,78.312,77.574,77.675,,0.0
2023,3,Australian Grand Prix,Australia,2023-04-02 00:00:00,Australian Grand Prix,OCO,31,Alpine,11.0,14.0,0.0,1,Retired,11.0,77.77,77.768,,,0.0
2023,3,Australian Grand Prix,Australia,2023-04-02 00:00:00,Australian Grand Prix,DEV,21,AlphaTauri,15.0,15.0,0.0,1,Retired,15.0,78.45,78.335,,,0.0
2023,3,Australian Grand Prix,Australia,2023-04-02 00:00:00,Australian Grand Prix,SAR,2,Williams,18.0,16.0,0.0,1,Retired,18.0,78.557,,,,0.0
2023,3,Australian Grand Prix,Australia,2023-04-02 00:00:00,Australian Grand Prix,MAG,20,Haas F1 Team,14.0,17.0,0.0,1,Retired,14.0,78.159,78.129,,,0.0
2023,3,Australian Grand Prix,Australia,2023-04-02 00:00:00,Australian Grand Prix,RUS,63,Mercedes,2.0,18.0,0.0,1,Retired,2.0,77.654,77.513,76.968,,0.0
2023,3,Australian Grand Prix,Australia,2023-04-02 00:00:00,Australian Grand Prix,ALB,23,Williams,8.0,19.0,0.0,1,Retired,8.0,77.962,77.761,77.609,,0.0
2023,3,Australian Grand Prix,Australia,2023-04-02 00:00:00,Australian Grand Prix,LEC,16,Ferrari,7.0,20.0,0.0,1,Retired,7.0,78.218,77.39,77.369,,0.0
2023,4,Azerbaijan Grand Prix,Azerbaijan,2023-04-30 00:00:00,Azerbaijan Grand Prix,PER,11,Red Bull Racing,3.0,1.0,25.0,0,Finished,3.0,101.756,101.131,100.495,1.0,8.0
2023,4,Azerbaijan Grand Prix,Azerbaijan,2023-04-30 00:00:00,Azerbaijan Grand Prix,VER,1,Red Bull Racing,2.0,2.0,18.0,0,Finished,2.0,101.398,100.822,100.391,3.0,6.0
2023,4,Azerbaijan Grand Prix,Azerbaijan,2023-04-30 00:00:00,Azerbaijan Grand Prix,LEC,16,Ferrari,1.0,3.0,15.0,0,Finished,1.0,101.269,101.037,100.203,2.0,7.0
2023,4,Azerbaijan Grand Prix,Azerbaijan,2023-04-30 00:00:00,Azerbaijan Grand Prix,ALO,14,Aston Martin,6.0,4.0,12.0,0,Finished,6.0,101.72,101.37,101.253,6.0,3.0
2023,4,Azerbaijan Grand Prix,Azerbaijan,2023-04-30 00:00:00,Azerbaijan Grand Prix,SAI,55,Ferrari,4.0,5.0,10.0,0,Finished,4.0,102.197,101.369,101.016,5.0,4.0
2023,4,Azerbaijan Grand Prix,Azerbaijan,2023-04-30 00:00:00,Azerbaijan Grand Prix,HAM,44,Mercedes,5.0,6.0,8.0,0,Finished,5.0,102.113,101.65,101.177,7.0,2.0
2023,4,Azerbaijan Grand Prix,Azerbaijan,2023-04-30 00:00:00,Azerbaijan Grand Prix,STR,18,Aston Martin,9.0,7.0,6.0,0,Finished,9.0,102.524,101.576,101.611,8.0,1.0
2023,4,Azerbaijan Grand Prix,Azerbaijan,2023-04-30 00:00:00,Azerbaijan Grand Prix,RUS,63,Mercedes,11.0,8.0,5.0,0,Finished,11.0,102.073,101.654,,4.0,5.0
2023,4,Azerbaijan Grand Prix,Azerbaijan,2023-04-30 00:00:00,Azerbaijan Grand Prix,NOR,4,McLaren,7.0,9.0,2.0,0,Finished,7.0,102.154,101.485,101.281,17.0,0.0
2023,4,Azerbaijan Grand Prix,Azerbaijan,2023-04-30 00:00:00,Azerbaijan Grand Prix,TSU,22,AlphaTauri,8.0,10.0,1.0,0,Finished,8.0,102.234,101.569,101.581,19.0,0.0
2023,4,Azerbaijan Grand Prix,Azerbaijan,2023-04-30 00:00:00,Azerbaijan Grand Prix,PIA,81,McLaren,10.0,11.0,0.0,0,Finished,10.0,102.455,101.636,101.611,10.0,0.0
2023,4,Azerbaijan Grand Prix,Azerbaijan,2023-04-30 00:00:00,Azerbaijan Grand Prix,ALB,23,Williams,12.0,12.0,0.0,0,Finished,13.0,102.171,101.818,,9.0,0.0
2023,4,Azerbaijan Grand Prix,Azerbaijan,2023-04-30 00:00:00,Azerbaijan Grand Prix,MAG,20,Haas F1 Team,16.0,13.0,0.0,0,Finished,18.0,103.417,,,11.0,0.0
2023,4,Azerbaijan Grand Prix,Azerbaijan,2023-04-30 00:00:00,Azerbaijan Grand Prix,GAS,10,Alpine,17.0,14.0,0.0,0,Finished,19.0,104.853,,,13.0,0.0
2023,4,Azerbaijan Grand Prix,Azerbaijan,2023-04-30 00:00:00,Azerbaijan Grand Prix,OCO,31,Alpine,19.0,15.0,0.0,0,Finished,12.0,102.622,101.798,,18.0,0.0
2023,4,Azerbaijan Grand Prix,Azerbaijan,2023-04-30 00:00:00,Azerbaijan Grand Prix,SAR,2,Williams,14.0,16.0,0.0,0,Finished,15.0,102.242,102.395,,,0.0
2023,4,Azerbaijan Grand Prix,Azerbaijan,2023-04-30 00:00:00,Azerbaijan Grand Prix,HUL,27,Haas F1 Team,20.0,17.0,0.0,0,Lapped,17.0,102.755,,,15.0,0.0
2023,4,Azerbaijan Grand Prix,Azerbaijan,2023-04-30 00:00:00,Azerbaijan Grand Prix,BOT,77,Alfa Romeo,13.0,18.0,0.0,0,Lapped,14.0,102.582,102.259,,16.0,0.0
2023,4,Azerbaijan Grand Prix,Azerbaijan,2023-04-30 00:00:00,Azerbaijan Grand Prix,ZHO,24,Alfa Romeo,15.0,19.0,0.0,1,Retired,16.0,102.642,,,12.0,0.0
2023,4,Azerbaijan Grand Prix,Azerbaijan,2023-04-30 00:00:00,Azerbaijan Grand Prix,DEV,21,AlphaTauri,18.0,20.0,0.0,1,Retired,20.0,115.282,,,14.0,0.0
2023,5,Miami Grand Prix,United States,2023-05-07 00:00:00,Miami Grand Prix,VER,1,Red Bull Racing,9.0,1.0,26.0,0,Finished,9.0,87.363,86.814,,,0.0
2023,5,Miami Grand Prix,United States,2023-05-07 00:00:00,Miami Grand Prix,PER,11,Red Bull Racing,1.0,2.0,18.0,0,Finished,1.0,87.713,87.328,86.841,,0.0
2023,5,Miami Grand Prix,United States,2023-05-07 00:00:00,Miami Grand Prix,ALO,14,Aston Martin,2.0,3.0,15.0,0,Finished,2.0,88.179,87.097,87.202,,0.0
2023,5,Miami Grand Prix,United States,2023-05-07 00:00:00,Miami Grand Prix,RUS,63,Mercedes,6.0,4.0,12.0,0,Finished,6.0,88.086,87.743,87.804,,0.0
2023,5,Miami Grand Prix,United States,2023-05-07 00:00:00,Miami Grand Prix,SAI,55,Ferrari,3.0,5.0,10.0,0,Finished,3.0,87.686,87.148,87.349,,0.0
2023,5,Miami Grand Prix,United States,2023-05-07 00:00:00,Miami Grand Prix,HAM,44,Mercedes,13.0,6.0,8.0,0,Finished,13.0,87.846,87.975,,,0.0
2023,5,Miami Grand Prix,United States,2023-05-07 00:00:00,Miami Grand Prix,LEC,16,Ferrari,7.0,7.0,6.0,0,Finished,7.0,87.713,86.964,87.861,,0.0
2023,5,Miami Grand Prix,United States,2023-05-07 00:00:00,Miami Grand Prix,GAS,10,Alpine,5.0,8.0,4.0,0,Finished,5.0,88.061,87.612,87.786,,0.0
2023,5,Miami Grand Prix,United States,2023-05-07 00:00:00,Miami Grand Prix,OCO,31,Alpine,8.0,9.0,2.0,0,Finished,8.0,87.872,87.444,87.935,,0.0
2023,5,Miami Grand Prix,United States,2023-05-07 00:00:00,Miami Grand Prix,MAG,20,Haas F1 Team,4.0,10.0,1.0,0,Finished,4.0,87.809,87.673,87.767,,0.0
2023,5,Miami Grand Prix,United States,2023-05-07 00:00:00,Miami Grand Prix,TSU,22,AlphaTauri,17.0,11.0,0.0,0,Finished,17.0,88.429,,,,0.0
2023,5,Miami Grand Prix,United States,2023-05-07 00:00:00,Miami Grand Prix,STR,18,Aston Martin,18.0,12.0,0.0,0,Finished,18.0,88.476,,,,0.0
2023,5,Miami Grand Prix,United States,2023-05-07 00:00:00,Miami Grand Prix,BOT,77,Alfa Romeo,10.0,13.0,0.0,0,Finished,10.0,87.864,87.564,,,0.0
2023,5,Miami Grand Prix,United States,2023-05-07 00:00:00,Miami Grand Prix,ALB,23,Williams,11.0,14.0,0.0,0,Finished,11.0,88.234,87.795,,,0.0
2023,5,Miami Grand Prix,United States,2023-05-07 00:00:00,Miami Grand Prix,HUL,27,Haas F1 Team,12.0,15.0,0.0,0,Finished,12.0,87.945,87.903,,,0.0
2023,5,Miami Grand Prix,United States,2023-05-07 00:00:00,Miami Grand Prix,ZHO,24,Alfa Romeo,14.0,16.0,0.0,0,Finished,14.0,88.18,88.091,,,0.0
2023,5,Miami Grand Prix,United States,2023-05-07 00:00:00,Miami Grand Prix,NOR,4,McLaren,16.0,17.0,0.0,0,Finished,16.0,88.394,,,,0.0
2023,5,Miami Grand Prix,United States,2023-05-07 00:00:00,Miami Grand Prix,DEV,21,AlphaTauri,15.0,18.0,0.0,0,Finished,15.0,88.325,88.395,,,0.0
2023,5,Miami Grand Prix,United States,2023-05-07 00:00:00,Miami Grand Prix,PIA,81,McLaren,19.0,19.0,0.0,0,Lapped,19.0,88.484,,,,0.0
2023,5,Miami Grand Prix,United States,2023-05-07 00:00:00,Miami Grand Prix,SAR,2,Williams,20.0,20.0,0.0,0,Lapped,20.0,88.577,,,,0.0
2023,6,Monaco Grand Prix,Monaco,2023-05-28 00:00:00,Monaco Grand Prix,VER,1,Red Bull Racing,1.0,1.0,25.0,0,Finished,1.0,72.386,71.908,71.365,,0.0
2023,6,Monaco Grand Prix,Monaco,2023-05-28 00:00:00,Monaco Grand Prix,ALO,14,Aston Martin,2.0,2.0,18.0,0,Finished,2.0,72.886,72.107,71.449,,0.0
2023,6,Monaco Grand Prix,Monaco,2023-05-28 00:00:00,Monaco Grand Prix,OCO,31,Alpine,3.0,3.0,15.0,0,Finished,4.0,72.967,72.248,71.553,,0.0
2023,6,Monaco Grand Prix,Monaco,2023-05-28 00:00:00,Monaco Grand Prix,HAM,44,Mercedes,5.0,4.0,13.0,0,Finished,6.0,72.872,72.156,71.725,,0.0
2023,6,Monaco Grand Prix,Monaco,2023-05-28 00:00:00,Monaco Grand Prix,RUS,63,Mercedes,8.0,5.0,10.0,0,Finished,8.0,72.769,72.151,71.964,,0.0
2023,6,Monaco Grand Prix,Monaco,2023-05-28 00:00:00,Monaco Grand Prix,LEC,16,Ferrari,6.0,6.0,8.0,0,Finished,3.0,72.912,72.103,71.471,,0.0
2023,6,Monaco Grand Prix,Monaco,2023-05-28 00:00:00,Monaco Grand Prix,GAS,10,Alpine,7.0,7.0,6.0,0,Finished,7.0,73.033,72.169,71.933,,0.0
2023,6,Monaco Grand Prix,Monaco,2023-05-28 00:00:00,Monaco Grand Prix,SAI,55,Ferrari,4.0,8.0,4.0,0,Finished,5.0,72.717,72.21,71.63,,0.0
2023,6,Monaco Grand Prix,Monaco,2023-05-28 00:00:00,Monaco Grand Prix,NOR,4,McLaren,10.0,9.0,2.0,0,Lapped,10.0,72.877,72.377,72.254,,0.0
2023,6,Monaco Grand Prix,Monaco,2023-05-28 00:00:00,Monaco Grand Prix,PIA,81,McLaren,11.0,10.0,1.0,0,Lapped,11.0,73.006,72.395,,,0.0
2023,6,Monaco Grand Prix,Monaco,2023-05-28 00:00:00,Monaco Grand Prix,BOT,77,Alfa Romeo,15.0,11.0,0.0,0,Lapped,15.0,73.038,72.625,,,0.0
2023,6,Monaco Grand Prix,Monaco,2023-05-28 00:00:00,Monaco Grand Prix,DEV,21,AlphaTauri,12.0,12.0,0.0,0,Lapped,12.0,73.054,72.428,,,0.0
2023,6,Monaco Grand Prix,Monaco,2023-05-28 00:00:00,Monaco Grand Prix,ZHO,24,Alfa Romeo,19.0,13.0,0.0,0,Lapped,19.0,73.523,,,,0.0
2023,6,Monaco Grand Prix,Monaco,2023-05-28 00:00:00,Monaco Grand Prix,ALB,23,Williams,13.0,14.0,0.0,0,Lapped,13.0,72.706,72.527,,,0.0
2023,6,Monaco Grand Prix,Monaco,2023-05-28 00:00:00,Monaco Grand Prix,TSU,22,AlphaTauri,9.0,15.0,0.0,0,Lapped,9.0,72.642,72.249,72.082,,0.0
2023,6,Monaco Grand Prix,Monaco,2023-05-28 00:00:00,Monaco Grand Prix,PER,11,Red Bull Racing,20.0,16.0,0.0,0,Lapped,20.0,73.85,,,,0.0
2023,6,Monaco Grand Prix,Monaco,2023-05-28 00:00:00,Monaco Grand Prix,HUL,27,Haas F1 Team,18.0,17.0,0.0,0,Lapped,18.0,73.279,,,,0.0
2023,6,Monaco Grand Prix,Monaco,2023-05-28 00:00:00,Monaco Grand Prix,SAR,2,Williams,16.0,18.0,0.0,0,Lapped,16.0,73.113,,,,0.0
2023,6,Monaco Grand Prix,Monaco,2023-05-28 00:00:00,Monaco Grand Prix,MAG,20,Haas F1 Team,17.0,19.0,0.0,1,Retired,17.0,73.27,,,,0.0
2023,6,Monaco Grand Prix,Monaco,2023-05-28 00:00:00,Monaco Grand Prix,STR,18,Aston Martin,14.0,20.0,0.0,1,Retired,14.0,72.722,72.623,,,0.0
2023,7,Spanish Grand Prix,Spain,2023-06-04 00:00:00,Spanish Grand Prix,VER,1,Red Bull Racing,1.0,1.0,26.0,0,Finished,1.0,73.615,72.76,72.272,,0.0
2023,7,Spanish Grand Prix,Spain,2023-06-04 00:00:00,Spanish Grand Prix,HAM,44,Mercedes,4.0,2.0,18.0,0,Finished,5.0,72.937,72.999,72.818,,0.0
2023,7,Spanish Grand Prix,Spain,2023-06-04 00:00:00,Spanish Grand Prix,RUS,63,Mercedes,12.0,3.0,15.0,0,Finished,12.0,73.326,73.447,,,0.0
2023,7,Spanish Grand Prix,Spain,2023-06-04 00:00:00,Spanish Grand Prix,PER,11,Red Bull Racing,11.0,4.0,12.0,0,Finished,11.0,73.874,73.334,,,0.0
2023,7,Spanish Grand Prix,Spain,2023-06-04 00:00:00,Spanish Grand Prix,SAI,55,Ferrari,2.0,5.0,10.0,0,Finished,2.0,73.411,72.79,72.734,,0.0
2023,7,Spanish Grand Prix,Spain,2023-06-04 00:00:00,Spanish Grand Prix,STR,18,Aston Martin,5.0,6.0,8.0,0,Finished,6.0,73.766,73.082,72.994,,0.0
2023,7,Spanish Grand Prix,Spain,2023-06-04 00:00:00,Spanish Grand Prix,ALO,14,Aston Martin,8.0,7.0,6.0,0,Finished,9.0,73.747,73.098,73.507,,0.0
2023,7,Spanish Grand Prix,Spain,2023-06-04 00:00:00,Spanish Grand Prix,OCO,31,Alpine,6.0,8.0,4.0,0,Finished,7.0,73.433,73.001,73.083,,0.0
2023,7,Spanish Grand Prix,Spain,2023-06-04 00:00:00,Spanish Grand Prix,ZHO,24,Alfa Romeo,13.0,9.0,2.0,0,Finished,13.0,73.677,73.521,,,0.0
2023,7,Spanish Grand Prix,Spain,2023-06-04 00:00:00,Spanish Grand Prix,GAS,10,Alpine,10.0,10.0,1.0,0,Finished,4.0,73.471,73.186,72.816,,0.0
2023,7,Spanish Grand Prix,Spain,2023-06-04 00:00:00,Spanish Grand Prix,LEC,16,Ferrari,19.0,11.0,0.0,0,Finished,19.0,74.079,,,,0.0
2023,7,Spanish Grand Prix,Spain,2023-06-04 00:00:00,Spanish Grand Prix,TSU,22,AlphaTauri,15.0,12.0,0.0,0,Finished,15.0,73.862,74.477,,,0.0
2023,7,Spanish Grand Prix,Spain,2023-06-04 00:00:00,Spanish Grand Prix,PIA,81,McLaren,9.0,13.0,0.0,0,Lapped,10.0,73.691,73.059,73.682,,0.0
2023,7,Spanish Grand Prix,Spain,2023-06-04 00:00:00,Spanish Grand Prix,DEV,21,AlphaTauri,14.0,14.0,0.0,0,Lapped,14.0,73.581,74.083,,,0.0
2023,7,Spanish Grand Prix,Spain,2023-06-04 00:00:00,Spanish Grand Prix,HUL,27,Haas F1 Team,7.0,15.0,0.0,0,Lapped,8.0,73.42,73.283,73.229,,0.0
2023,7,Spanish Grand Prix,Spain,2023-06-04 00:00:00,Spanish Grand Prix,ALB,23,Williams,18.0,16.0,0.0,0,Lapped,18.0,74.063,,,,0.0
2023,7,Spanish Grand Prix,Spain,2023-06-04 00:00:00,Spanish Grand Prix,NOR,4,McLaren,3.0,17.0,0.0,0,Lapped,3.0,73.295,72.776,72.792,,0.0
2023,7,Spanish Grand Prix,Spain,2023-06-04 00:00:00,Spanish Grand Prix,MAG,20,Haas F1 Team,17.0,18.0,0.0,0,Lapped,17.0,74.042,,,,0.0
2023,7,Spanish Grand Prix,Spain,2023-06-04 00:00:00,Spanish Grand Prix,BOT,77,Alfa Romeo,16.0,19.0,0.0,0,Lapped,16.0,73.977,,,,0.0
2023,7,Spanish Grand Prix,Spain,2023-06-04 00:00:00,Spanish Grand Prix,SAR,2,Williams,20.0,20.0,0.0,0,Lapped,20.0,74.699,,,,0.0
2023,8,Canadian Grand Prix,Canada,2023-06-18 00:00:00,Canadian Grand Prix,VER,1,Red Bull Racing,1.0,1.0,25.0,0,Finished,1.0,80.851,79.092,85.858,,0.0
2023,8,Canadian Grand Prix,Canada,2023-06-18 00:00:00,Canadian Grand Prix,ALO,14,Aston Martin,2.0,2.0,18.0,0,Finished,3.0,81.481,79.776,87.286,,0.0
2023,8,Canadian Grand Prix,Canada,2023-06-18 00:00:00,Canadian Grand Prix,HAM,44,Mercedes,3.0,3.0,15.0,0,Finished,4.0,81.554,80.426,87.627,,0.0
2023,8,Canadian Grand Prix,Canada,2023-06-18 00:00:00,Canadian Grand Prix,LEC,16,Ferrari,10.0,4.0,12.0,0,Finished,11.0,81.843,80.615,,,0.0
2023,8,Canadian Grand Prix,Canada,2023-06-18 00:00:00,Canadian Grand Prix,SAI,55,Ferrari,11.0,5.0,10.0,0,Finished,8.0,82.248,79.856,89.294,,0.0
2023,8,Canadian Grand Prix,Canada,2023-06-18 00:00:00,Canadian Grand Prix,PER,11,Red Bull Racing,12.0,6.0,9.0,0,Finished,12.0,82.151,80.959,,,0.0
2023,8,Canadian Grand Prix,Canada,2023-06-18 00:00:00,Canadian Grand Prix,ALB,23,Williams,9.0,7.0,6.0,0,Finished,10.0,81.938,78.725,,,0.0
2023,8,Canadian Grand Prix,Canada,2023-06-18 00:00:00,Canadian Grand Prix,OCO,31,Alpine,6.0,8.0,4.0,0,Finished,6.0,82.114,80.406,87.945,,0.0
2023,8,Canadian Grand Prix,Canada,2023-06-18 00:00:00,Canadian Grand Prix,STR,18,Aston Martin,16.0,9.0,2.0,0,Finished,13.0,82.677,81.484,,,0.0
2023,8,Canadian Grand Prix,Canada,2023-06-18 00:00:00,Canadian Grand Prix,BOT,77,Alfa Romeo,14.0,10.0,1.0,0,Finished,15.0,82.332,81.821,,,0.0
2023,8,Canadian Grand Prix,Canada,2023-06-18 00:00:00,Canadian Grand Prix,PIA,81,McLaren,8.0,11.0,0.0,0,Finished,9.0,82.19,79.659,91.349,,0.0
2023,8,Canadian Grand Prix,Canada,2023-06-18 00:00:00,Canadian Grand Prix,GAS,10,Alpine,15.0,12.0,0.0,0,Finished,17.0,82.886,,,,0.0
2023,8,Canadian Grand Prix,Canada,2023-06-18 00:00:00,Canadian Grand Prix,NOR,4,McLaren,7.0,13.0,0.0,0,Finished,7.0,81.998,79.347,88.046,,0.0
2023,8,Canadian Grand Prix,Canada,2023-06-18 00:00:00,Canadian Grand Prix,TSU,22,AlphaTauri,19.0,14.0,0.0,0,Finished,16.0,82.746,,,,0.0
2023,8,Canadian Grand Prix,Canada,2023-06-18 00:00:00,Canadian Grand Prix,HUL,27,Haas F1 Team,5.0,15.0,0.0,0,Lapped,2.0,82.73,80.305,87.102,,0.0
2023,8,Canadian Grand Prix,Canada,2023-06-18 00:00:00,Canadian Grand Prix,ZHO,24,Alfa Romeo,20.0,16.0,0.0,0,Lapped,20.0,83.342,,,,0.0
2023,8,Canadian Grand Prix,Canada,2023-06-18 00:00:00,Canadian Grand Prix,MAG,20,Haas F1 Team,13.0,17.0,0.0,0,Lapped,14.0,82.351,81.678,,,0.0
2023,8,Canadian Grand Prix,Canada,2023-06-18 00:00:00,Canadian Grand Prix,DEV,21,AlphaTauri,17.0,18.0,0.0,0,Lapped,18.0,83.137,,,,0.0
2023,8,Canadian Grand Prix,Canada,2023-06-18 00:00:00,Canadian Grand Prix,RUS,63,Mercedes,4.0,19.0,0.0,1,Retired,5.0,81.798,80.098,87.893,,0.0
2023,8,Canadian Grand Prix,Canada,2023-06-18 00:00:00,Canadian Grand Prix,SAR,2,Williams,18.0,20.0,0.0,1,Retired,19.0,83.337,,,,0.0
2023,9,Austrian Grand Prix,Austria,2023-07-02 00:00:00,Austrian Grand Prix,VER,1,Red Bull Racing,1.0,1.0,26.0,0,Finished,1.0,65.116,64.951,64.391,1.0,8.0
2023,9,Austrian Grand Prix,Austria,2023-07-02 00:00:00,Austrian Grand Prix,LEC,16,Ferrari,2.0,2.0,18.0,0,Finished,2.0,65.577,65.087,64.439,12.0,0.0
2023,9,Austrian Grand Prix,Austria,2023-07-02 00:00:00,Austrian Grand Prix,PER,11,Red Bull Racing,15.0,3.0,15.0,0,Finished,15.0,65.177,126.688,,2.0,7.0
2023,9,Austrian Grand Prix,Austria,2023-07-02 00:00:00,Austrian Grand Prix,NOR,4,McLaren,4.0,4.0,12.0,0,Finished,4.0,65.617,65.038,64.658,9.0,0.0
2023,9,Austrian Grand Prix,Austria,2023-07-02 00:00:00,Austrian Grand Prix,ALO,14,Aston Martin,7.0,5.0,10.0,0,Finished,7.0,65.655,65.181,64.911,5.0,4.0
2023,9,Austrian Grand Prix,Austria,2023-07-02 00:00:00,Austrian Grand Prix,SAI,55,Ferrari,3.0,6.0,8.0,0,Finished,3.0,65.339,64.975,64.581,3.0,6.0
2023,9,Austrian Grand Prix,Austria,2023-07-02 00:00:00,Austrian Grand Prix,RUS,63,Mercedes,11.0,7.0,6.0,0,Finished,11.0,65.686,65.428,,8.0,1.0
2023,9,Austrian Grand Prix,Austria,2023-07-02 00:00:00,Austrian Grand Prix,HAM,44,Mercedes,5.0,8.0,4.0,0,Finished,5.0,65.673,65.188,64.819,10.0,0.0
2023,9,Austrian Grand Prix,Austria,2023-07-02 00:00:00,Austrian Grand Prix,STR,18,Aston Martin,6.0,9.0,2.0,0,Finished,6.0,65.71,65.121,64.893,4.0,5.0
2023,9,Austrian Grand Prix,Austria,2023-07-02 00:00:00,Austrian Grand Prix,GAS,10,Alpine,9.0,10.0,1.0,0,Finished,9.0,65.515,65.308,65.17,15.0,0.0
2023,9,Austrian Grand Prix,Austria,2023-07-02 00:00:00,Austrian Grand Prix,ALB,23,Williams,10.0,11.0,0.0,0,Finished,10.0,65.673,65.387,65.823,13.0,0.0
2023,9,Austrian Grand Prix,Austria,2023-07-02 00:00:00,Austrian Grand Prix,ZHO,24,Alfa Romeo,17.0,12.0,0.0,0,Lapped,17.0,65.818,,,19.0,0.0
2023,9,Austrian Grand Prix,Austria,2023-07-02 00:00:00,Austrian Grand Prix,SAR,2,Williams,18.0,13.0,0.0,0,Lapped,18.0,65.948,,,18.0,0.0
2023,9,Austrian Grand Prix,Austria,2023-07-02 00:00:00,Austrian Grand Prix,OCO,31,Alpine,12.0,14.0,0.0,0,Lapped,12.0,65.729,65.453,,7.0,2.0
2023,9,Austrian Grand Prix,Austria,2023-07-02 00:00:00,Austrian Grand Prix,BOT,77,Alfa Romeo,14.0,15.0,0.0,0,Lapped,14.0,65.763,65.68,,20.0,0.0
2023,9,Austrian Grand Prix,Austria,2023-07-02 00:00:00,Austrian Grand Prix,PIA,81,McLaren,13.0,16.0,0.0,0,Lapped,13.0,65.683,65.605,,11.0,0.0
2023,9,Austrian Grand Prix,Austria,2023-07-02 00:00:00,Austrian Grand Prix,DEV,21,AlphaTauri,20.0,17.0,0.0,0,Lapped,20.0,65.974,,,17.0,0.0
2023,9,Austrian Grand Prix,Austria,2023-07-02 00:00:00,Austrian Grand Prix,MAG,20,Haas F1 Team,19.0,18.0,0.0,0,Lapped,19.0,65.971,,,14.0,0.0
2023,9,Austrian Grand Prix,Austria,2023-07-02 00:00:00,Austrian Grand Prix,TSU,22,AlphaTauri,16.0,19.0,0.0,0,Lapped,16.0,65.784,,,16.0,0.0
2023,9,Austrian Grand Prix,Austria,2023-07-02 00:00:00,Austrian Grand Prix,HUL,27,Haas F1 Team,8.0,20.0,0.0,1,Retired,8.0,65.74,65.362,65.09,6.0,3.0
2023,10,British Grand Prix,Great Britain,2023-07-09 00:00:00,British Grand Prix,VER,1,Red Bull Racing,1.0,1.0,26.0,0,Finished,1.0,89.428,87.702,86.72,,0.0
2023,10,British Grand Prix,Great Britain,2023-07-09 00:00:00,British Grand Prix,NOR,4,McLaren,2.0,2.0,18.0,0,Finished,2.0,88.917,88.042,86.961,,0.0
2023,10,British Grand Prix,Great Britain,2023-07-09 00:00:00,British Grand Prix,HAM,44,Mercedes,7.0,3.0,15.0,0,Finished,7.0,89.415,88.545,87.211,,0.0
2023,10,British Grand Prix,Great Britain,2023-07-09 00:00:00,British Grand Prix,PIA,81,McLaren,3.0,4.0,12.0,0,Finished,3.0,89.874,87.845,87.092,,0.0
2023,10,British Grand Prix,Great Britain,2023-07-09 00:00:00,British Grand Prix,RUS,63,Mercedes,6.0,5.0,10.0,0,Finished,6.0,89.412,88.782,87.155,,0.0
2023,10,British Grand Prix,Great Britain,2023-07-09 00:00:00,British Grand Prix,PER,11,Red Bull Racing,15.0,6.0,8.0,0,Finished,15.0,89.968,,,,0.0
2023,10,British Grand Prix,Great Britain,2023-07-09 00:00:00,British Grand Prix,ALO,14,Aston Martin,9.0,7.0,6.0,0,Finished,9.0,89.949,88.368,87.659,,0.0
2023,10,British Grand Prix,Great Britain,2023-07-09 00:00:00,British Grand Prix,ALB,23,Williams,8.0,8.0,4.0,0,Finished,8.0,89.466,88.067,87.53,,0.0
2023,10,British Grand Prix,Great Britain,2023-07-09 00:00:00,British Grand Prix,LEC,16,Ferrari,4.0,9.0,2.0,0,Finished,4.0,89.143,88.361,87.136,,0.0
2023,10,British Grand Prix,Great Britain,2023-07-09 00:00:00,British Grand Prix,SAI,55,Ferrari,5.0,10.0,1.0,0,Finished,5.0,89.865,88.265,87.148,,0.0
2023,10,British Grand Prix,Great Britain,2023-07-09 00:00:00,British Grand Prix,SAR,2,Williams,14.0,11.0,0.0,0,Finished,14.0,89.873,89.031,,,0.0
2023,10,British Grand Prix,Great Britain,2023-07-09 00:00:00,British Grand Prix,BOT,77,Alfa Romeo,20.0,12.0,0.0,0,Finished,15.0,89.798,,,,0.0
2023,10,British Grand Prix,Great Britain,2023-07-09 00:00:00,British Grand Prix,HUL,27,Haas F1 Team,11.0,13.0,0.0,0,Finished,11.0,89.603,88.896,,,0.0
2023,10,British Grand Prix,Great Britain,2023-07-09 00:00:00,British Grand Prix,STR,18,Aston Martin,12.0,14.0,0.0,0,Finished,12.0,89.448,88.935,,,0.0
2023,10,British Grand Prix,Great Britain,2023-07-09 00:00:00,British Grand Prix,ZHO,24,Alfa Romeo,17.0,15.0,0.0,0,Finished,17.0,90.123,,,,0.0
2023,10,British Grand Prix,Great Britain,2023-07-09 00:00:00,British Grand Prix,TSU,22,AlphaTauri,16.0,16.0,0.0,0,Finished,16.0,90.025,,,,0.0
2023,10,British Grand Prix,Great Britain,2023-07-09 00:00:00,British Grand Prix,DEV,21,AlphaTauri,18.0,17.0,0.0,0,Finished,18.0,90.513,,,,0.0
2023,10,British Grand Prix,Great Britain,2023-07-09 00:00:00,British Grand Prix,GAS,10,Alpine,10.0,18.0,0.0,1,Retired,10.0,89.533,88.751,87.689,,0.0
2023,10,British Grand Prix,Great Britain,2023-07-09 00:00:00,British Grand Prix,MAG,20,Haas F1 Team,19.0,19.0,0.0,1,Retired,19.0,92.378,,,,0.0
2023,10,British Grand Prix,Great Britain,2023-07-09 00:00:00,British Grand Prix,OCO,31,Alpine,13.0,20.0,0.0,1,Retired,13.0,89.7,88.956,,,0.0
2023,11,Hungarian Grand Prix,Hungary,2023-07-23 00:00:00,Hungarian Grand Prix,VER,1,Red Bull Racing,2.0,1.0,26.0,0,Finished,2.0,78.318,77.547,76.612,,0.0
2023,11,Hungarian Grand Prix,Hungary,2023-07-23 00:00:00,Hungarian Grand Prix,NOR,4,McLaren,3.0,2.0,18.0,0,Finished,3.0,78.697,77.328,76.694,,0.0
2023,11,Hungarian Grand Prix,Hungary,2023-07-23 00:00:00,Hungarian Grand Prix,PER,11,Red Bull Racing,9.0,3.0,15.0,0,Finished,9.0,78.36,77.675,77.045,,0.0
2023,11,Hungarian Grand Prix,Hungary,2023-07-23 00:00:00,Hungarian Grand Prix,HAM,44,Mercedes,1.0,4.0,12.0,0,Finished,1.0,78.577,77.427,76.609,,0.0
2023,11,Hungarian Grand Prix,Hungary,2023-07-23 00:00:00,Hungarian Grand Prix,PIA,81,McLaren,4.0,5.0,10.0,0,Finished,4.0,78.464,77.571,76.905,,0.0
2023,11,Hungarian Grand Prix,Hungary,2023-07-23 00:00:00,Hungarian Grand Prix,RUS,63,Mercedes,18.0,6.0,8.0,0,Finished,18.0,79.027,,,,0.0
2023,11,Hungarian Grand Prix,Hungary,2023-07-23 00:00:00,Hungarian Grand Prix,LEC,16,Ferrari,6.0,7.0,6.0,0,Finished,6.0,78.44,77.58,76.992,,0.0
2023,11,Hungarian Grand Prix,Hungary,2023-07-23 00:00:00,Hungarian Grand Prix,SAI,55,Ferrari,11.0,8.0,4.0,0,Finished,11.0,78.393,77.703,,,0.0
2023,11,Hungarian Grand Prix,Hungary,2023-07-23 00:00:00,Hungarian Grand Prix,ALO,14,Aston Martin,8.0,9.0,2.0,0,Finished,8.0,78.58,77.701,77.035,,0.0
2023,11,Hungarian Grand Prix,Hungary,2023-07-23 00:00:00,Hungarian Grand Prix,STR,18,Aston Martin,14.0,10.0,1.0,0,Lapped,14.0,78.782,78.144,,,0.0
2023,11,Hungarian Grand Prix,Hungary,2023-07-23 00:00:00,Hungarian Grand Prix,ALB,23,Williams,16.0,11.0,0.0,0,Lapped,16.0,78.917,,,,0.0
2023,11,Hungarian Grand Prix,Hungary,2023-07-23 00:00:00,Hungarian Grand Prix,BOT,77,Alfa Romeo,7.0,12.0,0.0,0,Lapped,7.0,78.775,77.563,77.034,,0.0
2023,11,Hungarian Grand Prix,Hungary,2023-07-23 00:00:00,Hungarian Grand Prix,RIC,3,AlphaTauri,13.0,13.0,0.0,0,Lapped,13.0,78.906,78.002,,,0.0
2023,11,Hungarian Grand Prix,Hungary,2023-07-23 00:00:00,Hungarian Grand Prix,HUL,27,Haas F1 Team,10.0,14.0,0.0,0,Lapped,10.0,78.695,77.652,77.186,,0.0
2023,11,Hungarian Grand Prix,Hungary,2023-07-23 00:00:00,Hungarian Grand Prix,TSU,22,AlphaTauri,17.0,15.0,0.0,0,Lapped,17.0,78.919,,,,0.0
2023,11,Hungarian Grand Prix,Hungary,2023-07-23 00:00:00,Hungarian Grand Prix,ZHO,24,Alfa Romeo,5.0,16.0,0.0,0,Lapped,5.0,78.143,77.7,76.971,,0.0
2023,11,Hungarian Grand Prix,Hungary,2023-07-23 00:00:00,Hungarian Grand Prix,MAG,20,Haas F1 Team,19.0,17.0,0.0,0,Lapped,19.0,79.206,,,,0.0
2023,11,Hungarian Grand Prix,Hungary,2023-07-23 00:00:00,Hungarian Grand Prix,SAR,2,Williams,20.0,18.0,0.0,1,Retired,20.0,79.248,,,,0.0
2023,11,Hungarian Grand Prix,Hungary,2023-07-23 00:00:00,Hungarian Grand Prix,OCO,31,Alpine,12.0,19.0,0.0,1,Retired,12.0,78.854,77.841,,,0.0
2023,11,Hungarian Grand Prix,Hungary,2023-07-23 00:00:00,Hungarian Grand Prix,GAS,10,Alpine,15.0,20.0,0.0,1,Retired,15.0,78.743,78.217,,,0.0
2023,12,Belgian Grand Prix,Belgium,2023-07-30 00:00:00,Belgian Grand Prix,VER,1,Red Bull Racing,6.0,1.0,25.0,0,Finished,1.0,118.515,112.784,106.168,1.0,8.0
2023,12,Belgian Grand Prix,Belgium,2023-07-30 00:00:00,Belgian Grand Prix,PER,11,Red Bull Racing,2.0,2.0,18.0,0,Finished,3.0,118.899,112.353,107.045,19.0,0.0
2023,12,Belgian Grand Prix,Belgium,2023-07-30 00:00:00,Belgian Grand Prix,LEC,16,Ferrari,1.0,3.0,15.0,0,Finished,2.0,118.3,112.017,106.988,5.0,4.0
2023,12,Belgian Grand Prix,Belgium,2023-07-30 00:00:00,Belgian Grand Prix,HAM,44,Mercedes,3.0,4.0,13.0,0,Finished,4.0,118.563,112.345,107.087,7.0,2.0
2023,12,Belgian Grand Prix,Belgium,2023-07-30 00:00:00,Belgian Grand Prix,ALO,14,Aston Martin,9.0,5.0,10.0,0,Finished,9.0,118.834,112.751,107.843,20.0,0.0
2023,12,Belgian Grand Prix,Belgium,2023-07-30 00:00:00,Belgian Grand Prix,RUS,63,Mercedes,8.0,6.0,8.0,0,Finished,8.0,119.035,112.605,107.805,8.0,1.0
2023,12,Belgian Grand Prix,Belgium,2023-07-30 00:00:00,Belgian Grand Prix,NOR,4,McLaren,7.0,7.0,6.0,0,Finished,7.0,119.981,112.252,107.669,6.0,3.0
2023,12,Belgian Grand Prix,Belgium,2023-07-30 00:00:00,Belgian Grand Prix,OCO,31,Alpine,14.0,8.0,4.0,0,Finished,15.0,119.634,116.372,,9.0,0.0
2023,12,Belgian Grand Prix,Belgium,2023-07-30 00:00:00,Belgian Grand Prix,STR,18,Aston Martin,10.0,9.0,2.0,0,Finished,10.0,119.663,112.193,108.841,11.0,0.0
2023,12,Belgian Grand Prix,Belgium,2023-07-30 00:00:00,Belgian Grand Prix,TSU,22,AlphaTauri,11.0,10.0,1.0,0,Finished,11.0,119.044,113.148,,18.0,0.0
2023,12,Belgian Grand Prix,Belgium,2023-07-30 00:00:00,Belgian Grand Prix,GAS,10,Alpine,12.0,11.0,0.0,0,Finished,12.0,119.511,113.671,,3.0,6.0
2023,12,Belgian Grand Prix,Belgium,2023-07-30 00:00:00,Belgian Grand Prix,BOT,77,Alfa Romeo,13.0,12.0,0.0,0,Finished,14.0,119.484,114.694,,13.0,0.0
2023,12,Belgian Grand Prix,Belgium,2023-07-30 00:00:00,Belgian Grand Prix,ZHO,24,Alfa Romeo,17.0,13.0,0.0,0,Finished,17.0,120.832,,,15.0,0.0
2023,12,Belgian Grand Prix,Belgium,2023-07-30 00:00:00,Belgian Grand Prix,ALB,23,Williams,15.0,14.0,0.0,0,Finished,16.0,120.314,,,12.0,0.0
2023,12,Belgian Grand Prix,Belgium,2023-07-30 00:00:00,Belgian Grand Prix,MAG,20,Haas F1 Team,16.0,15.0,0.0,0,Finished,13.0,120.02,114.16,,14.0,0.0
2023,12,Belgian Grand Prix,Belgium,2023-07-30 00:00:00,Belgian Grand Prix,RIC,3,AlphaTauri,19.0,16.0,0.0,0,Finished,19.0,122.159,,,10.0,0.0
2023,12,Belgian Grand Prix,Belgium,2023-07-30 00:00:00,Belgian Grand Prix,SAR,2,Williams,18.0,17.0,0.0,0,Finished,18.0,121.535,,,16.0,0.0
2023,12,Belgian Grand Prix,Belgium,2023-07-30 00:00:00,Belgian Grand Prix,HUL,27,Haas F1 Team,20.0,18.0,0.0,0,Finished,20.0,123.166,,,17.0,0.0
2023,12,Belgian Grand Prix,Belgium,2023-07-30 00:00:00,Belgian Grand Prix,SAI,55,Ferrari,4.0,19.0,0.0,1,Retired,5.0,118.688,111.711,107.152,4.0,5.0
2023,12,Belgian Grand Prix,Belgium,2023-07-30 00:00:00,Belgian Grand Prix,PIA,81,McLaren,5.0,20.0,0.0,1,Retired,6.0,118.872,111.534,107.365,2.0,7.0
2023,13,Dutch Grand Prix,Netherlands,2023-08-27 00:00:00,Dutch Grand Prix,VER,1,Red Bull Racing,1.0,1.0,25.0,0,Finished,1.0,80.965,78.856,70.567,,0.0
2023,13,Dutch Grand Prix,Netherlands,2023-08-27 00:00:00,Dutch Grand Prix,ALO,14,Aston Martin,5.0,2.0,19.0,0,Finished,5.0,81.84,79.429,71.506,,0.0
2023,13,Dutch Grand Prix,Netherlands,2023-08-27 00:00:00,Dutch Grand Prix,GAS,10,Alpine,12.0,3.0,15.0,0,Finished,12.0,81.735,80.128,,,0.0
2023,13,Dutch Grand Prix,Netherlands,2023-08-27 00:00:00,Dutch Grand Prix,PER,11,Red Bull Racing,7.0,4.0,12.0,0,Finished,7.0,81.972,79.856,71.88,,0.0
2023,13,Dutch Grand Prix,Netherlands,2023-08-27 00:00:00,Dutch Grand Prix,SAI,55,Ferrari,6.0,5.0,10.0,0,Finished,6.0,81.321,79.929,71.754,,0.0
2023,13,Dutch Grand Prix,Netherlands,2023-08-27 00:00:00,Dutch Grand Prix,HAM,44,Mercedes,13.0,6.0,8.0,0,Finished,13.0,81.919,80.151,,,0.0
2023,13,Dutch Grand Prix,Netherlands,2023-08-27 00:00:00,Dutch Grand Prix,NOR,4,McLaren,2.0,7.0,6.0,0,Finished,2.0,81.276,79.769,71.104,,0.0
2023,13,Dutch Grand Prix,Netherlands,2023-08-27 00:00:00,Dutch Grand Prix,ALB,23,Williams,4.0,8.0,4.0,0,Finished,4.0,80.939,79.399,71.419,,0.0
2023,13,Dutch Grand Prix,Netherlands,2023-08-27 00:00:00,Dutch Grand Prix,PIA,81,McLaren,8.0,9.0,2.0,0,Finished,8.0,81.231,79.392,71.938,,0.0
2023,13,Dutch Grand Prix,Netherlands,2023-08-27 00:00:00,Dutch Grand Prix,OCO,31,Alpine,16.0,10.0,1.0,0,Finished,17.0,82.11,,,,0.0
2023,13,Dutch Grand Prix,Netherlands,2023-08-27 00:00:00,Dutch Grand Prix,STR,18,Aston Martin,11.0,11.0,0.0,0,Finished,11.0,81.57,80.121,,,0.0
2023,13,Dutch Grand Prix,Netherlands,2023-08-27 00:00:00,Dutch Grand Prix,HUL,27,Haas F1 Team,14.0,12.0,0.0,0,Finished,15.0,81.891,80.25,,,0.0
2023,13,Dutch Grand Prix,Netherlands,2023-08-27 00:00:00,Dutch Grand Prix,LAW,40,AlphaTauri,19.0,13.0,0.0,0,Finished,20.0,83.42,,,,0.0
2023,13,Dutch Grand Prix,Netherlands,2023-08-27 00:00:00,Dutch Grand Prix,BOT,77,Alfa Romeo,18.0,14.0,0.0,0,Finished,19.0,82.26,,,,0.0
2023,13,Dutch Grand Prix,Netherlands,2023-08-27 00:00:00,Dutch Grand Prix,TSU,22,AlphaTauri,17.0,15.0,0.0,0,Finished,14.0,81.781,80.23,,,0.0
2023,13,Dutch Grand Prix,Netherlands,2023-08-27 00:00:00,Dutch Grand Prix,MAG,20,Haas F1 Team,20.0,16.0,0.0,0,Finished,18.0,82.192,,,,0.0
2023,13,Dutch Grand Prix,Netherlands,2023-08-27 00:00:00,Dutch Grand Prix,RUS,63,Mercedes,3.0,17.0,0.0,0,Finished,3.0,81.345,79.62,71.294,,0.0
2023,13,Dutch Grand Prix,Netherlands,2023-08-27 00:00:00,Dutch Grand Prix,ZHO,24,Alfa Romeo,15.0,18.0,0.0,1,Accident,16.0,82.067,,,,0.0
2023,13,Dutch Grand Prix,Netherlands,2023-08-27 00:00:00,Dutch Grand Prix,LEC,16,Ferrari,9.0,19.0,0.0,1,Undertray,9.0,82.019,79.6,72.665,,0.0
2023,13,Dutch Grand Prix,Netherlands,2023-08-27 00:00:00,Dutch Grand Prix,SAR,2,Williams,10.0,20.0,0.0,1,Accident,10.0,82.036,80.067,76.748,,0.0
2023,14,Italian Grand Prix,Italy,2023-09-03 00:00:00,Italian Grand Prix,VER,1,Red Bull Racing,2.0,1.0,25.0,0,Finished,2.0,81.573,80.937,80.307,,0.0
2023,14,Italian Grand Prix,Italy,2023-09-03 00:00:00,Italian Grand Prix,PER,11,Red Bull Racing,5.0,2.0,18.0,0,Finished,5.0,81.911,81.24,80.688,,0.0
2023,14,Italian Grand Prix,Italy,2023-09-03 00:00:00,Italian Grand Prix,SAI,55,Ferrari,1.0,3.0,15.0,0,Finished,1.0,81.965,80.991,80.294,,0.0
2023,14,Italian Grand Prix,Italy,2023-09-03 00:00:00,Italian Grand Prix,LEC,16,Ferrari,3.0,4.0,12.0,0,Finished,3.0,81.788,80.977,80.361,,0.0
2023,14,Italian Grand Prix,Italy,2023-09-03 00:00:00,Italian Grand Prix,RUS,63,Mercedes,4.0,5.0,10.0,0,Finished,4.0,82.148,81.382,80.671,,0.0
2023,14,Italian Grand Prix,Italy,2023-09-03 00:00:00,Italian Grand Prix,HAM,44,Mercedes,8.0,6.0,8.0,0,Finished,8.0,81.977,81.369,80.82,,0.0
2023,14,Italian Grand Prix,Italy,2023-09-03 00:00:00,Italian Grand Prix,ALB,23,Williams,6.0,7.0,6.0,0,Finished,6.0,81.661,81.272,80.76,,0.0
2023,14,Italian Grand Prix,Italy,2023-09-03 00:00:00,Italian Grand Prix,NOR,4,McLaren,9.0,8.0,4.0,0,Finished,9.0,81.995,81.581,80.979,,0.0
2023,14,Italian Grand Prix,Italy,2023-09-03 00:00:00,Italian Grand Prix,ALO,14,Aston Martin,10.0,9.0,2.0,0,Finished,10.0,82.043,81.543,81.417,,0.0
2023,14,Italian Grand Prix,Italy,2023-09-03 00:00:00,Italian Grand Prix,BOT,77,Alfa Romeo,14.0,10.0,1.0,0,Finished,14.0,82.249,81.94,,,0.0
2023,14,Italian Grand Prix,Italy,2023-09-03 00:00:00,Italian Grand Prix,LAW,40,AlphaTauri,12.0,11.0,0.0,0,Finished,12.0,82.112,81.758,,,0.0
2023,14,Italian Grand Prix,Italy,2023-09-03 00:00:00,Italian Grand Prix,PIA,81,McLaren,7.0,12.0,0.0,0,Finished,7.0,82.106,81.527,80.785,,0.0
2023,14,Italian Grand Prix,Italy,2023-09-03 00:00:00,Italian Grand Prix,SAR,2,Williams,15.0,13.0,0.0,0,Finished,15.0,81.93,81.944,,,0.0
2023,14,Italian Grand Prix,Italy,2023-09-03 00:00:00,Italian Grand Prix,ZHO,24,Alfa Romeo,16.0,14.0,0.0,0,Finished,16.0,82.39,,,,0.0
2023,14,Italian Grand Prix,Italy,2023-09-03 00:00:00,Italian Grand Prix,GAS,10,Alpine,17.0,15.0,0.0,0,Finished,17.0,82.545,,,,0.0
2023,14,Italian Grand Prix,Italy,2023-09-03 00:00:00,Italian Grand Prix,STR,18,Aston Martin,20.0,16.0,0.0,0,Finished,20.0,82.86,,,,0.0
2023,14,Italian Grand Prix,Italy,2023-09-03 00:00:00,Italian Grand Prix,HUL,27,Haas F1 Team,13.0,17.0,0.0,0,Lapped,13.0,82.343,81.776,,,0.0
2023,14,Italian Grand Prix,Italy,2023-09-03 00:00:00,Italian Grand Prix,MAG,20,Haas F1 Team,19.0,18.0,0.0,0,Lapped,19.0,82.592,,,,0.0
2023,14,Italian Grand Prix,Italy,2023-09-03 00:00:00,Italian Grand Prix,OCO,31,Alpine,18.0,19.0,0.0,1,Retired,18.0,82.548,,,,0.0
2023,14,Italian Grand Prix,Italy,2023-09-03 00:00:00,Italian Grand Prix,TSU,22,AlphaTauri,11.0,20.0,0.0,1,Did not start,11.0,81.852,81.594,,,0.0
2023,15,Singapore Grand Prix,Singapore,2023-09-17 00:00:00,Singapore Grand Prix,SAI,55,Ferrari,1.0,1.0,25.0,0,Finished,1.0,92.339,91.439,90.984,,0.0
2023,15,Singapore Grand Prix,Singapore,2023-09-17 00:00:00,Singapore Grand Prix,NOR,4,McLaren,4.0,2.0,18.0,0,Finished,4.0,92.483,91.951,91.27,,0.0
2023,15,Singapore Grand Prix,Singapore,2023-09-17 00:00:00,Singapore Grand Prix,HAM,44,Mercedes,5.0,3.0,16.0,0,Finished,5.0,92.651,92.019,91.485,,0.0
2023,15,Singapore Grand Prix,Singapore,2023-09-17 00:00:00,Singapore Grand Prix,LEC,16,Ferrari,3.0,4.0,12.0,0,Finished,3.0,92.406,92.012,91.063,,0.0
2023,15,Singapore Grand Prix,Singapore,2023-09-17 00:00:00,Singapore Grand Prix,VER,1,Red Bull Racing,11.0,5.0,10.0,0,Finished,11.0,92.398,92.173,,,0.0
2023,15,Singapore Grand Prix,Singapore,2023-09-17 00:00:00,Singapore Grand Prix,GAS,10,Alpine,12.0,6.0,8.0,0,Finished,12.0,92.452,92.274,,,0.0
2023,15,Singapore Grand Prix,Singapore,2023-09-17 00:00:00,Singapore Grand Prix,PIA,81,McLaren,17.0,7.0,6.0,0,Finished,17.0,92.902,,,,0.0
2023,15,Singapore Grand Prix,Singapore,2023-09-17 00:00:00,Singapore Grand Prix,PER,11,Red Bull Racing,13.0,8.0,4.0,0,Finished,13.0,92.099,92.31,,,0.0
2023,15,Singapore Grand Prix,Singapore,2023-09-17 00:00:00,Singapore Grand Prix,LAW,40,AlphaTauri,10.0,9.0,2.0,0,Finished,10.0,92.215,92.166,92.268,,0.0
2023,15,Singapore Grand Prix,Singapore,2023-09-17 00:00:00,Singapore Grand Prix,MAG,20,Haas F1 Team,6.0,10.0,1.0,0,Finished,6.0,92.242,91.892,91.575,,0.0
2023,15,Singapore Grand Prix,Singapore,2023-09-17 00:00:00,Singapore Grand Prix,ALB,23,Williams,14.0,11.0,0.0,0,Finished,14.0,92.668,93.719,,,0.0
2023,15,Singapore Grand Prix,Singapore,2023-09-17 00:00:00,Singapore Grand Prix,ZHO,24,Alfa Romeo,19.0,12.0,0.0,0,Finished,19.0,93.258,,,,0.0
2023,15,Singapore Grand Prix,Singapore,2023-09-17 00:00:00,Singapore Grand Prix,HUL,27,Haas F1 Team,9.0,13.0,0.0,0,Finished,9.0,92.1,91.994,91.808,,0.0
2023,15,Singapore Grand Prix,Singapore,2023-09-17 00:00:00,Singapore Grand Prix,SAR,2,Williams,18.0,14.0,0.0,0,Finished,18.0,93.252,,,,0.0
2023,15,Singapore Grand Prix,Singapore,2023-09-17 00:00:00,Singapore Grand Prix,ALO,14,Aston Martin,7.0,15.0,0.0,0,Finished,7.0,92.584,91.835,91.615,,0.0
2023,15,Singapore Grand Prix,Singapore,2023-09-17 00:00:00,Singapore Grand Prix,RUS,63,Mercedes,2.0,16.0,0.0,1,Retired,2.0,92.331,91.743,91.056,,0.0
2023,15,Singapore Grand Prix,Singapore,2023-09-17 00:00:00,Singapore Grand Prix,BOT,77,Alfa Romeo,16.0,17.0,0.0,1,Retired,16.0,92.809,,,,0.0
2023,15,Singapore Grand Prix,Singapore,2023-09-17 00:00:00,Singapore Grand Prix,OCO,31,Alpine,8.0,18.0,0.0,1,Retired,8.0,92.369,92.089,91.673,,0.0
2023,15,Singapore Grand Prix,Singapore,2023-09-17 00:00:00,Singapore Grand Prix,TSU,22,AlphaTauri,15.0,19.0,0.0,1,Retired,15.0,91.991,,,,0.0
2023,15,Singapore Grand Prix,Singapore,2023-09-17 00:00:00,Singapore Grand Prix,STR,18,Aston Martin,20.0,20.0,0.0,1,Withdrew,20.0,93.397,,,,0.0
2023,16,Japanese Grand Prix,Japan,2023-09-24 00:00:00,Japanese Grand Prix,VER,1,Red Bull Racing,1.0,1.0,26.0,0,Finished,1.0,89.878,89.964,88.877,,0.0
2023,16,Japanese Grand Prix,Japan,2023-09-24 00:00:00,Japanese Grand Prix,NOR,4,McLaren,3.0,2.0,18.0,0,Finished,3.0,90.063,90.296,89.493,,0.0
2023,16,Japanese Grand Prix,Japan,2023-09-24 00:00:00,Japanese Grand Prix,PIA,81,McLaren,2.0,3.0,15.0,0,Finished,2.0,90.439,90.122,89.458,,0.0
2023,16,Japanese Grand Prix,Japan,2023-09-24 00:00:00,Japanese Grand Prix,LEC,16,Ferrari,4.0,4.0,12.0,0,Finished,4.0,90.393,89.94,89.542,,0.0
2023,16,Japanese Grand Prix,Japan,2023-09-24 00:00:00,Japanese Grand Prix,HAM,44,Mercedes,7.0,5.0,10.0,0,Finished,7.0,90.811,90.04,89.908,,0.0
2023,16,Japanese Grand Prix,Japan,2023-09-24 00:00:00,Japanese Grand Prix,SAI,55,Ferrari,6.0,6.0,8.0,0,Finished,6.0,90.651,90.067,89.85,,0.0
2023,16,Japanese Grand Prix,Japan,2023-09-24 00:00:00,Japanese Grand Prix,RUS,63,Mercedes,8.0,7.0,6.0,0,Finished,8.0,90.811,90.268,90.219,,0.0
2023,16,Japanese Grand Prix,Japan,2023-09-24 00:00:00,Japanese Grand Prix,ALO,14,Aston Martin,10.0,8.0,4.0,0,Finished,10.0,90.971,90.465,90.56,,0.0
2023,16,Japanese Grand Prix,Japan,2023-09-24 00:00:00,Japanese Grand Prix,OCO,31,Alpine,14.0,9.0,2.0,0,Finished,14.0,90.96,90.586,,,0.0
2023,16,Japanese Grand Prix,Japan,2023-09-24 00:00:00,Japanese Grand Prix,GAS,10,Alpine,12.0,10.0,1.0,0,Finished,12.0,90.843,90.509,,,0.0
2023,16,Japanese Grand Prix,Japan,2023-09-24 00:00:00,Japanese Grand Prix,LAW,40,AlphaTauri,11.0,11.0,0.0,0,Lapped,11.0,90.425,90.508,,,0.0
2023,16,Japanese Grand Prix,Japan,2023-09-24 00:00:00,Japanese Grand Prix,TSU,22,AlphaTauri,9.0,12.0,0.0,0,Lapped,9.0,90.733,90.204,90.303,,0.0
2023,16,Japanese Grand Prix,Japan,2023-09-24 00:00:00,Japanese Grand Prix,ZHO,24,Alfa Romeo,19.0,13.0,0.0,0,Lapped,19.0,91.398,,,,0.0
2023,16,Japanese Grand Prix,Japan,2023-09-24 00:00:00,Japanese Grand Prix,HUL,27,Haas F1 Team,18.0,14.0,0.0,0,Lapped,18.0,91.299,,,,0.0
2023,16,Japanese Grand Prix,Japan,2023-09-24 00:00:00,Japanese Grand Prix,MAG,20,Haas F1 Team,15.0,15.0,0.0,0,Lapped,15.0,90.976,90.665,,,0.0
2023,16,Japanese Grand Prix,Japan,2023-09-24 00:00:00,Japanese Grand Prix,ALB,23,Williams,13.0,16.0,0.0,1,Retired,13.0,90.941,90.537,,,0.0
2023,16,Japanese Grand Prix,Japan,2023-09-24 00:00:00,Japanese Grand Prix,SAR,2,Williams,20.0,17.0,0.0,1,Retired,20.0,,,,,0.0
2023,16,Japanese Grand Prix,Japan,2023-09-24 00:00:00,Japanese Grand Prix,STR,18,Aston Martin,17.0,18.0,0.0,1,Retired,17.0,91.181,,,,0.0
2023,16,Japanese Grand Prix,Japan,2023-09-24 00:00:00,Japanese Grand Prix,PER,11,Red Bull Racing,5.0,19.0,0.0,1,Retired,5.0,90.652,89.965,89.65,,0.0
2023,16,Japanese Grand Prix,Japan,2023-09-24 00:00:00,Japanese Grand Prix,BOT,77,Alfa Romeo,16.0,20.0,0.0,1,Retired,16.0,91.049,,,,0.0
2023,17,Qatar Grand Prix,Qatar,2023-10-08 00:00:00,Qatar Grand Prix,VER,1,Red Bull Racing,1.0,1.0,26.0,0,Finished,1.0,85.007,84.483,83.778,2.0,7.0
2023,17,Qatar Grand Prix,Qatar,2023-10-08 00:00:00,Qatar Grand Prix,PIA,81,McLaren,6.0,2.0,18.0,0,Finished,6.0,85.266,84.724,84.54,1.0,8.0
2023,17,Qatar Grand Prix,Qatar,2023-10-08 00:00:00,Qatar Grand Prix,NOR,4,McLaren,10.0,3.0,15.0,0,Finished,10.0,85.131,84.685,,3.0,6.0
2023,17,Qatar Grand Prix,Qatar,2023-10-08 00:00:00,Qatar Grand Prix,RUS,63,Mercedes,2.0,4.0,12.0,0,Finished,2.0,85.334,84.827,84.219,4.0,5.0
2023,17,Qatar Grand Prix,Qatar,2023-10-08 00:00:00,Qatar Grand Prix,LEC,16,Ferrari,5.0,5.0,10.0,0,Finished,5.0,85.452,85.079,84.424,12.0,0.0
2023,17,Qatar Grand Prix,Qatar,2023-10-08 00:00:00,Qatar Grand Prix,ALO,14,Aston Martin,4.0,6.0,8.0,0,Finished,4.0,85.223,85.241,84.369,8.0,1.0
2023,17,Qatar Grand Prix,Qatar,2023-10-08 00:00:00,Qatar Grand Prix,OCO,31,Alpine,8.0,7.0,6.0,0,Finished,8.0,85.711,84.928,84.763,17.0,0.0
2023,17,Qatar Grand Prix,Qatar,2023-10-08 00:00:00,Qatar Grand Prix,BOT,77,Alfa Romeo,9.0,8.0,4.0,0,Finished,9.0,86.038,85.297,85.058,10.0,0.0
2023,17,Qatar Grand Prix,Qatar,2023-10-08 00:00:00,Qatar Grand Prix,ZHO,24,Alfa Romeo,19.0,9.0,2.0,0,Finished,20.0,87.432,,,15.0,0.0
2023,17,Qatar Grand Prix,Qatar,2023-10-08 00:00:00,Qatar Grand Prix,PER,11,Red Bull Racing,20.0,10.0,1.0,0,Finished,13.0,85.991,85.462,,18.0,0.0
2023,17,Qatar Grand Prix,Qatar,2023-10-08 00:00:00,Qatar Grand Prix,STR,18,Aston Martin,16.0,11.0,0.0,0,Finished,17.0,86.345,,,13.0,0.0
2023,17,Qatar Grand Prix,Qatar,2023-10-08 00:00:00,Qatar Grand Prix,GAS,10,Alpine,7.0,12.0,0.0,0,Finished,7.0,85.566,84.918,84.553,9.0,0.0
2023,17,Qatar Grand Prix,Qatar,2023-10-08 00:00:00,Qatar Grand Prix,ALB,23,Williams,13.0,13.0,0.0,0,Finished,14.0,86.118,85.707,,7.0,2.0
2023,17,Qatar Grand Prix,Qatar,2023-10-08 00:00:00,Qatar Grand Prix,MAG,20,Haas F1 Team,18.0,14.0,0.0,0,Lapped,19.0,87.046,,,14.0,0.0
2023,17,Qatar Grand Prix,Qatar,2023-10-08 00:00:00,Qatar Grand Prix,TSU,22,AlphaTauri,11.0,15.0,0.0,0,Lapped,11.0,86.058,85.301,,11.0,0.0
2023,17,Qatar Grand Prix,Qatar,2023-10-08 00:00:00,Qatar Grand Prix,HUL,27,Haas F1 Team,14.0,16.0,0.0,0,Lapped,15.0,85.904,85.783,,16.0,0.0
2023,17,Qatar Grand Prix,Qatar,2023-10-08 00:00:00,Qatar Grand Prix,LAW,40,AlphaTauri,17.0,17.0,0.0,0,Lapped,18.0,86.635,,,20.0,0.0
2023,17,Qatar Grand Prix,Qatar,2023-10-08 00:00:00,Qatar Grand Prix,SAR,2,Williams,15.0,18.0,0.0,1,Retired,16.0,86.21,,,19.0,0.0
2023,17,Qatar Grand Prix,Qatar,2023-10-08 00:00:00,Qatar Grand Prix,HAM,44,Mercedes,3.0,19.0,0.0,1,Retired,3.0,86.076,84.381,84.305,5.0,4.0
2023,17,Qatar Grand Prix,Qatar,2023-10-08 00:00:00,Qatar Grand Prix,SAI,55,Ferrari,12.0,20.0,0.0,1,Did not start,12.0,85.808,85.328,,6.0,3.0
2023,18,United States Grand Prix,United States,2023-10-22 00:00:00,United States Grand Prix,VER,1,Red Bull Racing,6.0,1.0,25.0,0,Finished,6.0,95.346,95.008,95.081,1.0,8.0
2023,18,United States Grand Prix,United States,2023-10-22 00:00:00,United States Grand Prix,NOR,4,McLaren,2.0,2.0,18.0,0,Finished,2.0,95.11,95.441,94.853,4.0,5.0
2023,18,United States Grand Prix,United States,2023-10-22 00:00:00,United States Grand Prix,SAI,55,Ferrari,4.0,3.0,15.0,0,Finished,4.0,95.824,95.302,94.945,6.0,3.0
2023,18,United States Grand Prix,United States,2023-10-22 00:00:00,United States Grand Prix,PER,11,Red Bull Racing,9.0,4.0,12.0,0,Finished,9.0,95.989,95.679,95.173,5.0,4.0
2023,18,United States Grand Prix,United States,2023-10-22 00:00:00,United States Grand Prix,RUS,63,Mercedes,5.0,5.0,10.0,0,Finished,5.0,96.165,95.606,95.079,8.0,1.0
2023,18,United States Grand Prix,United States,2023-10-22 00:00:00,United States Grand Prix,GAS,10,Alpine,7.0,6.0,8.0,0,Finished,7.0,96.158,95.496,95.089,7.0,2.0
2023,18,United States Grand Prix,United States,2023-10-22 00:00:00,United States Grand Prix,STR,18,Aston Martin,20.0,7.0,6.0,0,Finished,19.0,96.589,,,20.0,0.0
2023,18,United States Grand Prix,United States,2023-10-22 00:00:00,United States Grand Prix,TSU,22,AlphaTauri,11.0,8.0,5.0,0,Finished,11.0,95.913,95.697,,14.0,0.0
2023,18,United States Grand Prix,United States,2023-10-22 00:00:00,United States Grand Prix,ALB,23,Williams,15.0,9.0,2.0,0,Finished,18.0,96.315,,,9.0,0.0
2023,18,United States Grand Prix,United States,2023-10-22 00:00:00,United States Grand Prix,SAR,2,Williams,16.0,10.0,1.0,0,Finished,20.0,96.827,,,19.0,0.0
2023,18,United States Grand Prix,United States,2023-10-22 00:00:00,United States Grand Prix,HUL,27,Haas F1 Team,18.0,11.0,0.0,0,Finished,16.0,96.235,,,15.0,0.0
2023,18,United States Grand Prix,United States,2023-10-22 00:00:00,United States Grand Prix,BOT,77,Alfa Romeo,13.0,12.0,0.0,0,Finished,13.0,96.082,95.858,,16.0,0.0
2023,18,United States Grand Prix,United States,2023-10-22 00:00:00,United States Grand Prix,ZHO,24,Alfa Romeo,12.0,13.0,0.0,0,Lapped,12.0,96.052,95.698,,17.0,0.0
2023,18,United States Grand Prix,United States,2023-10-22 00:00:00,United States Grand Prix,MAG,20,Haas F1 Team,17.0,14.0,0.0,0,Lapped,14.0,96.009,95.88,,18.0,0.0
2023,18,United States Grand Prix,United States,2023-10-22 00:00:00,United States Grand Prix,RIC,3,AlphaTauri,14.0,15.0,0.0,0,Lapped,15.0,96.213,95.974,,12.0,0.0
2023,18,United States Grand Prix,United States,2023-10-22 00:00:00,United States Grand Prix,ALO,14,Aston Martin,19.0,16.0,0.0,1,Retired,17.0,96.268,,,13.0,0.0
2023,18,United States Grand Prix,United States,2023-10-22 00:00:00,United States Grand Prix,PIA,81,McLaren,10.0,17.0,0.0,1,Retired,10.0,96.064,95.576,95.467,10.0,0.0
2023,18,United States Grand Prix,United States,2023-10-22 00:00:00,United States Grand Prix,OCO,31,Alpine,8.0,18.0,0.0,1,Retired,8.0,96.131,95.413,95.154,11.0,0.0
2023,18,United States Grand Prix,United States,2023-10-22 00:00:00,United States Grand Prix,HAM,44,Mercedes,3.0,19.0,0.0,1,Disqualified,3.0,95.091,95.24,94.862,2.0,7.0
2023,18,United States Grand Prix,United States,2023-10-22 00:00:00,United States Grand Prix,LEC,16,Ferrari,1.0,20.0,0.0,1,Disqualified,1.0,96.061,95.004,94.723,3.0,6.0
2023,19,Mexico City Grand Prix,Mexico,2023-10-29 00:00:00,Mexico City Grand Prix,VER,1,Red Bull Racing,3.0,1.0,25.0,0,Finished,3.0,78.099,77.625,77.263,,0.0
2023,19,Mexico City Grand Prix,Mexico,2023-10-29 00:00:00,Mexico City Grand Prix,HAM,44,Mercedes,6.0,2.0,19.0,0,Finished,6.0,78.677,77.571,77.454,,0.0
2023,19,Mexico City Grand Prix,Mexico,2023-10-29 00:00:00,Mexico City Grand Prix,LEC,16,Ferrari,1.0,3.0,15.0,0,Finished,1.0,78.401,77.901,77.166,,0.0
2023,19,Mexico City Grand Prix,Mexico,2023-10-29 00:00:00,Mexico City Grand Prix,SAI,55,Ferrari,2.0,4.0,12.0,0,Finished,2.0,78.755,78.382,77.233,,0.0
2023,19,Mexico City Grand Prix,Mexico,2023-10-29 00:00:00,Mexico City Grand Prix,NOR,4,McLaren,17.0,5.0,10.0,0,Finished,19.0,81.554,,,,0.0
2023,19,Mexico City Grand Prix,Mexico,2023-10-29 00:00:00,Mexico City Grand Prix,RUS,63,Mercedes,8.0,6.0,8.0,0,Finished,8.0,78.893,77.673,77.674,,0.0
2023,19,Mexico City Grand Prix,Mexico,2023-10-29 00:00:00,Mexico City Grand Prix,RIC,3,AlphaTauri,4.0,7.0,6.0,0,Finished,4.0,78.341,77.706,77.382,,0.0
2023,19,Mexico City Grand Prix,Mexico,2023-10-29 00:00:00,Mexico City Grand Prix,PIA,81,McLaren,7.0,8.0,4.0,0,Finished,7.0,78.241,77.874,77.623,,0.0
2023,19,Mexico City Grand Prix,Mexico,2023-10-29 00:00:00,Mexico City Grand Prix,ALB,23,Williams,14.0,9.0,2.0,0,Finished,14.0,78.828,79.147,,,0.0
2023,19,Mexico City Grand Prix,Mexico,2023-10-29 00:00:00,Mexico City Grand Prix,OCO,31,Alpine,15.0,10.0,1.0,0,Finished,16.0,79.08,,,,0.0
2023,19,Mexico City Grand Prix,Mexico,2023-10-29 00:00:00,Mexico City Grand Prix,GAS,10,Alpine,11.0,11.0,0.0,0,Finished,11.0,78.945,78.521,,,0.0
2023,19,Mexico City Grand Prix,Mexico,2023-10-29 00:00:00,Mexico City Grand Prix,TSU,22,AlphaTauri,18.0,12.0,0.0,0,Finished,15.0,78.89,,,,0.0
2023,19,Mexico City Grand Prix,Mexico,2023-10-29 00:00:00,Mexico City Grand Prix,HUL,27,Haas F1 Team,12.0,13.0,0.0,0,Finished,12.0,78.969,78.524,,,0.0
2023,19,Mexico City Grand Prix,Mexico,2023-10-29 00:00:00,Mexico City Grand Prix,ZHO,24,Alfa Romeo,10.0,14.0,0.0,0,Finished,10.0,79.016,78.44,78.05,,0.0
2023,19,Mexico City Grand Prix,Mexico,2023-10-29 00:00:00,Mexico City Grand Prix,BOT,77,Alfa Romeo,9.0,15.0,0.0,0,Finished,9.0,78.429,78.016,78.032,,0.0
2023,19,Mexico City Grand Prix,Mexico,2023-10-29 00:00:00,Mexico City Grand Prix,SAR,2,Williams,19.0,16.0,0.0,1,Retired,20.0,,,,,0.0
2023,19,Mexico City Grand Prix,Mexico,2023-10-29 00:00:00,Mexico City Grand Prix,STR,18,Aston Martin,20.0,17.0,0.0,1,Collision damage,18.0,79.227,,,,0.0
2023,19,Mexico City Grand Prix,Mexico,2023-10-29 00:00:00,Mexico City Grand Prix,ALO,14,Aston Martin,13.0,18.0,0.0,1,Withdrew,13.0,78.848,78.738,,,0.0
2023,19,Mexico City Grand Prix,Mexico,2023-10-29 00:00:00,Mexico City Grand Prix,MAG,20,Haas F1 Team,16.0,19.0,0.0,1,Accident,17.0,79.163,,,,0.0
2023,19,Mexico City Grand Prix,Mexico,2023-10-29 00:00:00,Mexico City Grand Prix,PER,11,Red Bull Racing,5.0,20.0,0.0,1,Collision damage,5.0,78.553,78.124,77.423,,0.0
2023,20,São Paulo Grand Prix,Brazil,2023-11-05 00:00:00,São Paulo Grand Prix,VER,1,Red Bull Racing,1.0,1.0,25.0,0,Finished,1.0,70.436,70.162,70.727,1.0,8.0
2023,20,São Paulo Grand Prix,Brazil,2023-11-05 00:00:00,São Paulo Grand Prix,NOR,4,McLaren,6.0,2.0,19.0,0,Finished,7.0,70.623,70.021,71.987,2.0,7.0
2023,20,São Paulo Grand Prix,Brazil,2023-11-05 00:00:00,São Paulo Grand Prix,ALO,14,Aston Martin,4.0,3.0,15.0,0,Finished,4.0,70.557,70.237,71.387,11.0,0.0
2023,20,São Paulo Grand Prix,Brazil,2023-11-05 00:00:00,São Paulo Grand Prix,PER,11,Red Bull Racing,9.0,4.0,12.0,0,Finished,9.0,70.668,70.219,72.321,3.0,6.0
2023,20,São Paulo Grand Prix,Brazil,2023-11-05 00:00:00,São Paulo Grand Prix,STR,18,Aston Martin,3.0,5.0,10.0,0,Finished,3.0,70.551,70.375,71.344,12.0,0.0
2023,20,São Paulo Grand Prix,Brazil,2023-11-05 00:00:00,São Paulo Grand Prix,SAI,55,Ferrari,7.0,6.0,8.0,0,Finished,8.0,70.624,70.254,71.989,8.0,1.0
2023,20,São Paulo Grand Prix,Brazil,2023-11-05 00:00:00,São Paulo Grand Prix,GAS,10,Alpine,15.0,7.0,6.0,0,Finished,13.0,70.793,70.567,,13.0,0.0
2023,20,São Paulo Grand Prix,Brazil,2023-11-05 00:00:00,São Paulo Grand Prix,HAM,44,Mercedes,5.0,8.0,4.0,0,Finished,5.0,70.604,70.266,71.469,7.0,2.0
2023,20,São Paulo Grand Prix,Brazil,2023-11-05 00:00:00,São Paulo Grand Prix,TSU,22,AlphaTauri,16.0,9.0,2.0,0,Finished,16.0,70.837,,,6.0,3.0
2023,20,São Paulo Grand Prix,Brazil,2023-11-05 00:00:00,São Paulo Grand Prix,OCO,31,Alpine,14.0,10.0,1.0,0,Lapped,12.0,70.763,70.562,,14.0,0.0
2023,20,São Paulo Grand Prix,Brazil,2023-11-05 00:00:00,São Paulo Grand Prix,SAR,2,Williams,19.0,11.0,0.0,0,Lapped,19.0,71.035,,,20.0,0.0
2023,20,São Paulo Grand Prix,Brazil,2023-11-05 00:00:00,São Paulo Grand Prix,HUL,27,Haas F1 Team,11.0,12.0,0.0,0,Lapped,11.0,70.475,70.547,,18.0,0.0
2023,20,São Paulo Grand Prix,Brazil,2023-11-05 00:00:00,São Paulo Grand Prix,RIC,3,AlphaTauri,17.0,13.0,0.0,0,Lapped,17.0,70.843,,,9.0,0.0
2023,20,São Paulo Grand Prix,Brazil,2023-11-05 00:00:00,São Paulo Grand Prix,PIA,81,McLaren,10.0,14.0,0.0,0,Lapped,10.0,70.519,70.33,,10.0,0.0
2023,20,São Paulo Grand Prix,Brazil,2023-11-05 00:00:00,São Paulo Grand Prix,RUS,63,Mercedes,8.0,15.0,0.0,1,Retired,6.0,70.34,70.316,71.59,4.0,5.0
2023,20,São Paulo Grand Prix,Brazil,2023-11-05 00:00:00,São Paulo Grand Prix,BOT,77,Alfa Romeo,18.0,16.0,0.0,1,Retired,18.0,70.955,,,19.0,0.0
2023,20,São Paulo Grand Prix,Brazil,2023-11-05 00:00:00,São Paulo Grand Prix,ZHO,24,Alfa Romeo,20.0,17.0,0.0,1,Retired,20.0,71.275,,,17.0,0.0
2023,20,São Paulo Grand Prix,Brazil,2023-11-05 00:00:00,São Paulo Grand Prix,MAG,20,Haas F1 Team,12.0,18.0,0.0,1,Retired,14.0,70.602,70.723,,16.0,0.0
2023,20,São Paulo Grand Prix,Brazil,2023-11-05 00:00:00,São Paulo Grand Prix,ALB,23,Williams,13.0,19.0,0.0,1,Retired,15.0,70.621,70.84,,15.0,0.0
2023,20,São Paulo Grand Prix,Brazil,2023-11-05 00:00:00,São Paulo Grand Prix,LEC,16,Ferrari,2.0,20.0,0.0,1,Did not start,2.0,70.472,70.303,71.021,5.0,4.0
2023,21,Las Vegas Grand Prix,United States,2023-11-18 00:00:00,Las Vegas Grand Prix,VER,1,Red Bull Racing,2.0,1.0,25.0,0,Finished,3.0,94.19,93.572,93.104,,0.0
2023,21,Las Vegas Grand Prix,United States,2023-11-18 00:00:00,Las Vegas Grand Prix,LEC,16,Ferrari,1.0,2.0,18.0,0,Finished,1.0,93.617,92.775,92.726,,0.0
2023,21,Las Vegas Grand Prix,United States,2023-11-18 00:00:00,Las Vegas Grand Prix,PER,11,Red Bull Racing,11.0,3.0,15.0,0,Finished,12.0,94.574,93.855,,,0.0
2023,21,Las Vegas Grand Prix,United States,2023-11-18 00:00:00,Las Vegas Grand Prix,OCO,31,Alpine,16.0,4.0,12.0,0,Finished,17.0,94.834,,,,0.0
2023,21,Las Vegas Grand Prix,United States,2023-11-18 00:00:00,Las Vegas Grand Prix,STR,18,Aston Martin,19.0,5.0,10.0,0,Finished,14.0,94.504,94.199,,,0.0
2023,21,Las Vegas Grand Prix,United States,2023-11-18 00:00:00,Las Vegas Grand Prix,SAI,55,Ferrari,12.0,6.0,8.0,0,Finished,2.0,93.851,93.338,92.77,,0.0
2023,21,Las Vegas Grand Prix,United States,2023-11-18 00:00:00,Las Vegas Grand Prix,HAM,44,Mercedes,10.0,7.0,6.0,0,Finished,11.0,94.307,93.837,,,0.0
2023,21,Las Vegas Grand Prix,United States,2023-11-18 00:00:00,Las Vegas Grand Prix,RUS,63,Mercedes,3.0,8.0,4.0,0,Finished,4.0,94.137,93.351,93.112,,0.0
2023,21,Las Vegas Grand Prix,United States,2023-11-18 00:00:00,Las Vegas Grand Prix,ALO,14,Aston Martin,9.0,9.0,2.0,0,Finished,10.0,94.422,93.617,93.555,,0.0
2023,21,Las Vegas Grand Prix,United States,2023-11-18 00:00:00,Las Vegas Grand Prix,PIA,81,McLaren,18.0,10.0,2.0,0,Finished,19.0,94.85,,,,0.0
2023,21,Las Vegas Grand Prix,United States,2023-11-18 00:00:00,Las Vegas Grand Prix,GAS,10,Alpine,4.0,11.0,0.0,0,Finished,5.0,94.272,93.494,93.239,,0.0
2023,21,Las Vegas Grand Prix,United States,2023-11-18 00:00:00,Las Vegas Grand Prix,ALB,23,Williams,5.0,12.0,0.0,0,Finished,6.0,94.634,93.588,93.323,,0.0
2023,21,Las Vegas Grand Prix,United States,2023-11-18 00:00:00,Las Vegas Grand Prix,MAG,20,Haas F1 Team,8.0,13.0,0.0,0,Finished,9.0,94.337,93.664,93.537,,0.0
2023,21,Las Vegas Grand Prix,United States,2023-11-18 00:00:00,Las Vegas Grand Prix,RIC,3,AlphaTauri,14.0,14.0,0.0,0,Finished,15.0,94.683,94.308,,,0.0
2023,21,Las Vegas Grand Prix,United States,2023-11-18 00:00:00,Las Vegas Grand Prix,ZHO,24,Alfa Romeo,17.0,15.0,0.0,0,Finished,18.0,94.849,,,,0.0
2023,21,Las Vegas Grand Prix,United States,2023-11-18 00:00:00,Las Vegas Grand Prix,SAR,2,Williams,6.0,16.0,0.0,0,Finished,7.0,94.525,93.733,93.513,,0.0
2023,21,Las Vegas Grand Prix,United States,2023-11-18 00:00:00,Las Vegas Grand Prix,BOT,77,Alfa Romeo,7.0,17.0,0.0,0,Finished,8.0,94.305,93.809,93.525,,0.0
2023,21,Las Vegas Grand Prix,United States,2023-11-18 00:00:00,Las Vegas Grand Prix,TSU,22,AlphaTauri,20.0,18.0,0.0,1,Retired,20.0,96.447,,,,0.0
2023,21,Las Vegas Grand Prix,United States,2023-11-18 00:00:00,Las Vegas Grand Prix,HUL,27,Haas F1 Team,13.0,19.0,0.0,1,Retired,13.0,94.265,93.979,,,0.0
2023,21,Las Vegas Grand Prix,United States,2023-11-18 00:00:00,Las Vegas Grand Prix,NOR,4,McLaren,15.0,20.0,0.0,1,Retired,16.0,94.703,,,,0.0
2023,22,Abu Dhabi Grand Prix,Abu Dhabi,2023-11-26 00:00:00,Abu Dhabi Grand Prix,VER,1,Red Bull Racing,1.0,1.0,26.0,0,Finished,1.0,84.16,83.74,83.445,,0.0
2023,22,Abu Dhabi Grand Prix,Abu Dhabi,2023-11-26 00:00:00,Abu Dhabi Grand Prix,LEC,16,Ferrari,2.0,2.0,18.0,0,Finished,2.0,84.459,83.969,83.584,,0.0
2023,22,Abu Dhabi Grand Prix,Abu Dhabi,2023-11-26 00:00:00,Abu Dhabi Grand Prix,RUS,63,Mercedes,4.0,3.0,15.0,0,Finished,4.0,84.337,84.013,83.788,,0.0
2023,22,Abu Dhabi Grand Prix,Abu Dhabi,2023-11-26 00:00:00,Abu Dhabi Grand Prix,PER,11,Red Bull Racing,9.0,4.0,12.0,0,Finished,9.0,84.209,84.116,84.171,,0.0
2023,22,Abu Dhabi Grand Prix,Abu Dhabi,2023-11-26 00:00:00,Abu Dhabi Grand Prix,NOR,4,McLaren,5.0,5.0,10.0,0,Finished,5.0,84.368,83.92,83.816,,0.0
2023,22,Abu Dhabi Grand Prix,Abu Dhabi,2023-11-26 00:00:00,Abu Dhabi Grand Prix,PIA,81,McLaren,3.0,6.0,8.0,0,Finished,3.0,84.487,84.278,83.782,,0.0
2023,22,Abu Dhabi Grand Prix,Abu Dhabi,2023-11-26 00:00:00,Abu Dhabi Grand Prix,ALO,14,Aston Martin,7.0,7.0,6.0,0,Finished,7.0,84.501,84.131,84.084,,0.0
2023,22,Abu Dhabi Grand Prix,Abu Dhabi,2023-11-26 00:00:00,Abu Dhabi Grand Prix,TSU,22,AlphaTauri,6.0,8.0,4.0,0,Finished,6.0,84.286,84.207,83.968,,0.0
2023,22,Abu Dhabi Grand Prix,Abu Dhabi,2023-11-26 00:00:00,Abu Dhabi Grand Prix,HAM,44,Mercedes,11.0,9.0,2.0,0,Finished,11.0,84.437,84.359,,,0.0
2023,22,Abu Dhabi Grand Prix,Abu Dhabi,2023-11-26 00:00:00,Abu Dhabi Grand Prix,STR,18,Aston Martin,13.0,10.0,1.0,0,Finished,13.0,84.405,84.422,,,0.0
2023,22,Abu Dhabi Grand Prix,Abu Dhabi,2023-11-26 00:00:00,Abu Dhabi Grand Prix,RIC,3,AlphaTauri,15.0,11.0,0.0,0,Finished,15.0,84.461,84.442,,,0.0
2023,22,Abu Dhabi Grand Prix,Abu Dhabi,2023-11-26 00:00:00,Abu Dhabi Grand Prix,OCO,31,Alpine,12.0,12.0,0.0,0,Finished,12.0,84.565,84.391,,,0.0
2023,22,Abu Dhabi Grand Prix,Abu Dhabi,2023-11-26 00:00:00,Abu Dhabi Grand Prix,GAS,10,Alpine,10.0,13.0,0.0,0,Finished,10.0,84.6,84.078,84.548,,0.0
2023,22,Abu Dhabi Grand Prix,Abu Dhabi,2023-11-26 00:00:00,Abu Dhabi Grand Prix,ALB,23,Williams,14.0,14.0,0.0,0,Finished,14.0,84.298,84.439,,,0.0
2023,22,Abu Dhabi Grand Prix,Abu Dhabi,2023-11-26 00:00:00,Abu Dhabi Grand Prix,HUL,27,Haas F1 Team,8.0,15.0,0.0,0,Finished,8.0,84.425,84.213,84.108,,0.0
2023,22,Abu Dhabi Grand Prix,Abu Dhabi,2023-11-26 00:00:00,Abu Dhabi Grand Prix,SAR,2,Williams,20.0,16.0,0.0,0,Finished,20.0,,,,,0.0
2023,22,Abu Dhabi Grand Prix,Abu Dhabi,2023-11-26 00:00:00,Abu Dhabi Grand Prix,ZHO,24,Alfa Romeo,19.0,17.0,0.0,0,Finished,19.0,85.159,,,,0.0
2023,22,Abu Dhabi Grand Prix,Abu Dhabi,2023-11-26 00:00:00,Abu Dhabi Grand Prix,SAI,55,Ferrari,16.0,18.0,0.0,1,Retired,16.0,84.738,,,,0.0
2023,22,Abu Dhabi Grand Prix,Abu Dhabi,2023-11-26 00:00:00,Abu Dhabi Grand Prix,BOT,77,Alfa Romeo,18.0,19.0,0.0,0,Lapped,18.0,84.788,,,,0.0
2023,22,Abu Dhabi Grand Prix,Abu Dhabi,2023-11-26 00:00:00,Abu Dhabi Grand Prix,MAG,20,Haas F1 Team,17.0,20.0,0.0,0,Lapped,17.0,84.764,,,,0.0
2024,1,Bahrain Grand Prix,Bahrain,2024-03-02 00:00:00,Bahrain Grand Prix,VER,1,Red Bull Racing,1.0,1.0,26.0,0,Finished,1.0,90.031,89.374,89.179,,0.0
2024,1,Bahrain Grand Prix,Bahrain,2024-03-02 00:00:00,Bahrain Grand Prix,PER,11,Red Bull Racing,5.0,2.0,18.0,0,Finished,5.0,90.221,89.932,89.537,,0.0
2024,1,Bahrain Grand Prix,Bahrain,2024-03-02 00:00:00,Bahrain Grand Prix,SAI,55,Ferrari,4.0,3.0,15.0,0,Finished,4.0,89.909,89.573,89.507,,0.0
2024,1,Bahrain Grand Prix,Bahrain,2024-03-02 00:00:00,Bahrain Grand Prix,LEC,16,Ferrari,2.0,4.0,12.0,0,Finished,2.0,90.243,89.165,89.407,,0.0
2024,1,Bahrain Grand Prix,Bahrain,2024-03-02 00:00:00,Bahrain Grand Prix,RUS,63,Mercedes,3.0,5.0,10.0,0,Finished,3.0,90.35,89.922,89.485,,0.0
2024,1,Bahrain Grand Prix,Bahrain,2024-03-02 00:00:00,Bahrain Grand Prix,NOR,4,McLaren,7.0,6.0,8.0,0,Finished,7.0,90.143,89.941,89.614,,0.0
2024,1,Bahrain Grand Prix,Bahrain,2024-03-02 00:00:00,Bahrain Grand Prix,HAM,44,Mercedes,9.0,7.0,6.0,0,Finished,9.0,90.451,89.718,89.71,,0.0
2024,1,Bahrain Grand Prix,Bahrain,2024-03-02 00:00:00,Bahrain Grand Prix,PIA,81,McLaren,8.0,8.0,4.0,0,Finished,8.0,90.531,90.122,89.683,,0.0
2024,1,Bahrain Grand Prix,Bahrain,2024-03-02 00:00:00,Bahrain Grand Prix,ALO,14,Aston Martin,6.0,9.0,2.0,0,Finished,6.0,90.179,89.801,89.542,,0.0
2024,1,Bahrain Grand Prix,Bahrain,2024-03-02 00:00:00,Bahrain Grand Prix,STR,18,Aston Martin,12.0,10.0,1.0,0,Finished,12.0,89.965,90.2,,,0.0
2024,1,Bahrain Grand Prix,Bahrain,2024-03-02 00:00:00,Bahrain Grand Prix,ZHO,24,Kick Sauber,17.0,11.0,0.0,0,Lapped,17.0,90.757,,,,0.0
2024,1,Bahrain Grand Prix,Bahrain,2024-03-02 00:00:00,Bahrain Grand Prix,MAG,20,Haas F1 Team,15.0,12.0,0.0,0,Lapped,15.0,90.646,90.529,,,0.0
2024,1,Bahrain Grand Prix,Bahrain,2024-03-02 00:00:00,Bahrain Grand Prix,RIC,3,RB,14.0,13.0,0.0,0,Lapped,14.0,90.562,90.278,,,0.0
2024,1,Bahrain Grand Prix,Bahrain,2024-03-02 00:00:00,Bahrain Grand Prix,TSU,22,RB,11.0,14.0,0.0,0,Lapped,11.0,90.481,90.129,,,0.0
2024,1,Bahrain Grand Prix,Bahrain,2024-03-02 00:00:00,Bahrain Grand Prix,ALB,23,Williams,13.0,15.0,0.0,0,Lapped,13.0,90.397,90.221,,,0.0
2024,1,Bahrain Grand Prix,Bahrain,2024-03-02 00:00:00,Bahrain Grand Prix,HUL,27,Haas F1 Team,10.0,16.0,0.0,0,Lapped,10.0,90.566,89.851,90.502,,0.0
2024,1,Bahrain Grand Prix,Bahrain,2024-03-02 00:00:00,Bahrain Grand Prix,OCO,31,Alpine,19.0,17.0,0.0,0,Lapped,19.0,90.793,,,,0.0
2024,1,Bahrain Grand Prix,Bahrain,2024-03-02 00:00:00,Bahrain Grand Prix,GAS,10,Alpine,20.0,18.0,0.0,0,Lapped,20.0,90.948,,,,0.0
2024,1,Bahrain Grand Prix,Bahrain,2024-03-02 00:00:00,Bahrain Grand Prix,BOT,77,Kick Sauber,16.0,19.0,0.0,0,Lapped,16.0,90.756,,,,0.0
2024,1,Bahrain Grand Prix,Bahrain,2024-03-02 00:00:00,Bahrain Grand Prix,SAR,2,Williams,18.0,20.0,0.0,0,Lapped,18.0,90.77,,,,0.0
2024,2,Saudi Arabian Grand Prix,Saudi Arabia,2024-03-09 00:00:00,Saudi Arabian Grand Prix,VER,1,Red Bull Racing,1.0,1.0,25.0,0,Finished,1.0,88.171,88.033,87.472,,0.0
2024,2,Saudi Arabian Grand Prix,Saudi Arabia,2024-03-09 00:00:00,Saudi Arabian Grand Prix,PER,11,Red Bull Racing,3.0,2.0,18.0,0,Finished,3.0,88.638,88.467,87.807,,0.0
2024,2,Saudi Arabian Grand Prix,Saudi Arabia,2024-03-09 00:00:00,Saudi Arabian Grand Prix,LEC,16,Ferrari,2.0,3.0,16.0,0,Finished,2.0,88.318,88.112,87.791,,0.0
2024,2,Saudi Arabian Grand Prix,Saudi Arabia,2024-03-09 00:00:00,Saudi Arabian Grand Prix,PIA,81,McLaren,5.0,4.0,12.0,0,Finished,5.0,88.755,88.343,88.089,,0.0
2024,2,Saudi Arabian Grand Prix,Saudi Arabia,2024-03-09 00:00:00,Saudi Arabian Grand Prix,ALO,14,Aston Martin,4.0,5.0,10.0,0,Finished,4.0,88.706,88.122,87.846,,0.0
2024,2,Saudi Arabian Grand Prix,Saudi Arabia,2024-03-09 00:00:00,Saudi Arabian Grand Prix,RUS,63,Mercedes,7.0,6.0,8.0,0,Finished,7.0,88.749,88.448,88.316,,0.0
2024,2,Saudi Arabian Grand Prix,Saudi Arabia,2024-03-09 00:00:00,Saudi Arabian Grand Prix,BEA,38,Ferrari,11.0,7.0,6.0,0,Finished,11.0,88.984,88.642,,,0.0
2024,2,Saudi Arabian Grand Prix,Saudi Arabia,2024-03-09 00:00:00,Saudi Arabian Grand Prix,NOR,4,McLaren,6.0,8.0,4.0,0,Finished,6.0,88.805,88.479,88.132,,0.0
2024,2,Saudi Arabian Grand Prix,Saudi Arabia,2024-03-09 00:00:00,Saudi Arabian Grand Prix,HAM,44,Mercedes,8.0,9.0,2.0,0,Finished,8.0,88.994,88.606,88.46,,0.0
2024,2,Saudi Arabian Grand Prix,Saudi Arabia,2024-03-09 00:00:00,Saudi Arabian Grand Prix,HUL,27,Haas F1 Team,15.0,10.0,1.0,0,Finished,15.0,89.055,,,,0.0
2024,2,Saudi Arabian Grand Prix,Saudi Arabia,2024-03-09 00:00:00,Saudi Arabian Grand Prix,ALB,23,Williams,12.0,11.0,0.0,0,Finished,12.0,89.107,88.98,,,0.0
2024,2,Saudi Arabian Grand Prix,Saudi Arabia,2024-03-09 00:00:00,Saudi Arabian Grand Prix,MAG,20,Haas F1 Team,13.0,12.0,0.0,0,Finished,13.0,89.069,89.02,,,0.0
2024,2,Saudi Arabian Grand Prix,Saudi Arabia,2024-03-09 00:00:00,Saudi Arabian Grand Prix,OCO,31,Alpine,17.0,13.0,0.0,0,Lapped,17.0,89.475,,,,0.0
2024,2,Saudi Arabian Grand Prix,Saudi Arabia,2024-03-09 00:00:00,Saudi Arabian Grand Prix,SAR,2,Williams,19.0,14.0,0.0,0,Lapped,19.0,89.526,,,,0.0
2024,2,Saudi Arabian Grand Prix,Saudi Arabia,2024-03-09 00:00:00,Saudi Arabian Grand Prix,TSU,22,RB,9.0,15.0,0.0,0,Lapped,9.0,88.988,88.564,88.547,,0.0
2024,2,Saudi Arabian Grand Prix,Saudi Arabia,2024-03-09 00:00:00,Saudi Arabian Grand Prix,RIC,3,RB,14.0,16.0,0.0,0,Lapped,14.0,89.065,89.025,,,0.0
2024,2,Saudi Arabian Grand Prix,Saudi Arabia,2024-03-09 00:00:00,Saudi Arabian Grand Prix,BOT,77,Kick Sauber,16.0,17.0,0.0,0,Lapped,16.0,89.179,,,,0.0
2024,2,Saudi Arabian Grand Prix,Saudi Arabia,2024-03-09 00:00:00,Saudi Arabian Grand Prix,ZHO,24,Kick Sauber,20.0,18.0,0.0,0,Lapped,20.0,,,,,0.0
2024,2,Saudi Arabian Grand Prix,Saudi Arabia,2024-03-09 00:00:00,Saudi Arabian Grand Prix,STR,18,Aston Martin,10.0,19.0,0.0,1,Retired,10.0,88.25,88.578,88.572,,0.0
2024,2,Saudi Arabian Grand Prix,Saudi Arabia,2024-03-09 00:00:00,Saudi Arabian Grand Prix,GAS,10,Alpine,18.0,20.0,0.0,1,Retired,18.0,89.479,,,,0.0
2024,3,Australian Grand Prix,Australia,2024-03-24 00:00:00,Australian Grand Prix,SAI,55,Ferrari,2.0,1.0,25.0,0,Finished,2.0,76.731,76.189,76.185,,0.0
2024,3,Australian Grand Prix,Australia,2024-03-24 00:00:00,Australian Grand Prix,LEC,16,Ferrari,4.0,2.0,19.0,0,Finished,5.0,76.984,76.304,76.435,,0.0
2024,3,Australian Grand Prix,Australia,2024-03-24 00:00:00,Australian Grand Prix,NOR,4,McLaren,3.0,3.0,15.0,0,Finished,4.0,77.43,76.75,76.315,,0.0
2024,3,Australian Grand Prix,Australia,2024-03-24 00:00:00,Australian Grand Prix,PIA,81,McLaren,5.0,4.0,12.0,0,Finished,6.0,77.369,76.601,76.572,,0.0
2024,3,Australian Grand Prix,Australia,2024-03-24 00:00:00,Australian Grand Prix,PER,11,Red Bull Racing,6.0,5.0,10.0,0,Finished,3.0,76.805,76.631,76.274,,0.0
2024,3,Australian Grand Prix,Australia,2024-03-24 00:00:00,Australian Grand Prix,STR,18,Aston Martin,9.0,6.0,8.0,0,Finished,9.0,77.376,76.78,77.072,,0.0
2024,3,Australian Grand Prix,Australia,2024-03-24 00:00:00,Australian Grand Prix,TSU,22,RB,8.0,7.0,6.0,0,Finished,8.0,77.356,76.791,76.788,,0.0
2024,3,Australian Grand Prix,Australia,2024-03-24 00:00:00,Australian Grand Prix,ALO,14,Aston Martin,10.0,8.0,4.0,0,Finished,10.0,76.991,76.71,77.552,,0.0
2024,3,Australian Grand Prix,Australia,2024-03-24 00:00:00,Australian Grand Prix,HUL,27,Haas F1 Team,16.0,9.0,2.0,0,Finished,16.0,77.976,,,,0.0
2024,3,Australian Grand Prix,Australia,2024-03-24 00:00:00,Australian Grand Prix,MAG,20,Haas F1 Team,14.0,10.0,1.0,0,Lapped,14.0,77.709,77.427,,,0.0
2024,3,Australian Grand Prix,Australia,2024-03-24 00:00:00,Australian Grand Prix,ALB,23,Williams,12.0,11.0,0.0,0,Lapped,12.0,77.13,77.167,,,0.0
2024,3,Australian Grand Prix,Australia,2024-03-24 00:00:00,Australian Grand Prix,RIC,3,RB,18.0,12.0,0.0,0,Lapped,18.0,78.085,,,,0.0
2024,3,Australian Grand Prix,Australia,2024-03-24 00:00:00,Australian Grand Prix,GAS,10,Alpine,17.0,13.0,0.0,0,Lapped,17.0,77.982,,,,0.0
2024,3,Australian Grand Prix,Australia,2024-03-24 00:00:00,Australian Grand Prix,BOT,77,Kick Sauber,13.0,14.0,0.0,0,Lapped,13.0,77.543,77.34,,,0.0
2024,3,Australian Grand Prix,Australia,2024-03-24 00:00:00,Australian Grand Prix,ZHO,24,Kick Sauber,19.0,15.0,0.0,0,Lapped,19.0,78.188,,,,0.0
2024,3,Australian Grand Prix,Australia,2024-03-24 00:00:00,Australian Grand Prix,OCO,31,Alpine,15.0,16.0,0.0,0,Lapped,15.0,77.617,77.697,,,0.0
2024,3,Australian Grand Prix,Australia,2024-03-24 00:00:00,Australian Grand Prix,RUS,63,Mercedes,7.0,17.0,0.0,1,Retired,7.0,77.062,76.901,76.724,,0.0
2024,3,Australian Grand Prix,Australia,2024-03-24 00:00:00,Australian Grand Prix,HAM,44,Mercedes,11.0,18.0,0.0,1,Retired,11.0,77.499,76.96,,,0.0
2024,3,Australian Grand Prix,Australia,2024-03-24 00:00:00,Australian Grand Prix,VER,1,Red Bull Racing,1.0,19.0,0.0,1,Retired,1.0,76.819,76.387,75.915,,0.0
2024,4,Japanese Grand Prix,Japan,2024-04-07 00:00:00,Japanese Grand Prix,VER,1,Red Bull Racing,1.0,1.0,26.0,0,Finished,1.0,88.866,88.74,88.197,,0.0
2024,4,Japanese Grand Prix,Japan,2024-04-07 00:00:00,Japanese Grand Prix,PER,11,Red Bull Racing,2.0,2.0,18.0,0,Finished,2.0,89.303,88.752,88.263,,0.0
2024,4,Japanese Grand Prix,Japan,2024-04-07 00:00:00,Japanese Grand Prix,SAI,55,Ferrari,4.0,3.0,15.0,0,Finished,4.0,89.513,89.099,88.682,,0.0
2024,4,Japanese Grand Prix,Japan,2024-04-07 00:00:00,Japanese Grand Prix,LEC,16,Ferrari,8.0,4.0,12.0,0,Finished,8.0,89.338,89.196,88.786,,0.0
2024,4,Japanese Grand Prix,Japan,2024-04-07 00:00:00,Japanese Grand Prix,NOR,4,McLaren,3.0,5.0,10.0,0,Finished,3.0,89.536,88.94,88.489,,0.0
2024,4,Japanese Grand Prix,Japan,2024-04-07 00:00:00,Japanese Grand Prix,ALO,14,Aston Martin,5.0,6.0,8.0,0,Finished,5.0,89.254,89.082,88.686,,0.0
2024,4,Japanese Grand Prix,Japan,2024-04-07 00:00:00,Japanese Grand Prix,RUS,63,Mercedes,9.0,7.0,6.0,0,Finished,9.0,89.799,89.14,89.008,,0.0
2024,4,Japanese Grand Prix,Japan,2024-04-07 00:00:00,Japanese Grand Prix,PIA,81,McLaren,6.0,8.0,4.0,0,Finished,6.0,89.425,89.148,88.76,,0.0
2024,4,Japanese Grand Prix,Japan,2024-04-07 00:00:00,Japanese Grand Prix,HAM,44,Mercedes,7.0,9.0,2.0,0,Finished,7.0,89.661,88.887,88.766,,0.0
2024,4,Japanese Grand Prix,Japan,2024-04-07 00:00:00,Japanese Grand Prix,TSU,22,RB,10.0,10.0,1.0,0,Lapped,10.0,89.775,89.417,89.413,,0.0
2024,4,Japanese Grand Prix,Japan,2024-04-07 00:00:00,Japanese Grand Prix,HUL,27,Haas F1 Team,12.0,11.0,0.0,0,Lapped,12.0,89.821,89.494,,,0.0
2024,4,Japanese Grand Prix,Japan,2024-04-07 00:00:00,Japanese Grand Prix,STR,18,Aston Martin,16.0,12.0,0.0,0,Lapped,16.0,90.024,,,,0.0
2024,4,Japanese Grand Prix,Japan,2024-04-07 00:00:00,Japanese Grand Prix,MAG,20,Haas F1 Team,18.0,13.0,0.0,0,Lapped,18.0,90.131,,,,0.0
2024,4,Japanese Grand Prix,Japan,2024-04-07 00:00:00,Japanese Grand Prix,BOT,77,Kick Sauber,13.0,14.0,0.0,0,Lapped,13.0,89.602,89.593,,,0.0
2024,4,Japanese Grand Prix,Japan,2024-04-07 00:00:00,Japanese Grand Prix,OCO,31,Alpine,15.0,15.0,0.0,0,Lapped,15.0,89.811,89.816,,,0.0
2024,4,Japanese Grand Prix,Japan,2024-04-07 00:00:00,Japanese Grand Prix,GAS,10,Alpine,17.0,16.0,0.0,0,Lapped,17.0,90.119,,,,0.0
2024,4,Japanese Grand Prix,Japan,2024-04-07 00:00:00,Japanese Grand Prix,SAR,2,Williams,19.0,17.0,0.0,0,Lapped,19.0,90.139,,,,0.0
2024,4,Japanese Grand Prix,Japan,2024-04-07 00:00:00,Japanese Grand Prix,ZHO,24,Kick Sauber,20.0,18.0,0.0,1,Retired,20.0,90.143,,,,0.0
2024,4,Japanese Grand Prix,Japan,2024-04-07 00:00:00,Japanese Grand Prix,RIC,3,RB,11.0,19.0,0.0,1,Retired,11.0,89.727,89.472,,,0.0
2024,4,Japanese Grand Prix,Japan,2024-04-07 00:00:00,Japanese Grand Prix,ALB,23,Williams,14.0,20.0,0.0,1,Retired,14.0,89.963,89.714,,,0.0
2024,5,Chinese Grand Prix,China,2024-04-21 00:00:00,Chinese Grand Prix,VER,1,Red Bull Racing,1.0,1.0,25.0,0,Finished,1.0,94.742,93.794,93.66,1.0,8.0
2024,5,Chinese Grand Prix,China,2024-04-21 00:00:00,Chinese Grand Prix,NOR,4,McLaren,4.0,2.0,18.0,0,Finished,4.0,94.842,94.46,94.165,6.0,3.0
2024,5,Chinese Grand Prix,China,2024-04-21 00:00:00,Chinese Grand Prix,PER,11,Red Bull Racing,2.0,3.0,15.0,0,Finished,2.0,95.457,94.026,93.982,3.0,6.0
2024,5,Chinese Grand Prix,China,2024-04-21 00:00:00,Chinese Grand Prix,LEC,16,Ferrari,6.0,4.0,12.0,0,Finished,6.0,94.797,94.399,94.289,4.0,5.0
2024,5,Chinese Grand Prix,China,2024-04-21 00:00:00,Chinese Grand Prix,SAI,55,Ferrari,7.0,5.0,10.0,0,Finished,7.0,94.97,94.368,94.297,5.0,4.0
2024,5,Chinese Grand Prix,China,2024-04-21 00:00:00,Chinese Grand Prix,RUS,63,Mercedes,8.0,6.0,8.0,0,Finished,8.0,95.084,94.609,94.433,8.0,1.0
2024,5,Chinese Grand Prix,China,2024-04-21 00:00:00,Chinese Grand Prix,ALO,14,Aston Martin,3.0,7.0,7.0,0,Finished,3.0,95.116,94.652,94.148,20.0,0.0
2024,5,Chinese Grand Prix,China,2024-04-21 00:00:00,Chinese Grand Prix,PIA,81,McLaren,5.0,8.0,4.0,0,Finished,5.0,95.014,94.659,94.273,7.0,2.0
2024,5,Chinese Grand Prix,China,2024-04-21 00:00:00,Chinese Grand Prix,HAM,44,Mercedes,18.0,9.0,2.0,0,Finished,18.0,95.573,,,2.0,7.0
2024,5,Chinese Grand Prix,China,2024-04-21 00:00:00,Chinese Grand Prix,HUL,27,Haas F1 Team,9.0,10.0,1.0,0,Finished,9.0,95.068,94.667,94.604,19.0,0.0
2024,5,Chinese Grand Prix,China,2024-04-21 00:00:00,Chinese Grand Prix,OCO,31,Alpine,13.0,11.0,0.0,0,Finished,13.0,95.356,95.223,,13.0,0.0
2024,5,Chinese Grand Prix,China,2024-04-21 00:00:00,Chinese Grand Prix,ALB,23,Williams,14.0,12.0,0.0,0,Finished,14.0,95.384,95.241,,17.0,0.0
2024,5,Chinese Grand Prix,China,2024-04-21 00:00:00,Chinese Grand Prix,GAS,10,Alpine,15.0,13.0,0.0,0,Finished,15.0,95.287,95.463,,15.0,0.0
2024,5,Chinese Grand Prix,China,2024-04-21 00:00:00,Chinese Grand Prix,ZHO,24,Kick Sauber,16.0,14.0,0.0,0,Finished,16.0,95.505,,,9.0,0.0
2024,5,Chinese Grand Prix,China,2024-04-21 00:00:00,Chinese Grand Prix,STR,18,Aston Martin,11.0,15.0,0.0,0,Finished,11.0,95.334,94.838,,14.0,0.0
2024,5,Chinese Grand Prix,China,2024-04-21 00:00:00,Chinese Grand Prix,MAG,20,Haas F1 Team,17.0,16.0,0.0,0,Finished,17.0,95.516,,,10.0,0.0
2024,5,Chinese Grand Prix,China,2024-04-21 00:00:00,Chinese Grand Prix,SAR,2,Williams,20.0,17.0,0.0,0,Finished,20.0,96.358,,,18.0,0.0
2024,5,Chinese Grand Prix,China,2024-04-21 00:00:00,Chinese Grand Prix,RIC,3,RB,12.0,18.0,0.0,1,Retired,12.0,95.443,94.934,,11.0,0.0
2024,5,Chinese Grand Prix,China,2024-04-21 00:00:00,Chinese Grand Prix,TSU,22,RB,19.0,19.0,0.0,1,Retired,19.0,95.746,,,16.0,0.0
2024,5,Chinese Grand Prix,China,2024-04-21 00:00:00,Chinese Grand Prix,BOT,77,Kick Sauber,10.0,20.0,0.0,1,Retired,10.0,95.169,94.769,94.665,12.0,0.0
2024,6,Miami Grand Prix,United States,2024-05-05 00:00:00,Miami Grand Prix,NOR,4,McLaren,5.0,1.0,25.0,0,Finished,5.0,87.913,87.871,87.594,20.0,0.0
2024,6,Miami Grand Prix,United States,2024-05-05 00:00:00,Miami Grand Prix,VER,1,Red Bull Racing,1.0,2.0,18.0,0,Finished,1.0,87.689,87.566,87.241,1.0,8.0
2024,6,Miami Grand Prix,United States,2024-05-05 00:00:00,Miami Grand Prix,LEC,16,Ferrari,2.0,3.0,15.0,0,Finished,2.0,88.081,87.533,87.382,2.0,7.0
2024,6,Miami Grand Prix,United States,2024-05-05 00:00:00,Miami Grand Prix,PER,11,Red Bull Racing,4.0,4.0,12.0,0,Finished,4.0,87.772,87.839,87.46,3.0,6.0
2024,6,Miami Grand Prix,United States,2024-05-05 00:00:00,Miami Grand Prix,SAI,55,Ferrari,3.0,5.0,10.0,0,Finished,3.0,87.937,87.941,87.455,5.0,4.0
2024,6,Miami Grand Prix,United States,2024-05-05 00:00:00,Miami Grand Prix,HAM,44,Mercedes,8.0,6.0,8.0,0,Finished,8.0,88.167,87.697,88.107,16.0,0.0
2024,6,Miami Grand Prix,United States,2024-05-05 00:00:00,Miami Grand Prix,TSU,22,RB,10.0,7.0,6.0,0,Finished,10.0,88.324,88.167,88.192,8.0,1.0
2024,6,Miami Grand Prix,United States,2024-05-05 00:00:00,Miami Grand Prix,RUS,63,Mercedes,7.0,8.0,4.0,0,Finished,7.0,88.159,88.095,88.067,12.0,0.0
2024,6,Miami Grand Prix,United States,2024-05-05 00:00:00,Miami Grand Prix,ALO,14,Aston Martin,15.0,9.0,2.0,0,Finished,15.0,88.453,88.427,,17.0,0.0
2024,6,Miami Grand Prix,United States,2024-05-05 00:00:00,Miami Grand Prix,OCO,31,Alpine,13.0,10.0,1.0,0,Finished,13.0,88.209,88.371,,15.0,0.0
2024,6,Miami Grand Prix,United States,2024-05-05 00:00:00,Miami Grand Prix,HUL,27,Haas F1 Team,9.0,11.0,0.0,0,Finished,9.0,88.383,88.2,88.146,7.0,2.0
2024,6,Miami Grand Prix,United States,2024-05-05 00:00:00,Miami Grand Prix,GAS,10,Alpine,12.0,12.0,0.0,0,Finished,12.0,87.976,88.324,,9.0,0.0
2024,6,Miami Grand Prix,United States,2024-05-05 00:00:00,Miami Grand Prix,PIA,81,McLaren,6.0,13.0,0.0,0,Finished,6.0,88.032,87.721,87.675,6.0,3.0
2024,6,Miami Grand Prix,United States,2024-05-05 00:00:00,Miami Grand Prix,ZHO,24,Kick Sauber,19.0,14.0,0.0,0,Finished,20.0,88.824,,,11.0,0.0
2024,6,Miami Grand Prix,United States,2024-05-05 00:00:00,Miami Grand Prix,RIC,3,RB,20.0,15.0,0.0,0,Finished,18.0,88.617,,,4.0,5.0
2024,6,Miami Grand Prix,United States,2024-05-05 00:00:00,Miami Grand Prix,BOT,77,Kick Sauber,16.0,16.0,0.0,0,Finished,16.0,88.463,,,14.0,0.0
2024,6,Miami Grand Prix,United States,2024-05-05 00:00:00,Miami Grand Prix,STR,18,Aston Martin,11.0,17.0,0.0,0,Finished,11.0,88.177,88.222,,19.0,0.0
2024,6,Miami Grand Prix,United States,2024-05-05 00:00:00,Miami Grand Prix,ALB,23,Williams,14.0,18.0,0.0,0,Finished,14.0,88.343,88.413,,13.0,0.0
2024,6,Miami Grand Prix,United States,2024-05-05 00:00:00,Miami Grand Prix,MAG,20,Haas F1 Team,18.0,19.0,0.0,0,Finished,19.0,88.619,,,18.0,0.0
2024,6,Miami Grand Prix,United States,2024-05-05 00:00:00,Miami Grand Prix,SAR,2,Williams,17.0,20.0,0.0,1,Retired,17.0,88.487,,,10.0,0.0
2024,7,Emilia Romagna Grand Prix,Italy,2024-05-19 00:00:00,Emilia Romagna Grand Prix,VER,1,Red Bull Racing,1.0,1.0,25.0,0,Finished,1.0,75.762,75.176,74.746,,0.0
2024,7,Emilia Romagna Grand Prix,Italy,2024-05-19 00:00:00,Emilia Romagna Grand Prix,NOR,4,McLaren,2.0,2.0,18.0,0,Finished,3.0,75.915,75.371,74.837,,0.0
2024,7,Emilia Romagna Grand Prix,Italy,2024-05-19 00:00:00,Emilia Romagna Grand Prix,LEC,16,Ferrari,3.0,3.0,15.0,0,Finished,4.0,75.823,75.328,74.97,,0.0
2024,7,Emilia Romagna Grand Prix,Italy,2024-05-19 00:00:00,Emilia Romagna Grand Prix,PIA,81,McLaren,5.0,4.0,12.0,0,Finished,2.0,75.94,75.407,74.82,,0.0
2024,7,Emilia Romagna Grand Prix,Italy,2024-05-19 00:00:00,Emilia Romagna Grand Prix,SAI,55,Ferrari,4.0,5.0,10.0,0,Finished,5.0,76.015,75.512,75.233,,0.0
2024,7,Emilia Romagna Grand Prix,Italy,2024-05-19 00:00:00,Emilia Romagna Grand Prix,HAM,44,Mercedes,8.0,6.0,8.0,0,Finished,8.0,76.604,75.677,75.504,,0.0
2024,7,Emilia Romagna Grand Prix,Italy,2024-05-19 00:00:00,Emilia Romagna Grand Prix,RUS,63,Mercedes,6.0,7.0,7.0,0,Finished,6.0,76.107,75.671,75.234,,0.0
2024,7,Emilia Romagna Grand Prix,Italy,2024-05-19 00:00:00,Emilia Romagna Grand Prix,PER,11,Red Bull Racing,11.0,8.0,4.0,0,Finished,11.0,76.404,75.706,,,0.0
2024,7,Emilia Romagna Grand Prix,Italy,2024-05-19 00:00:00,Emilia Romagna Grand Prix,STR,18,Aston Martin,13.0,9.0,2.0,0,Finished,13.0,76.458,75.992,,,0.0
2024,7,Emilia Romagna Grand Prix,Italy,2024-05-19 00:00:00,Emilia Romagna Grand Prix,TSU,22,RB,7.0,10.0,1.0,0,Lapped,7.0,75.894,75.358,75.465,,0.0
2024,7,Emilia Romagna Grand Prix,Italy,2024-05-19 00:00:00,Emilia Romagna Grand Prix,HUL,27,Haas F1 Team,10.0,11.0,0.0,0,Lapped,10.0,75.841,75.569,75.98,,0.0
2024,7,Emilia Romagna Grand Prix,Italy,2024-05-19 00:00:00,Emilia Romagna Grand Prix,MAG,20,Haas F1 Team,18.0,12.0,0.0,0,Lapped,18.0,76.854,,,,0.0
2024,7,Emilia Romagna Grand Prix,Italy,2024-05-19 00:00:00,Emilia Romagna Grand Prix,RIC,3,RB,9.0,13.0,0.0,0,Lapped,9.0,76.06,75.691,75.674,,0.0
2024,7,Emilia Romagna Grand Prix,Italy,2024-05-19 00:00:00,Emilia Romagna Grand Prix,OCO,31,Alpine,12.0,14.0,0.0,0,Lapped,12.0,76.361,75.906,,,0.0
2024,7,Emilia Romagna Grand Prix,Italy,2024-05-19 00:00:00,Emilia Romagna Grand Prix,ZHO,24,Kick Sauber,17.0,15.0,0.0,0,Lapped,17.0,76.834,,,,0.0
2024,7,Emilia Romagna Grand Prix,Italy,2024-05-19 00:00:00,Emilia Romagna Grand Prix,GAS,10,Alpine,15.0,16.0,0.0,0,Lapped,15.0,76.015,76.381,,,0.0
2024,7,Emilia Romagna Grand Prix,Italy,2024-05-19 00:00:00,Emilia Romagna Grand Prix,SAR,2,Williams,19.0,17.0,0.0,0,Lapped,20.0,,,,,0.0
2024,7,Emilia Romagna Grand Prix,Italy,2024-05-19 00:00:00,Emilia Romagna Grand Prix,BOT,77,Kick Sauber,16.0,18.0,0.0,0,Lapped,16.0,76.626,,,,0.0
2024,7,Emilia Romagna Grand Prix,Italy,2024-05-19 00:00:00,Emilia Romagna Grand Prix,ALO,14,Aston Martin,20.0,19.0,0.0,0,Lapped,19.0,76.917,,,,0.0
2024,7,Emilia Romagna Grand Prix,Italy,2024-05-19 00:00:00,Emilia Romagna Grand Prix,ALB,23,Williams,14.0,20.0,0.0,1,Retired,14.0,76.524,76.2,,,0.0
2024,8,Monaco Grand Prix,Monaco,2024-05-26 00:00:00,Monaco Grand Prix,LEC,16,Ferrari,1.0,1.0,25.0,0,Finished,1.0,71.584,70.825,70.27,,0.0
2024,8,Monaco Grand Prix,Monaco,2024-05-26 00:00:00,Monaco Grand Prix,PIA,81,McLaren,2.0,2.0,18.0,0,Finished,2.0,71.5,70.756,70.424,,0.0
2024,8,Monaco Grand Prix,Monaco,2024-05-26 00:00:00,Monaco Grand Prix,SAI,55,Ferrari,3.0,3.0,15.0,0,Finished,3.0,71.543,71.075,70.518,,0.0
2024,8,Monaco Grand Prix,Monaco,2024-05-26 00:00:00,Monaco Grand Prix,NOR,4,McLaren,4.0,4.0,12.0,0,Finished,4.0,71.76,70.732,70.542,,0.0
2024,8,Monaco Grand Prix,Monaco,2024-05-26 00:00:00,Monaco Grand Prix,RUS,63,Mercedes,5.0,5.0,10.0,0,Finished,5.0,71.492,70.929,70.543,,0.0
2024,8,Monaco Grand Prix,Monaco,2024-05-26 00:00:00,Monaco Grand Prix,VER,1,Red Bull Racing,6.0,6.0,8.0,0,Finished,6.0,71.711,70.745,70.567,,0.0
2024,8,Monaco Grand Prix,Monaco,2024-05-26 00:00:00,Monaco Grand Prix,HAM,44,Mercedes,7.0,7.0,7.0,0,Finished,7.0,71.528,71.056,70.621,,0.0
2024,8,Monaco Grand Prix,Monaco,2024-05-26 00:00:00,Monaco Grand Prix,TSU,22,RB,8.0,8.0,4.0,0,Lapped,8.0,71.852,71.106,70.858,,0.0
2024,8,Monaco Grand Prix,Monaco,2024-05-26 00:00:00,Monaco Grand Prix,ALB,23,Williams,9.0,9.0,2.0,0,Lapped,9.0,71.623,71.216,70.948,,0.0
2024,8,Monaco Grand Prix,Monaco,2024-05-26 00:00:00,Monaco Grand Prix,GAS,10,Alpine,10.0,10.0,1.0,0,Lapped,10.0,71.714,70.896,71.311,,0.0
2024,8,Monaco Grand Prix,Monaco,2024-05-26 00:00:00,Monaco Grand Prix,ALO,14,Aston Martin,14.0,11.0,0.0,0,Lapped,14.0,72.019,,,,0.0
2024,8,Monaco Grand Prix,Monaco,2024-05-26 00:00:00,Monaco Grand Prix,RIC,3,RB,12.0,12.0,0.0,0,Lapped,12.0,71.785,71.482,,,0.0
2024,8,Monaco Grand Prix,Monaco,2024-05-26 00:00:00,Monaco Grand Prix,BOT,77,Kick Sauber,17.0,13.0,0.0,0,Lapped,17.0,72.512,,,,0.0
2024,8,Monaco Grand Prix,Monaco,2024-05-26 00:00:00,Monaco Grand Prix,STR,18,Aston Martin,13.0,14.0,0.0,0,Lapped,13.0,71.728,71.563,,,0.0
2024,8,Monaco Grand Prix,Monaco,2024-05-26 00:00:00,Monaco Grand Prix,SAR,2,Williams,15.0,15.0,0.0,0,Lapped,15.0,72.02,,,,0.0
2024,8,Monaco Grand Prix,Monaco,2024-05-26 00:00:00,Monaco Grand Prix,ZHO,24,Kick Sauber,18.0,16.0,0.0,0,Lapped,18.0,73.028,,,,0.0
2024,8,Monaco Grand Prix,Monaco,2024-05-26 00:00:00,Monaco Grand Prix,OCO,31,Alpine,11.0,17.0,0.0,1,Retired,11.0,71.887,71.285,,,0.0
2024,8,Monaco Grand Prix,Monaco,2024-05-26 00:00:00,Monaco Grand Prix,PER,11,Red Bull Racing,16.0,18.0,0.0,1,Retired,16.0,72.06,,,,0.0
2024,8,Monaco Grand Prix,Monaco,2024-05-26 00:00:00,Monaco Grand Prix,HUL,27,Haas F1 Team,19.0,19.0,0.0,1,Retired,14.0,71.876,71.44,,,0.0
2024,8,Monaco Grand Prix,Monaco,2024-05-26 00:00:00,Monaco Grand Prix,MAG,20,Haas F1 Team,20.0,20.0,0.0,1,Retired,15.0,71.832,71.725,,,0.0
2024,9,Canadian Grand Prix,Canada,2024-06-09 00:00:00,Canadian Grand Prix,VER,1,Red Bull Racing,2.0,1.0,25.0,0,Finished,2.0,72.36,72.549,72.0,,0.0
2024,9,Canadian Grand Prix,Canada,2024-06-09 00:00:00,Canadian Grand Prix,NOR,4,McLaren,3.0,2.0,18.0,0,Finished,3.0,72.959,72.201,72.021,,0.0
2024,9,Canadian Grand Prix,Canada,2024-06-09 00:00:00,Canadian Grand Prix,RUS,63,Mercedes,1.0,3.0,15.0,0,Finished,1.0,73.013,71.742,72.0,,0.0
2024,9,Canadian Grand Prix,Canada,2024-06-09 00:00:00,Canadian Grand Prix,HAM,44,Mercedes,7.0,4.0,13.0,0,Finished,7.0,72.851,71.979,72.28,,0.0
2024,9,Canadian Grand Prix,Canada,2024-06-09 00:00:00,Canadian Grand Prix,PIA,81,McLaren,4.0,5.0,10.0,0,Finished,4.0,72.907,72.462,72.103,,0.0
2024,9,Canadian Grand Prix,Canada,2024-06-09 00:00:00,Canadian Grand Prix,ALO,14,Aston Martin,6.0,6.0,8.0,0,Finished,6.0,73.117,72.635,72.228,,0.0
2024,9,Canadian Grand Prix,Canada,2024-06-09 00:00:00,Canadian Grand Prix,STR,18,Aston Martin,9.0,7.0,6.0,0,Finished,9.0,73.088,72.659,72.701,,0.0
2024,9,Canadian Grand Prix,Canada,2024-06-09 00:00:00,Canadian Grand Prix,RIC,3,RB,5.0,8.0,4.0,0,Finished,5.0,73.24,72.572,72.178,,0.0
2024,9,Canadian Grand Prix,Canada,2024-06-09 00:00:00,Canadian Grand Prix,GAS,10,Alpine,15.0,9.0,2.0,0,Finished,15.0,73.289,72.94,,,0.0
2024,9,Canadian Grand Prix,Canada,2024-06-09 00:00:00,Canadian Grand Prix,OCO,31,Alpine,18.0,10.0,1.0,0,Finished,18.0,73.435,,,,0.0
2024,9,Canadian Grand Prix,Canada,2024-06-09 00:00:00,Canadian Grand Prix,HUL,27,Haas F1 Team,17.0,11.0,0.0,0,Finished,19.0,73.978,,,,0.0
2024,9,Canadian Grand Prix,Canada,2024-06-09 00:00:00,Canadian Grand Prix,MAG,20,Haas F1 Team,14.0,12.0,0.0,0,Finished,14.0,73.217,72.916,,,0.0
2024,9,Canadian Grand Prix,Canada,2024-06-09 00:00:00,Canadian Grand Prix,BOT,77,Kick Sauber,19.0,13.0,0.0,0,Finished,17.0,73.366,,,,0.0
2024,9,Canadian Grand Prix,Canada,2024-06-09 00:00:00,Canadian Grand Prix,TSU,22,RB,8.0,14.0,0.0,0,Finished,8.0,72.748,72.303,72.414,,0.0
2024,9,Canadian Grand Prix,Canada,2024-06-09 00:00:00,Canadian Grand Prix,ZHO,24,Kick Sauber,20.0,15.0,0.0,0,Lapped,20.0,74.292,,,,0.0
2024,9,Canadian Grand Prix,Canada,2024-06-09 00:00:00,Canadian Grand Prix,SAI,55,Ferrari,12.0,16.0,0.0,1,Retired,12.0,73.038,72.728,,,0.0
2024,9,Canadian Grand Prix,Canada,2024-06-09 00:00:00,Canadian Grand Prix,ALB,23,Williams,10.0,17.0,0.0,1,Retired,10.0,72.896,72.485,72.796,,0.0
2024,9,Canadian Grand Prix,Canada,2024-06-09 00:00:00,Canadian Grand Prix,PER,11,Red Bull Racing,16.0,18.0,0.0,1,Retired,16.0,73.326,,,,0.0
2024,9,Canadian Grand Prix,Canada,2024-06-09 00:00:00,Canadian Grand Prix,LEC,16,Ferrari,11.0,19.0,0.0,1,Retired,11.0,73.107,72.691,,,0.0
2024,9,Canadian Grand Prix,Canada,2024-06-09 00:00:00,Canadian Grand Prix,SAR,2,Williams,13.0,20.0,0.0,1,Retired,13.0,73.063,72.736,,,0.0
2024,10,Spanish Grand Prix,Spain,2024-06-23 00:00:00,Spanish Grand Prix,VER,1,Red Bull Racing,2.0,1.0,25.0,0,Finished,2.0,72.306,71.653,71.403,,0.0
2024,10,Spanish Grand Prix,Spain,2024-06-23 00:00:00,Spanish Grand Prix,NOR,4,McLaren,1.0,2.0,19.0,0,Finished,1.0,72.386,71.872,71.383,,0.0
2024,10,Spanish Grand Prix,Spain,2024-06-23 00:00:00,Spanish Grand Prix,HAM,44,Mercedes,3.0,3.0,15.0,0,Finished,3.0,72.143,71.792,71.701,,0.0
2024,10,Spanish Grand Prix,Spain,2024-06-23 00:00:00,Spanish Grand Prix,RUS,63,Mercedes,4.0,4.0,12.0,0,Finished,4.0,72.456,71.812,71.703,,0.0
2024,10,Spanish Grand Prix,Spain,2024-06-23 00:00:00,Spanish Grand Prix,LEC,16,Ferrari,5.0,5.0,10.0,0,Finished,5.0,72.257,72.038,71.731,,0.0
2024,10,Spanish Grand Prix,Spain,2024-06-23 00:00:00,Spanish Grand Prix,SAI,55,Ferrari,6.0,6.0,8.0,0,Finished,6.0,72.403,71.874,71.736,,0.0
2024,10,Spanish Grand Prix,Spain,2024-06-23 00:00:00,Spanish Grand Prix,PIA,81,McLaren,9.0,7.0,6.0,0,Finished,10.0,72.46,72.011,,,0.0
2024,10,Spanish Grand Prix,Spain,2024-06-23 00:00:00,Spanish Grand Prix,PER,11,Red Bull Racing,11.0,8.0,4.0,0,Finished,8.0,72.477,72.054,72.061,,0.0
2024,10,Spanish Grand Prix,Spain,2024-06-23 00:00:00,Spanish Grand Prix,GAS,10,Alpine,7.0,9.0,2.0,0,Finished,7.0,72.651,72.079,71.857,,0.0
2024,10,Spanish Grand Prix,Spain,2024-06-23 00:00:00,Spanish Grand Prix,OCO,31,Alpine,8.0,10.0,1.0,0,Finished,9.0,72.691,72.109,72.125,,0.0
2024,10,Spanish Grand Prix,Spain,2024-06-23 00:00:00,Spanish Grand Prix,HUL,27,Haas F1 Team,13.0,11.0,0.0,0,Finished,13.0,72.708,72.31,,,0.0
2024,10,Spanish Grand Prix,Spain,2024-06-23 00:00:00,Spanish Grand Prix,ALO,14,Aston Martin,10.0,12.0,0.0,0,Lapped,11.0,72.505,72.128,,,0.0
2024,10,Spanish Grand Prix,Spain,2024-06-23 00:00:00,Spanish Grand Prix,ZHO,24,Kick Sauber,15.0,13.0,0.0,0,Lapped,15.0,72.88,72.738,,,0.0
2024,10,Spanish Grand Prix,Spain,2024-06-23 00:00:00,Spanish Grand Prix,STR,18,Aston Martin,14.0,14.0,0.0,0,Lapped,14.0,72.881,72.372,,,0.0
2024,10,Spanish Grand Prix,Spain,2024-06-23 00:00:00,Spanish Grand Prix,RIC,3,RB,18.0,15.0,0.0,0,Lapped,18.0,73.075,,,,0.0
2024,10,Spanish Grand Prix,Spain,2024-06-23 00:00:00,Spanish Grand Prix,BOT,77,Kick Sauber,12.0,16.0,0.0,0,Lapped,12.0,72.758,72.227,,,0.0
2024,10,Spanish Grand Prix,Spain,2024-06-23 00:00:00,Spanish Grand Prix,MAG,20,Haas F1 Team,16.0,17.0,0.0,0,Lapped,16.0,72.937,,,,0.0
2024,10,Spanish Grand Prix,Spain,2024-06-23 00:00:00,Spanish Grand Prix,ALB,23,Williams,20.0,18.0,0.0,0,Lapped,19.0,73.153,,,,0.0
2024,10,Spanish Grand Prix,Spain,2024-06-23 00:00:00,Spanish Grand Prix,TSU,22,RB,17.0,19.0,0.0,0,Lapped,17.0,72.985,,,,0.0
2024,10,Spanish Grand Prix,Spain,2024-06-23 00:00:00,Spanish Grand Prix,SAR,2,Williams,19.0,20.0,0.0,0,Lapped,20.0,73.509,,,,0.0
2024,11,Austrian Grand Prix,Austria,2024-06-30 00:00:00,Austrian Grand Prix,RUS,63,Mercedes,3.0,1.0,25.0,0,Finished,3.0,65.585,65.016,64.84,4.0,5.0
2024,11,Austrian Grand Prix,Austria,2024-06-30 00:00:00,Austrian Grand Prix,PIA,81,McLaren,7.0,2.0,18.0,0,Finished,7.0,65.311,65.07,65.048,2.0,7.0
2024,11,Austrian Grand Prix,Austria,2024-06-30 00:00:00,Austrian Grand Prix,SAI,55,Ferrari,4.0,3.0,15.0,0,Finished,4.0,65.263,65.016,64.851,5.0,4.0
2024,11,Austrian Grand Prix,Austria,2024-06-30 00:00:00,Austrian Grand Prix,HAM,44,Mercedes,5.0,4.0,12.0,0,Finished,5.0,65.541,65.053,64.903,6.0,3.0
2024,11,Austrian Grand Prix,Austria,2024-06-30 00:00:00,Austrian Grand Prix,VER,1,Red Bull Racing,1.0,5.0,10.0,0,Finished,1.0,65.336,64.469,64.314,1.0,8.0
2024,11,Austrian Grand Prix,Austria,2024-06-30 00:00:00,Austrian Grand Prix,HUL,27,Haas F1 Team,9.0,6.0,8.0,0,Finished,9.0,65.596,65.262,65.385,19.0,0.0
2024,11,Austrian Grand Prix,Austria,2024-06-30 00:00:00,Austrian Grand Prix,PER,11,Red Bull Racing,8.0,7.0,6.0,0,Finished,8.0,65.587,65.144,65.202,8.0,1.0
2024,11,Austrian Grand Prix,Austria,2024-06-30 00:00:00,Austrian Grand Prix,MAG,20,Haas F1 Team,12.0,8.0,4.0,0,Finished,12.0,65.508,65.347,,9.0,0.0
2024,11,Austrian Grand Prix,Austria,2024-06-30 00:00:00,Austrian Grand Prix,RIC,3,RB,11.0,9.0,2.0,0,Finished,11.0,65.569,65.289,,14.0,0.0
2024,11,Austrian Grand Prix,Austria,2024-06-30 00:00:00,Austrian Grand Prix,GAS,10,Alpine,13.0,10.0,1.0,0,Finished,13.0,65.598,65.359,,12.0,0.0
2024,11,Austrian Grand Prix,Austria,2024-06-30 00:00:00,Austrian Grand Prix,LEC,16,Ferrari,6.0,11.0,0.0,0,Finished,6.0,65.509,65.104,65.044,7.0,2.0
2024,11,Austrian Grand Prix,Austria,2024-06-30 00:00:00,Austrian Grand Prix,OCO,31,Alpine,10.0,12.0,0.0,0,Finished,10.0,65.574,65.274,65.883,11.0,0.0
2024,11,Austrian Grand Prix,Austria,2024-06-30 00:00:00,Austrian Grand Prix,STR,18,Aston Martin,17.0,13.0,0.0,0,Lapped,17.0,65.819,,,10.0,0.0
2024,11,Austrian Grand Prix,Austria,2024-06-30 00:00:00,Austrian Grand Prix,TSU,22,RB,14.0,14.0,0.0,0,Lapped,14.0,65.563,65.412,,13.0,0.0
2024,11,Austrian Grand Prix,Austria,2024-06-30 00:00:00,Austrian Grand Prix,ALB,23,Williams,16.0,15.0,0.0,0,Lapped,16.0,65.736,,,17.0,0.0
2024,11,Austrian Grand Prix,Austria,2024-06-30 00:00:00,Austrian Grand Prix,BOT,77,Kick Sauber,18.0,16.0,0.0,0,Lapped,18.0,65.847,,,18.0,0.0
2024,11,Austrian Grand Prix,Austria,2024-06-30 00:00:00,Austrian Grand Prix,ZHO,24,Kick Sauber,20.0,17.0,0.0,0,Lapped,20.0,66.061,,,20.0,0.0
2024,11,Austrian Grand Prix,Austria,2024-06-30 00:00:00,Austrian Grand Prix,ALO,14,Aston Martin,15.0,18.0,0.0,0,Lapped,15.0,65.656,65.639,,15.0,0.0
2024,11,Austrian Grand Prix,Austria,2024-06-30 00:00:00,Austrian Grand Prix,SAR,2,Williams,19.0,19.0,0.0,0,Lapped,19.0,65.856,,,16.0,0.0
2024,11,Austrian Grand Prix,Austria,2024-06-30 00:00:00,Austrian Grand Prix,NOR,4,McLaren,2.0,20.0,0.0,0,Lapped,2.0,65.45,65.103,64.718,3.0,6.0
2024,12,British Grand Prix,United Kingdom,2024-07-07 00:00:00,British Grand Prix,HAM,44,Mercedes,2.0,1.0,25.0,0,Finished,2.0,89.547,86.77,85.99,,0.0
2024,12,British Grand Prix,United Kingdom,2024-07-07 00:00:00,British Grand Prix,VER,1,Red Bull Racing,4.0,2.0,18.0,0,Finished,4.0,91.342,86.796,86.203,,0.0
2024,12,British Grand Prix,United Kingdom,2024-07-07 00:00:00,British Grand Prix,NOR,4,McLaren,3.0,3.0,15.0,0,Finished,3.0,91.596,86.559,86.03,,0.0
2024,12,British Grand Prix,United Kingdom,2024-07-07 00:00:00,British Grand Prix,PIA,81,McLaren,5.0,4.0,12.0,0,Finished,5.0,90.895,86.733,86.237,,0.0
2024,12,British Grand Prix,United Kingdom,2024-07-07 00:00:00,British Grand Prix,SAI,55,Ferrari,7.0,5.0,11.0,0,Finished,7.0,90.557,86.843,86.509,,0.0
2024,12,British Grand Prix,United Kingdom,2024-07-07 00:00:00,British Grand Prix,HUL,27,Haas F1 Team,6.0,6.0,8.0,0,Finished,6.0,91.929,86.847,86.338,,0.0
2024,12,British Grand Prix,United Kingdom,2024-07-07 00:00:00,British Grand Prix,STR,18,Aston Martin,8.0,7.0,6.0,0,Finished,8.0,91.41,86.938,86.585,,0.0
2024,12,British Grand Prix,United Kingdom,2024-07-07 00:00:00,British Grand Prix,ALO,14,Aston Martin,10.0,8.0,4.0,0,Finished,10.0,91.264,86.73,86.917,,0.0
2024,12,British Grand Prix,United Kingdom,2024-07-07 00:00:00,British Grand Prix,ALB,23,Williams,9.0,9.0,2.0,0,Finished,9.0,91.135,86.933,86.64,,0.0
2024,12,British Grand Prix,United Kingdom,2024-07-07 00:00:00,British Grand Prix,TSU,22,RB,13.0,10.0,1.0,0,Finished,13.0,90.994,87.269,,,0.0
2024,12,British Grand Prix,United Kingdom,2024-07-07 00:00:00,British Grand Prix,SAR,2,Williams,12.0,11.0,0.0,0,Finished,12.0,91.608,87.175,,,0.0
2024,12,British Grand Prix,United Kingdom,2024-07-07 00:00:00,British Grand Prix,MAG,20,Haas F1 Team,17.0,12.0,0.0,0,Finished,17.0,92.905,,,,0.0
2024,12,British Grand Prix,United Kingdom,2024-07-07 00:00:00,British Grand Prix,RIC,3,RB,15.0,13.0,0.0,0,Lapped,15.0,91.291,87.949,,,0.0
2024,12,British Grand Prix,United Kingdom,2024-07-07 00:00:00,British Grand Prix,LEC,16,Ferrari,11.0,14.0,0.0,0,Lapped,11.0,90.496,87.097,,,0.0
2024,12,British Grand Prix,United Kingdom,2024-07-07 00:00:00,British Grand Prix,BOT,77,Kick Sauber,16.0,15.0,0.0,0,Lapped,16.0,92.431,,,,0.0
2024,12,British Grand Prix,United Kingdom,2024-07-07 00:00:00,British Grand Prix,OCO,31,Alpine,18.0,16.0,0.0,0,Lapped,18.0,94.557,,,,0.0
2024,12,British Grand Prix,United Kingdom,2024-07-07 00:00:00,British Grand Prix,PER,11,Red Bull Racing,20.0,17.0,0.0,0,Lapped,19.0,98.348,,,,0.0
2024,12,British Grand Prix,United Kingdom,2024-07-07 00:00:00,British Grand Prix,ZHO,24,Kick Sauber,14.0,18.0,0.0,0,Lapped,14.0,91.19,87.867,,,0.0
2024,12,British Grand Prix,United Kingdom,2024-07-07 00:00:00,British Grand Prix,RUS,63,Mercedes,1.0,19.0,0.0,1,Retired,1.0,90.106,86.723,85.819,,0.0
2024,12,British Grand Prix,United Kingdom,2024-07-07 00:00:00,British Grand Prix,GAS,10,Alpine,19.0,20.0,0.0,1,Did not start,20.0,99.804,,,,0.0
2024,13,Hungarian Grand Prix,Hungary,2024-07-21 00:00:00,Hungarian Grand Prix,PIA,81,McLaren,2.0,1.0,25.0,0,Finished,2.0,77.504,75.785,75.249,,0.0
2024,13,Hungarian Grand Prix,Hungary,2024-07-21 00:00:00,Hungarian Grand Prix,NOR,4,McLaren,1.0,2.0,18.0,0,Finished,1.0,77.755,75.54,75.227,,0.0
2024,13,Hungarian Grand Prix,Hungary,2024-07-21 00:00:00,Hungarian Grand Prix,HAM,44,Mercedes,5.0,3.0,15.0,0,Finished,5.0,77.087,76.307,75.854,,0.0
2024,13,Hungarian Grand Prix,Hungary,2024-07-21 00:00:00,Hungarian Grand Prix,LEC,16,Ferrari,6.0,4.0,12.0,0,Finished,6.0,77.437,75.891,75.905,,0.0
2024,13,Hungarian Grand Prix,Hungary,2024-07-21 00:00:00,Hungarian Grand Prix,VER,1,Red Bull Racing,3.0,5.0,10.0,0,Finished,3.0,77.087,75.77,75.273,,0.0
2024,13,Hungarian Grand Prix,Hungary,2024-07-21 00:00:00,Hungarian Grand Prix,SAI,55,Ferrari,4.0,6.0,8.0,0,Finished,4.0,77.244,75.885,75.696,,0.0
2024,13,Hungarian Grand Prix,Hungary,2024-07-21 00:00:00,Hungarian Grand Prix,PER,11,Red Bull Racing,16.0,7.0,6.0,0,Finished,16.0,77.886,,,,0.0
2024,13,Hungarian Grand Prix,Hungary,2024-07-21 00:00:00,Hungarian Grand Prix,RUS,63,Mercedes,17.0,8.0,5.0,0,Finished,17.0,77.968,,,,0.0
2024,13,Hungarian Grand Prix,Hungary,2024-07-21 00:00:00,Hungarian Grand Prix,TSU,22,RB,10.0,9.0,2.0,0,Finished,10.0,77.436,76.121,76.477,,0.0
2024,13,Hungarian Grand Prix,Hungary,2024-07-21 00:00:00,Hungarian Grand Prix,STR,18,Aston Martin,8.0,10.0,1.0,0,Finished,8.0,77.405,76.075,76.244,,0.0
2024,13,Hungarian Grand Prix,Hungary,2024-07-21 00:00:00,Hungarian Grand Prix,ALO,14,Aston Martin,7.0,11.0,0.0,0,Finished,7.0,77.624,76.117,76.043,,0.0
2024,13,Hungarian Grand Prix,Hungary,2024-07-21 00:00:00,Hungarian Grand Prix,RIC,3,RB,9.0,12.0,0.0,0,Lapped,9.0,77.05,76.202,76.447,,0.0
2024,13,Hungarian Grand Prix,Hungary,2024-07-21 00:00:00,Hungarian Grand Prix,HUL,27,Haas F1 Team,11.0,13.0,0.0,0,Lapped,11.0,77.362,76.317,,,0.0
2024,13,Hungarian Grand Prix,Hungary,2024-07-21 00:00:00,Hungarian Grand Prix,ALB,23,Williams,13.0,14.0,0.0,0,Lapped,13.0,77.28,76.429,,,0.0
2024,13,Hungarian Grand Prix,Hungary,2024-07-21 00:00:00,Hungarian Grand Prix,MAG,20,Haas F1 Team,15.0,15.0,0.0,0,Lapped,15.0,77.851,76.548,,,0.0
2024,13,Hungarian Grand Prix,Hungary,2024-07-21 00:00:00,Hungarian Grand Prix,BOT,77,Kick Sauber,12.0,16.0,0.0,0,Lapped,12.0,77.487,76.384,,,0.0
2024,13,Hungarian Grand Prix,Hungary,2024-07-21 00:00:00,Hungarian Grand Prix,SAR,2,Williams,14.0,17.0,0.0,0,Lapped,14.0,77.77,76.543,,,0.0
2024,13,Hungarian Grand Prix,Hungary,2024-07-21 00:00:00,Hungarian Grand Prix,OCO,31,Alpine,19.0,18.0,0.0,0,Lapped,19.0,78.049,,,,0.0
2024,13,Hungarian Grand Prix,Hungary,2024-07-21 00:00:00,Hungarian Grand Prix,ZHO,24,Kick Sauber,18.0,19.0,0.0,0,Lapped,18.0,78.037,,,,0.0
2024,13,Hungarian Grand Prix,Hungary,2024-07-21 00:00:00,Hungarian Grand Prix,GAS,10,Alpine,20.0,20.0,0.0,1,Retired,20.0,78.166,,,,0.0
2024,14,Belgian Grand Prix,Belgium,2024-07-28 00:00:00,Belgian Grand Prix,HAM,44,Mercedes,3.0,1.0,25.0,0,Finished,4.0,115.692,114.037,113.835,,0.0
2024,14,Belgian Grand Prix,Belgium,2024-07-28 00:00:00,Belgian Grand Prix,PIA,81,McLaren,5.0,2.0,18.0,0,Finished,6.0,114.835,114.136,114.027,,0.0
2024,14,Belgian Grand Prix,Belgium,2024-07-28 00:00:00,Belgian Grand Prix,LEC,16,Ferrari,1.0,3.0,15.0,0,Finished,2.0,115.349,114.193,113.754,,0.0
2024,14,Belgian Grand Prix,Belgium,2024-07-28 00:00:00,Belgian Grand Prix,VER,1,Red Bull Racing,11.0,4.0,12.0,0,Finished,1.0,114.938,113.837,113.159,,0.0
2024,14,Belgian Grand Prix,Belgium,2024-07-28 00:00:00,Belgian Grand Prix,NOR,4,McLaren,4.0,5.0,10.0,0,Finished,5.0,115.582,114.358,113.981,,0.0
2024,14,Belgian Grand Prix,Belgium,2024-07-28 00:00:00,Belgian Grand Prix,SAI,55,Ferrari,7.0,6.0,8.0,0,Finished,8.0,115.169,114.112,114.477,,0.0
2024,14,Belgian Grand Prix,Belgium,2024-07-28 00:00:00,Belgian Grand Prix,PER,11,Red Bull Racing,2.0,7.0,7.0,0,Finished,3.0,115.139,114.47,113.765,,0.0
2024,14,Belgian Grand Prix,Belgium,2024-07-28 00:00:00,Belgian Grand Prix,ALO,14,Aston Martin,8.0,8.0,4.0,0,Finished,9.0,115.489,114.258,114.765,,0.0
2024,14,Belgian Grand Prix,Belgium,2024-07-28 00:00:00,Belgian Grand Prix,OCO,31,Alpine,9.0,9.0,2.0,0,Finished,10.0,115.417,114.46,114.81,,0.0
2024,14,Belgian Grand Prix,Belgium,2024-07-28 00:00:00,Belgian Grand Prix,RIC,3,RB,13.0,10.0,1.0,0,Finished,13.0,115.451,114.682,,,0.0
2024,14,Belgian Grand Prix,Belgium,2024-07-28 00:00:00,Belgian Grand Prix,STR,18,Aston Martin,15.0,11.0,0.0,0,Finished,15.0,116.072,115.716,,,0.0
2024,14,Belgian Grand Prix,Belgium,2024-07-28 00:00:00,Belgian Grand Prix,ALB,23,Williams,10.0,12.0,0.0,0,Finished,11.0,115.722,114.473,,,0.0
2024,14,Belgian Grand Prix,Belgium,2024-07-28 00:00:00,Belgian Grand Prix,GAS,10,Alpine,12.0,13.0,0.0,0,Finished,12.0,114.911,114.635,,,0.0
2024,14,Belgian Grand Prix,Belgium,2024-07-28 00:00:00,Belgian Grand Prix,MAG,20,Haas F1 Team,17.0,14.0,0.0,0,Finished,17.0,116.5,,,,0.0
2024,14,Belgian Grand Prix,Belgium,2024-07-28 00:00:00,Belgian Grand Prix,BOT,77,Kick Sauber,14.0,15.0,0.0,0,Finished,14.0,115.531,114.764,,,0.0
2024,14,Belgian Grand Prix,Belgium,2024-07-28 00:00:00,Belgian Grand Prix,TSU,22,RB,20.0,16.0,0.0,0,Finished,18.0,116.593,,,,0.0
2024,14,Belgian Grand Prix,Belgium,2024-07-28 00:00:00,Belgian Grand Prix,SAR,2,Williams,18.0,17.0,0.0,0,Finished,19.0,117.23,,,,0.0
2024,14,Belgian Grand Prix,Belgium,2024-07-28 00:00:00,Belgian Grand Prix,HUL,27,Haas F1 Team,16.0,18.0,0.0,0,Finished,16.0,116.308,,,,0.0
2024,14,Belgian Grand Prix,Belgium,2024-07-28 00:00:00,Belgian Grand Prix,ZHO,24,Kick Sauber,19.0,19.0,0.0,1,Retired,20.0,117.775,,,,0.0
2024,14,Belgian Grand Prix,Belgium,2024-07-28 00:00:00,Belgian Grand Prix,RUS,63,Mercedes,6.0,20.0,0.0,1,Disqualified,7.0,115.353,114.095,114.184,,0.0
2024,15,Dutch Grand Prix,Netherlands,2024-08-25 00:00:00,Dutch Grand Prix,NOR,4,McLaren,1.0,1.0,26.0,0,Finished,1.0,71.377,70.496,69.673,,0.0
2024,15,Dutch Grand Prix,Netherlands,2024-08-25 00:00:00,Dutch Grand Prix,VER,1,Red Bull Racing,2.0,2.0,18.0,0,Finished,2.0,71.393,70.811,70.029,,0.0
2024,15,Dutch Grand Prix,Netherlands,2024-08-25 00:00:00,Dutch Grand Prix,LEC,16,Ferrari,6.0,3.0,15.0,0,Finished,6.0,71.37,70.689,70.582,,0.0
2024,15,Dutch Grand Prix,Netherlands,2024-08-25 00:00:00,Dutch Grand Prix,PIA,81,McLaren,3.0,4.0,12.0,0,Finished,3.0,71.541,70.505,70.172,,0.0
2024,15,Dutch Grand Prix,Netherlands,2024-08-25 00:00:00,Dutch Grand Prix,SAI,55,Ferrari,10.0,5.0,10.0,0,Finished,10.0,71.327,70.914,,,0.0
2024,15,Dutch Grand Prix,Netherlands,2024-08-25 00:00:00,Dutch Grand Prix,PER,11,Red Bull Racing,5.0,6.0,8.0,0,Finished,5.0,71.006,70.678,70.416,,0.0
2024,15,Dutch Grand Prix,Netherlands,2024-08-25 00:00:00,Dutch Grand Prix,RUS,63,Mercedes,4.0,7.0,6.0,0,Finished,4.0,71.049,70.552,70.244,,0.0
2024,15,Dutch Grand Prix,Netherlands,2024-08-25 00:00:00,Dutch Grand Prix,HAM,44,Mercedes,14.0,8.0,4.0,0,Finished,11.0,71.375,70.948,,,0.0
2024,15,Dutch Grand Prix,Netherlands,2024-08-25 00:00:00,Dutch Grand Prix,GAS,10,Alpine,9.0,9.0,2.0,0,Lapped,9.0,71.718,70.815,70.977,,0.0
2024,15,Dutch Grand Prix,Netherlands,2024-08-25 00:00:00,Dutch Grand Prix,ALO,14,Aston Martin,7.0,10.0,1.0,0,Lapped,7.0,71.493,70.845,70.633,,0.0
2024,15,Dutch Grand Prix,Netherlands,2024-08-25 00:00:00,Dutch Grand Prix,HUL,27,Haas F1 Team,12.0,11.0,0.0,0,Lapped,13.0,71.832,71.215,,,0.0
2024,15,Dutch Grand Prix,Netherlands,2024-08-25 00:00:00,Dutch Grand Prix,RIC,3,RB,13.0,12.0,0.0,0,Lapped,15.0,71.943,,,,0.0
2024,15,Dutch Grand Prix,Netherlands,2024-08-25 00:00:00,Dutch Grand Prix,STR,18,Aston Martin,8.0,13.0,0.0,0,Lapped,8.0,71.518,70.661,70.857,,0.0
2024,15,Dutch Grand Prix,Netherlands,2024-08-25 00:00:00,Dutch Grand Prix,ALB,23,Williams,19.0,14.0,0.0,0,Lapped,10.0,,70.768,70.653,,0.0
2024,15,Dutch Grand Prix,Netherlands,2024-08-25 00:00:00,Dutch Grand Prix,OCO,31,Alpine,15.0,15.0,0.0,0,Lapped,16.0,71.995,,,,0.0
2024,15,Dutch Grand Prix,Netherlands,2024-08-25 00:00:00,Dutch Grand Prix,SAR,2,Williams,18.0,16.0,0.0,0,Lapped,20.0,,,,,0.0
2024,15,Dutch Grand Prix,Netherlands,2024-08-25 00:00:00,Dutch Grand Prix,TSU,22,RB,11.0,17.0,0.0,0,Lapped,12.0,71.603,70.955,,,0.0
2024,15,Dutch Grand Prix,Netherlands,2024-08-25 00:00:00,Dutch Grand Prix,MAG,20,Haas F1 Team,20.0,18.0,0.0,0,Lapped,14.0,71.63,71.295,,,0.0
2024,15,Dutch Grand Prix,Netherlands,2024-08-25 00:00:00,Dutch Grand Prix,BOT,77,Kick Sauber,16.0,19.0,0.0,0,Lapped,17.0,72.168,,,,0.0
2024,15,Dutch Grand Prix,Netherlands,2024-08-25 00:00:00,Dutch Grand Prix,ZHO,24,Kick Sauber,17.0,20.0,0.0,0,Lapped,18.0,73.261,,,,0.0
2024,16,Italian Grand Prix,Italy,2024-09-01 00:00:00,Italian Grand Prix,LEC,16,Ferrari,4.0,1.0,25.0,0,Finished,4.0,80.074,80.007,79.461,,0.0
2024,16,Italian Grand Prix,Italy,2024-09-01 00:00:00,Italian Grand Prix,PIA,81,McLaren,2.0,2.0,18.0,0,Finished,2.0,80.076,79.808,79.436,,0.0
2024,16,Italian Grand Prix,Italy,2024-09-01 00:00:00,Italian Grand Prix,NOR,4,McLaren,1.0,3.0,16.0,0,Finished,1.0,79.911,79.727,79.327,,0.0
2024,16,Italian Grand Prix,Italy,2024-09-01 00:00:00,Italian Grand Prix,SAI,55,Ferrari,5.0,4.0,12.0,0,Finished,5.0,80.149,79.799,79.467,,0.0
2024,16,Italian Grand Prix,Italy,2024-09-01 00:00:00,Italian Grand Prix,HAM,44,Mercedes,6.0,5.0,10.0,0,Finished,6.0,80.477,79.641,79.513,,0.0
2024,16,Italian Grand Prix,Italy,2024-09-01 00:00:00,Italian Grand Prix,VER,1,Red Bull Racing,7.0,6.0,8.0,0,Finished,7.0,80.226,79.662,80.022,,0.0
2024,16,Italian Grand Prix,Italy,2024-09-01 00:00:00,Italian Grand Prix,RUS,63,Mercedes,3.0,7.0,6.0,0,Finished,3.0,80.169,79.877,79.44,,0.0
2024,16,Italian Grand Prix,Italy,2024-09-01 00:00:00,Italian Grand Prix,PER,11,Red Bull Racing,8.0,8.0,4.0,0,Finished,8.0,80.598,80.216,80.062,,0.0
2024,16,Italian Grand Prix,Italy,2024-09-01 00:00:00,Italian Grand Prix,ALB,23,Williams,9.0,9.0,2.0,0,Finished,9.0,80.542,80.314,80.299,,0.0
2024,16,Italian Grand Prix,Italy,2024-09-01 00:00:00,Italian Grand Prix,MAG,20,Haas F1 Team,13.0,10.0,1.0,0,Finished,13.0,80.856,80.698,,,0.0
2024,16,Italian Grand Prix,Italy,2024-09-01 00:00:00,Italian Grand Prix,ALO,14,Aston Martin,11.0,11.0,0.0,0,Finished,11.0,80.617,80.421,,,0.0
2024,16,Italian Grand Prix,Italy,2024-09-01 00:00:00,Italian Grand Prix,COL,43,Williams,18.0,12.0,0.0,0,Finished,18.0,81.061,,,,0.0
2024,16,Italian Grand Prix,Italy,2024-09-01 00:00:00,Italian Grand Prix,RIC,3,RB,12.0,13.0,0.0,0,Finished,12.0,80.901,80.479,,,0.0
2024,16,Italian Grand Prix,Italy,2024-09-01 00:00:00,Italian Grand Prix,OCO,31,Alpine,15.0,14.0,0.0,0,Lapped,15.0,80.764,80.766,,,0.0
2024,16,Italian Grand Prix,Italy,2024-09-01 00:00:00,Italian Grand Prix,GAS,10,Alpine,14.0,15.0,0.0,0,Lapped,14.0,80.748,80.738,,,0.0
2024,16,Italian Grand Prix,Italy,2024-09-01 00:00:00,Italian Grand Prix,BOT,77,Kick Sauber,19.0,16.0,0.0,0,Lapped,19.0,81.101,,,,0.0
2024,16,Italian Grand Prix,Italy,2024-09-01 00:00:00,Italian Grand Prix,HUL,27,Haas F1 Team,10.0,17.0,0.0,0,Lapped,10.0,80.781,80.411,80.339,,0.0
2024,16,Italian Grand Prix,Italy,2024-09-01 00:00:00,Italian Grand Prix,ZHO,24,Kick Sauber,20.0,18.0,0.0,0,Lapped,20.0,81.445,,,,0.0
2024,16,Italian Grand Prix,Italy,2024-09-01 00:00:00,Italian Grand Prix,STR,18,Aston Martin,17.0,19.0,0.0,0,Lapped,17.0,81.013,,,,0.0
2024,16,Italian Grand Prix,Italy,2024-09-01 00:00:00,Italian Grand Prix,TSU,22,RB,16.0,20.0,0.0,1,Retired,16.0,80.945,,,,0.0
2024,17,Azerbaijan Grand Prix,Azerbaijan,2024-09-15 00:00:00,Azerbaijan Grand Prix,PIA,81,McLaren,2.0,1.0,25.0,0,Finished,2.0,103.033,102.598,101.686,,0.0
2024,17,Azerbaijan Grand Prix,Azerbaijan,2024-09-15 00:00:00,Azerbaijan Grand Prix,LEC,16,Ferrari,1.0,2.0,18.0,0,Finished,1.0,102.775,102.056,101.365,,0.0
2024,17,Azerbaijan Grand Prix,Azerbaijan,2024-09-15 00:00:00,Azerbaijan Grand Prix,RUS,63,Mercedes,5.0,3.0,15.0,0,Finished,5.0,103.139,102.329,101.874,,0.0
2024,17,Azerbaijan Grand Prix,Azerbaijan,2024-09-15 00:00:00,Azerbaijan Grand Prix,NOR,4,McLaren,15.0,4.0,13.0,0,Finished,16.0,103.609,,,,0.0
2024,17,Azerbaijan Grand Prix,Azerbaijan,2024-09-15 00:00:00,Azerbaijan Grand Prix,VER,1,Red Bull Racing,6.0,5.0,10.0,0,Finished,6.0,103.097,102.042,102.023,,0.0
2024,17,Azerbaijan Grand Prix,Azerbaijan,2024-09-15 00:00:00,Azerbaijan Grand Prix,ALO,14,Aston Martin,7.0,6.0,8.0,0,Finished,8.0,103.472,102.426,102.369,,0.0
2024,17,Azerbaijan Grand Prix,Azerbaijan,2024-09-15 00:00:00,Azerbaijan Grand Prix,ALB,23,Williams,9.0,7.0,6.0,0,Finished,10.0,102.899,102.84,102.859,,0.0
2024,17,Azerbaijan Grand Prix,Azerbaijan,2024-09-15 00:00:00,Azerbaijan Grand Prix,COL,43,Williams,8.0,8.0,4.0,0,Finished,9.0,103.138,102.473,102.53,,0.0
2024,17,Azerbaijan Grand Prix,Azerbaijan,2024-09-15 00:00:00,Azerbaijan Grand Prix,HAM,44,Mercedes,19.0,9.0,2.0,0,Finished,7.0,103.089,102.765,102.289,,0.0
2024,17,Azerbaijan Grand Prix,Azerbaijan,2024-09-15 00:00:00,Azerbaijan Grand Prix,BEA,50,Haas F1 Team,10.0,10.0,1.0,0,Finished,11.0,103.471,102.968,,,0.0
2024,17,Azerbaijan Grand Prix,Azerbaijan,2024-09-15 00:00:00,Azerbaijan Grand Prix,HUL,27,Haas F1 Team,12.0,11.0,0.0,0,Finished,13.0,103.101,103.191,,,0.0
2024,17,Azerbaijan Grand Prix,Azerbaijan,2024-09-15 00:00:00,Azerbaijan Grand Prix,GAS,10,Alpine,18.0,12.0,0.0,0,Finished,15.0,,103.179,,,0.0
2024,17,Azerbaijan Grand Prix,Azerbaijan,2024-09-15 00:00:00,Azerbaijan Grand Prix,RIC,3,RB,14.0,13.0,0.0,0,Finished,15.0,103.547,,,,0.0
2024,17,Azerbaijan Grand Prix,Azerbaijan,2024-09-15 00:00:00,Azerbaijan Grand Prix,ZHO,24,Kick Sauber,17.0,14.0,0.0,0,Finished,18.0,104.246,,,,0.0
2024,17,Azerbaijan Grand Prix,Azerbaijan,2024-09-15 00:00:00,Azerbaijan Grand Prix,OCO,31,Alpine,20.0,15.0,0.0,0,Lapped,19.0,104.504,,,,0.0
2024,17,Azerbaijan Grand Prix,Azerbaijan,2024-09-15 00:00:00,Azerbaijan Grand Prix,BOT,77,Kick Sauber,16.0,16.0,0.0,0,Lapped,17.0,103.618,,,,0.0
2024,17,Azerbaijan Grand Prix,Azerbaijan,2024-09-15 00:00:00,Azerbaijan Grand Prix,PER,11,Red Bull Racing,4.0,17.0,0.0,1,Retired,4.0,103.213,102.263,101.813,,0.0
2024,17,Azerbaijan Grand Prix,Azerbaijan,2024-09-15 00:00:00,Azerbaijan Grand Prix,SAI,55,Ferrari,3.0,18.0,0.0,1,Retired,3.0,103.357,102.503,101.805,,0.0
2024,17,Azerbaijan Grand Prix,Azerbaijan,2024-09-15 00:00:00,Azerbaijan Grand Prix,STR,18,Aston Martin,13.0,19.0,0.0,1,Retired,14.0,103.37,103.404,,,0.0
2024,17,Azerbaijan Grand Prix,Azerbaijan,2024-09-15 00:00:00,Azerbaijan Grand Prix,TSU,22,RB,11.0,20.0,0.0,1,Retired,12.0,103.337,103.035,,,0.0
2024,18,Singapore Grand Prix,Singapore,2024-09-22 00:00:00,Singapore Grand Prix,NOR,4,McLaren,1.0,1.0,25.0,0,Finished,1.0,90.002,90.007,89.525,,0.0
2024,18,Singapore Grand Prix,Singapore,2024-09-22 00:00:00,Singapore Grand Prix,VER,1,Red Bull Racing,2.0,2.0,18.0,0,Finished,2.0,90.157,89.68,89.728,,0.0
2024,18,Singapore Grand Prix,Singapore,2024-09-22 00:00:00,Singapore Grand Prix,PIA,81,McLaren,5.0,3.0,15.0,0,Finished,5.0,90.258,89.64,89.953,,0.0
2024,18,Singapore Grand Prix,Singapore,2024-09-22 00:00:00,Singapore Grand Prix,RUS,63,Mercedes,4.0,4.0,12.0,0,Finished,4.0,90.811,90.153,89.867,,0.0
2024,18,Singapore Grand Prix,Singapore,2024-09-22 00:00:00,Singapore Grand Prix,LEC,16,Ferrari,9.0,5.0,10.0,0,Finished,9.0,90.786,89.747,,,0.0
2024,18,Singapore Grand Prix,Singapore,2024-09-22 00:00:00,Singapore Grand Prix,HAM,44,Mercedes,3.0,6.0,8.0,0,Finished,3.0,90.393,89.929,89.841,,0.0
2024,18,Singapore Grand Prix,Singapore,2024-09-22 00:00:00,Singapore Grand Prix,SAI,55,Ferrari,10.0,7.0,6.0,0,Finished,10.0,90.67,90.108,,,0.0
2024,18,Singapore Grand Prix,Singapore,2024-09-22 00:00:00,Singapore Grand Prix,ALO,14,Aston Martin,7.0,8.0,4.0,0,Lapped,7.0,90.684,90.45,90.214,,0.0
2024,18,Singapore Grand Prix,Singapore,2024-09-22 00:00:00,Singapore Grand Prix,HUL,27,Haas F1 Team,6.0,9.0,2.0,0,Lapped,6.0,90.724,90.15,90.115,,0.0
2024,18,Singapore Grand Prix,Singapore,2024-09-22 00:00:00,Singapore Grand Prix,PER,11,Red Bull Racing,13.0,10.0,1.0,0,Lapped,13.0,90.624,90.579,,,0.0
2024,18,Singapore Grand Prix,Singapore,2024-09-22 00:00:00,Singapore Grand Prix,COL,43,Williams,12.0,11.0,0.0,0,Lapped,12.0,90.704,90.481,,,0.0
2024,18,Singapore Grand Prix,Singapore,2024-09-22 00:00:00,Singapore Grand Prix,TSU,22,RB,8.0,12.0,0.0,0,Lapped,8.0,90.716,90.289,90.354,,0.0
2024,18,Singapore Grand Prix,Singapore,2024-09-22 00:00:00,Singapore Grand Prix,OCO,31,Alpine,15.0,13.0,0.0,0,Lapped,15.0,90.958,90.769,,,0.0
2024,18,Singapore Grand Prix,Singapore,2024-09-22 00:00:00,Singapore Grand Prix,STR,18,Aston Martin,17.0,14.0,0.0,0,Lapped,17.0,91.094,,,,0.0
2024,18,Singapore Grand Prix,Singapore,2024-09-22 00:00:00,Singapore Grand Prix,ZHO,24,Kick Sauber,20.0,15.0,0.0,0,Lapped,20.0,92.054,,,,0.0
2024,18,Singapore Grand Prix,Singapore,2024-09-22 00:00:00,Singapore Grand Prix,BOT,77,Kick Sauber,19.0,16.0,0.0,0,Lapped,19.0,91.572,,,,0.0
2024,18,Singapore Grand Prix,Singapore,2024-09-22 00:00:00,Singapore Grand Prix,GAS,10,Alpine,18.0,17.0,0.0,0,Lapped,18.0,91.312,,,,0.0
2024,18,Singapore Grand Prix,Singapore,2024-09-22 00:00:00,Singapore Grand Prix,RIC,3,RB,16.0,18.0,0.0,0,Lapped,16.0,91.085,,,,0.0
2024,18,Singapore Grand Prix,Singapore,2024-09-22 00:00:00,Singapore Grand Prix,MAG,20,Haas F1 Team,14.0,19.0,0.0,1,Retired,14.0,90.829,90.653,,,0.0
2024,18,Singapore Grand Prix,Singapore,2024-09-22 00:00:00,Singapore Grand Prix,ALB,23,Williams,11.0,20.0,0.0,1,Retired,11.0,90.679,90.474,,,0.0
2024,19,United States Grand Prix,United States,2024-10-20 00:00:00,United States Grand Prix,LEC,16,Ferrari,4.0,1.0,25.0,0,Finished,4.0,93.241,92.962,92.74,4.0,5.0
2024,19,United States Grand Prix,United States,2024-10-20 00:00:00,United States Grand Prix,SAI,55,Ferrari,3.0,2.0,18.0,0,Finished,3.0,93.556,92.836,92.652,2.0,7.0
2024,19,United States Grand Prix,United States,2024-10-20 00:00:00,United States Grand Prix,VER,1,Red Bull Racing,2.0,3.0,15.0,0,Finished,2.0,93.046,92.584,92.361,1.0,8.0
2024,19,United States Grand Prix,United States,2024-10-20 00:00:00,United States Grand Prix,NOR,4,McLaren,1.0,4.0,12.0,0,Finished,1.0,93.616,92.851,92.33,3.0,6.0
2024,19,United States Grand Prix,United States,2024-10-20 00:00:00,United States Grand Prix,PIA,81,McLaren,5.0,5.0,10.0,0,Finished,5.0,93.864,93.057,92.95,10.0,0.0
2024,19,United States Grand Prix,United States,2024-10-20 00:00:00,United States Grand Prix,RUS,63,Mercedes,20.0,6.0,8.0,0,Finished,6.0,93.536,93.142,92.974,5.0,4.0
2024,19,United States Grand Prix,United States,2024-10-20 00:00:00,United States Grand Prix,PER,11,Red Bull Racing,9.0,7.0,6.0,0,Finished,10.0,93.611,93.02,,9.0,0.0
2024,19,United States Grand Prix,United States,2024-10-20 00:00:00,United States Grand Prix,HUL,27,Haas F1 Team,11.0,8.0,4.0,0,Finished,12.0,93.601,93.544,,8.0,1.0
2024,19,United States Grand Prix,United States,2024-10-20 00:00:00,United States Grand Prix,LAW,30,RB,19.0,9.0,2.0,0,Finished,15.0,93.339,,,16.0,0.0
2024,19,United States Grand Prix,United States,2024-10-20 00:00:00,United States Grand Prix,COL,43,Williams,15.0,10.0,1.0,0,Finished,17.0,94.062,,,12.0,0.0
2024,19,United States Grand Prix,United States,2024-10-20 00:00:00,United States Grand Prix,MAG,20,Haas F1 Team,8.0,11.0,0.0,0,Finished,9.0,93.564,93.474,93.481,7.0,2.0
2024,19,United States Grand Prix,United States,2024-10-20 00:00:00,United States Grand Prix,GAS,10,Alpine,6.0,12.0,0.0,0,Finished,7.0,93.55,93.162,93.018,14.0,0.0
2024,19,United States Grand Prix,United States,2024-10-20 00:00:00,United States Grand Prix,ALO,14,Aston Martin,7.0,13.0,0.0,0,Lapped,8.0,93.973,93.429,93.309,18.0,0.0
2024,19,United States Grand Prix,United States,2024-10-20 00:00:00,United States Grand Prix,TSU,22,RB,10.0,14.0,0.0,0,Lapped,11.0,93.795,93.506,,11.0,0.0
2024,19,United States Grand Prix,United States,2024-10-20 00:00:00,United States Grand Prix,STR,18,Aston Martin,13.0,15.0,0.0,0,Lapped,14.0,94.033,93.759,,13.0,0.0
2024,19,United States Grand Prix,United States,2024-10-20 00:00:00,United States Grand Prix,ALB,23,Williams,14.0,16.0,0.0,0,Lapped,16.0,94.051,,,17.0,0.0
2024,19,United States Grand Prix,United States,2024-10-20 00:00:00,United States Grand Prix,BOT,77,Kick Sauber,16.0,17.0,0.0,0,Lapped,18.0,94.152,,,20.0,0.0
2024,19,United States Grand Prix,United States,2024-10-20 00:00:00,United States Grand Prix,OCO,31,Alpine,12.0,18.0,0.0,0,Lapped,13.0,93.986,93.597,,15.0,0.0
2024,19,United States Grand Prix,United States,2024-10-20 00:00:00,United States Grand Prix,ZHO,24,Kick Sauber,18.0,19.0,0.0,0,Lapped,20.0,94.228,,,19.0,0.0
2024,19,United States Grand Prix,United States,2024-10-20 00:00:00,United States Grand Prix,HAM,44,Mercedes,17.0,20.0,0.0,1,Retired,19.0,94.154,,,6.0,3.0
2024,20,Mexico City Grand Prix,Mexico,2024-10-27 00:00:00,Mexico City Grand Prix,SAI,55,Ferrari,1.0,1.0,25.0,0,Finished,1.0,76.778,76.515,75.946,,0.0
2024,20,Mexico City Grand Prix,Mexico,2024-10-27 00:00:00,Mexico City Grand Prix,NOR,4,McLaren,3.0,2.0,18.0,0,Finished,3.0,76.505,76.301,76.26,,0.0
2024,20,Mexico City Grand Prix,Mexico,2024-10-27 00:00:00,Mexico City Grand Prix,LEC,16,Ferrari,4.0,3.0,16.0,0,Finished,4.0,76.972,76.641,76.265,,0.0
2024,20,Mexico City Grand Prix,Mexico,2024-10-27 00:00:00,Mexico City Grand Prix,HAM,44,Mercedes,6.0,4.0,12.0,0,Finished,6.0,77.306,76.973,76.651,,0.0
2024,20,Mexico City Grand Prix,Mexico,2024-10-27 00:00:00,Mexico City Grand Prix,RUS,63,Mercedes,5.0,5.0,10.0,0,Finished,5.0,77.194,76.937,76.356,,0.0
2024,20,Mexico City Grand Prix,Mexico,2024-10-27 00:00:00,Mexico City Grand Prix,VER,1,Red Bull Racing,2.0,6.0,8.0,0,Finished,2.0,76.803,76.514,76.171,,0.0
2024,20,Mexico City Grand Prix,Mexico,2024-10-27 00:00:00,Mexico City Grand Prix,MAG,20,Haas F1 Team,7.0,7.0,6.0,0,Finished,7.0,77.125,77.003,76.886,,0.0
2024,20,Mexico City Grand Prix,Mexico,2024-10-27 00:00:00,Mexico City Grand Prix,PIA,81,McLaren,17.0,8.0,4.0,0,Finished,17.0,77.597,,,,0.0
2024,20,Mexico City Grand Prix,Mexico,2024-10-27 00:00:00,Mexico City Grand Prix,HUL,27,Haas F1 Team,10.0,9.0,2.0,0,Lapped,10.0,77.186,76.995,77.365,,0.0
2024,20,Mexico City Grand Prix,Mexico,2024-10-27 00:00:00,Mexico City Grand Prix,GAS,10,Alpine,8.0,10.0,1.0,0,Lapped,8.0,77.149,77.048,76.892,,0.0
2024,20,Mexico City Grand Prix,Mexico,2024-10-27 00:00:00,Mexico City Grand Prix,STR,18,Aston Martin,14.0,11.0,0.0,0,Lapped,14.0,77.407,77.294,,,0.0
2024,20,Mexico City Grand Prix,Mexico,2024-10-27 00:00:00,Mexico City Grand Prix,COL,43,Williams,16.0,12.0,0.0,0,Lapped,16.0,77.558,,,,0.0
2024,20,Mexico City Grand Prix,Mexico,2024-10-27 00:00:00,Mexico City Grand Prix,OCO,31,Alpine,20.0,13.0,0.0,0,Lapped,19.0,77.617,,,,0.0
2024,20,Mexico City Grand Prix,Mexico,2024-10-27 00:00:00,Mexico City Grand Prix,BOT,77,Kick Sauber,15.0,14.0,0.0,0,Lapped,15.0,77.393,77.817,,,0.0
2024,20,Mexico City Grand Prix,Mexico,2024-10-27 00:00:00,Mexico City Grand Prix,ZHO,24,Kick Sauber,19.0,15.0,0.0,0,Lapped,20.0,78.072,,,,0.0
2024,20,Mexico City Grand Prix,Mexico,2024-10-27 00:00:00,Mexico City Grand Prix,LAW,30,RB,12.0,16.0,0.0,0,Lapped,12.0,77.38,77.162,,,0.0
2024,20,Mexico City Grand Prix,Mexico,2024-10-27 00:00:00,Mexico City Grand Prix,PER,11,Red Bull Racing,18.0,17.0,0.0,0,Lapped,18.0,77.611,,,,0.0
2024,20,Mexico City Grand Prix,Mexico,2024-10-27 00:00:00,Mexico City Grand Prix,ALO,14,Aston Martin,13.0,18.0,0.0,1,Retired,13.0,77.307,77.168,,,0.0
2024,20,Mexico City Grand Prix,Mexico,2024-10-27 00:00:00,Mexico City Grand Prix,ALB,23,Williams,9.0,19.0,0.0,1,Retired,9.0,77.189,76.988,77.065,,0.0
2024,20,Mexico City Grand Prix,Mexico,2024-10-27 00:00:00,Mexico City Grand Prix,TSU,22,RB,11.0,20.0,0.0,1,Retired,11.0,77.182,77.129,,,0.0
2024,21,São Paulo Grand Prix,Brazil,2024-11-03 00:00:00,São Paulo Grand Prix,VER,1,Red Bull Racing,17.0,1.0,26.0,0,Finished,12.0,88.522,87.771,,4.0,5.0
2024,21,São Paulo Grand Prix,Brazil,2024-11-03 00:00:00,São Paulo Grand Prix,OCO,31,Alpine,4.0,2.0,18.0,0,Finished,4.0,89.171,86.206,84.475,13.0,0.0
2024,21,São Paulo Grand Prix,Brazil,2024-11-03 00:00:00,São Paulo Grand Prix,GAS,10,Alpine,13.0,3.0,15.0,0,Finished,15.0,89.42,89.614,,7.0,2.0
2024,21,São Paulo Grand Prix,Brazil,2024-11-03 00:00:00,São Paulo Grand Prix,RUS,63,Mercedes,2.0,4.0,12.0,0,Finished,2.0,89.121,86.307,83.578,6.0,3.0
2024,21,São Paulo Grand Prix,Brazil,2024-11-03 00:00:00,São Paulo Grand Prix,LEC,16,Ferrari,6.0,5.0,10.0,0,Finished,6.0,89.839,86.097,84.525,3.0,6.0
2024,21,São Paulo Grand Prix,Brazil,2024-11-03 00:00:00,São Paulo Grand Prix,NOR,4,McLaren,1.0,6.0,8.0,0,Finished,1.0,90.944,84.844,83.405,1.0,8.0
2024,21,São Paulo Grand Prix,Brazil,2024-11-03 00:00:00,São Paulo Grand Prix,TSU,22,RB,3.0,7.0,6.0,0,Finished,3.0,89.172,86.464,84.111,15.0,0.0
2024,21,São Paulo Grand Prix,Brazil,2024-11-03 00:00:00,São Paulo Grand Prix,PIA,81,McLaren,8.0,8.0,4.0,0,Finished,8.0,90.114,84.686,84.686,2.0,7.0
2024,21,São Paulo Grand Prix,Brazil,2024-11-03 00:00:00,São Paulo Grand Prix,LAW,30,RB,5.0,9.0,2.0,0,Finished,5.0,90.758,85.654,84.484,9.0,0.0
2024,21,São Paulo Grand Prix,Brazil,2024-11-03 00:00:00,São Paulo Grand Prix,HAM,44,Mercedes,14.0,10.0,1.0,0,Finished,16.0,91.15,,,11.0,0.0
2024,21,São Paulo Grand Prix,Brazil,2024-11-03 00:00:00,São Paulo Grand Prix,PER,11,Red Bull Racing,12.0,11.0,0.0,0,Finished,13.0,90.035,88.158,,8.0,1.0
2024,21,São Paulo Grand Prix,Brazil,2024-11-03 00:00:00,São Paulo Grand Prix,BEA,50,Haas F1 Team,15.0,12.0,0.0,0,Finished,17.0,91.229,,,14.0,0.0
2024,21,São Paulo Grand Prix,Brazil,2024-11-03 00:00:00,São Paulo Grand Prix,BOT,77,Kick Sauber,11.0,13.0,0.0,0,Finished,11.0,90.633,86.472,,16.0,0.0
2024,21,São Paulo Grand Prix,Brazil,2024-11-03 00:00:00,São Paulo Grand Prix,ALO,14,Aston Martin,9.0,14.0,0.0,0,Finished,9.0,90.207,88.998,88.998,18.0,0.0
2024,21,São Paulo Grand Prix,Brazil,2024-11-03 00:00:00,São Paulo Grand Prix,ZHO,24,Kick Sauber,19.0,15.0,0.0,0,Finished,20.0,92.263,,,17.0,0.0
2024,21,São Paulo Grand Prix,Brazil,2024-11-03 00:00:00,São Paulo Grand Prix,SAI,55,Ferrari,20.0,16.0,0.0,1,Retired,14.0,90.303,89.406,,5.0,4.0
2024,21,São Paulo Grand Prix,Brazil,2024-11-03 00:00:00,São Paulo Grand Prix,COL,43,Williams,16.0,17.0,0.0,1,Retired,18.0,91.27,,,12.0,0.0
2024,21,São Paulo Grand Prix,Brazil,2024-11-03 00:00:00,São Paulo Grand Prix,ALB,23,Williams,7.0,18.0,0.0,1,Did not start,7.0,89.072,84.657,84.657,10.0,0.0
2024,21,São Paulo Grand Prix,Brazil,2024-11-03 00:00:00,São Paulo Grand Prix,STR,18,Aston Martin,10.0,19.0,0.0,1,Did not start,10.0,90.58,86.334,,19.0,0.0
2024,21,São Paulo Grand Prix,Brazil,2024-11-03 00:00:00,São Paulo Grand Prix,HUL,27,Haas F1 Team,18.0,20.0,0.0,1,Disqualified,19.0,91.623,,,20.0,0.0
2024,22,Las Vegas Grand Prix,United States,2024-11-23 00:00:00,Las Vegas Grand Prix,RUS,63,Mercedes,1.0,1.0,25.0,0,Finished,1.0,93.186,92.779,92.312,,0.0
2024,22,Las Vegas Grand Prix,United States,2024-11-23 00:00:00,Las Vegas Grand Prix,HAM,44,Mercedes,10.0,2.0,18.0,0,Finished,10.0,93.225,92.567,108.106,,0.0
2024,22,Las Vegas Grand Prix,United States,2024-11-23 00:00:00,Las Vegas Grand Prix,SAI,55,Ferrari,2.0,3.0,15.0,0,Finished,2.0,93.484,92.711,92.41,,0.0
2024,22,Las Vegas Grand Prix,United States,2024-11-23 00:00:00,Las Vegas Grand Prix,LEC,16,Ferrari,4.0,4.0,12.0,0,Finished,4.0,93.446,93.016,92.783,,0.0
2024,22,Las Vegas Grand Prix,United States,2024-11-23 00:00:00,Las Vegas Grand Prix,VER,1,Red Bull Racing,5.0,5.0,10.0,0,Finished,5.0,93.299,93.085,92.797,,0.0
2024,22,Las Vegas Grand Prix,United States,2024-11-23 00:00:00,Las Vegas Grand Prix,NOR,4,McLaren,6.0,6.0,9.0,0,Finished,6.0,93.592,93.099,93.008,,0.0
2024,22,Las Vegas Grand Prix,United States,2024-11-23 00:00:00,Las Vegas Grand Prix,PIA,81,McLaren,8.0,7.0,6.0,0,Finished,8.0,93.45,93.024,93.033,,0.0
2024,22,Las Vegas Grand Prix,United States,2024-11-23 00:00:00,Las Vegas Grand Prix,HUL,27,Haas F1 Team,9.0,8.0,4.0,0,Finished,9.0,93.92,93.114,93.062,,0.0
2024,22,Las Vegas Grand Prix,United States,2024-11-23 00:00:00,Las Vegas Grand Prix,TSU,22,RB,7.0,9.0,2.0,0,Finished,7.0,93.789,93.089,93.029,,0.0
2024,22,Las Vegas Grand Prix,United States,2024-11-23 00:00:00,Las Vegas Grand Prix,PER,11,Red Bull Racing,15.0,10.0,1.0,0,Finished,16.0,94.155,,,,0.0
2024,22,Las Vegas Grand Prix,United States,2024-11-23 00:00:00,Las Vegas Grand Prix,ALO,14,Aston Martin,16.0,11.0,0.0,0,Finished,17.0,94.258,,,,0.0
2024,22,Las Vegas Grand Prix,United States,2024-11-23 00:00:00,Las Vegas Grand Prix,MAG,20,Haas F1 Team,12.0,12.0,0.0,0,Finished,12.0,93.991,93.297,,,0.0
2024,22,Las Vegas Grand Prix,United States,2024-11-23 00:00:00,Las Vegas Grand Prix,ZHO,24,Kick Sauber,13.0,13.0,0.0,0,Finished,13.0,94.079,93.566,,,0.0
2024,22,Las Vegas Grand Prix,United States,2024-11-23 00:00:00,Las Vegas Grand Prix,COL,43,Williams,20.0,14.0,0.0,0,Finished,14.0,93.746,93.749,,,0.0
2024,22,Las Vegas Grand Prix,United States,2024-11-23 00:00:00,Las Vegas Grand Prix,STR,18,Aston Martin,18.0,15.0,0.0,0,Finished,20.0,94.484,,,,0.0
2024,22,Las Vegas Grand Prix,United States,2024-11-23 00:00:00,Las Vegas Grand Prix,LAW,30,RB,14.0,16.0,0.0,0,Finished,15.0,94.087,94.257,,,0.0
2024,22,Las Vegas Grand Prix,United States,2024-11-23 00:00:00,Las Vegas Grand Prix,OCO,31,Alpine,11.0,17.0,0.0,0,Lapped,11.0,93.968,93.221,,,0.0
2024,22,Las Vegas Grand Prix,United States,2024-11-23 00:00:00,Las Vegas Grand Prix,BOT,77,Kick Sauber,19.0,18.0,0.0,0,Lapped,19.0,94.43,,,,0.0
2024,22,Las Vegas Grand Prix,United States,2024-11-23 00:00:00,Las Vegas Grand Prix,ALB,23,Williams,17.0,19.0,0.0,1,Retired,18.0,94.425,,,,0.0
2024,22,Las Vegas Grand Prix,United States,2024-11-23 00:00:00,Las Vegas Grand Prix,GAS,10,Alpine,3.0,20.0,0.0,1,Retired,3.0,93.691,92.879,92.664,,0.0
2024,23,Qatar Grand Prix,Qatar,2024-12-01 00:00:00,Qatar Grand Prix,VER,1,Red Bull Racing,2.0,1.0,25.0,0,Finished,1.0,81.579,80.687,80.52,8.0,1.0
2024,23,Qatar Grand Prix,Qatar,2024-12-01 00:00:00,Qatar Grand Prix,LEC,16,Ferrari,5.0,2.0,18.0,0,Finished,5.0,81.278,81.0,80.852,5.0,4.0
2024,23,Qatar Grand Prix,Qatar,2024-12-01 00:00:00,Qatar Grand Prix,PIA,81,McLaren,4.0,3.0,15.0,0,Finished,4.0,81.821,81.121,80.829,1.0,8.0
2024,23,Qatar Grand Prix,Qatar,2024-12-01 00:00:00,Qatar Grand Prix,RUS,63,Mercedes,1.0,4.0,12.0,0,Finished,2.0,81.241,81.069,80.575,3.0,6.0
2024,23,Qatar Grand Prix,Qatar,2024-12-01 00:00:00,Qatar Grand Prix,GAS,10,Alpine,11.0,5.0,10.0,0,Finished,11.0,81.843,81.437,,9.0,0.0
2024,23,Qatar Grand Prix,Qatar,2024-12-01 00:00:00,Qatar Grand Prix,SAI,55,Ferrari,7.0,6.0,8.0,0,Finished,7.0,81.447,81.199,81.041,4.0,5.0
2024,23,Qatar Grand Prix,Qatar,2024-12-01 00:00:00,Qatar Grand Prix,ALO,14,Aston Martin,8.0,7.0,6.0,0,Finished,8.0,81.608,81.208,81.251,11.0,0.0
2024,23,Qatar Grand Prix,Qatar,2024-12-01 00:00:00,Qatar Grand Prix,ZHO,24,Kick Sauber,12.0,8.0,4.0,0,Finished,12.0,82.103,81.501,,19.0,0.0
2024,23,Qatar Grand Prix,Qatar,2024-12-01 00:00:00,Qatar Grand Prix,MAG,20,Haas F1 Team,10.0,9.0,2.0,0,Finished,10.0,81.891,81.387,81.5,10.0,0.0
2024,23,Qatar Grand Prix,Qatar,2024-12-01 00:00:00,Qatar Grand Prix,NOR,4,McLaren,3.0,10.0,2.0,0,Finished,3.0,81.578,80.983,80.772,2.0,7.0
2024,23,Qatar Grand Prix,Qatar,2024-12-01 00:00:00,Qatar Grand Prix,BOT,77,Kick Sauber,13.0,11.0,0.0,0,Finished,13.0,81.927,81.731,,12.0,0.0
2024,23,Qatar Grand Prix,Qatar,2024-12-01 00:00:00,Qatar Grand Prix,HAM,44,Mercedes,6.0,12.0,0.0,0,Finished,6.0,81.637,81.095,81.011,6.0,3.0
2024,23,Qatar Grand Prix,Qatar,2024-12-01 00:00:00,Qatar Grand Prix,TSU,22,RB,14.0,13.0,0.0,0,Finished,14.0,82.364,81.771,,17.0,0.0
2024,23,Qatar Grand Prix,Qatar,2024-12-01 00:00:00,Qatar Grand Prix,LAW,30,RB,17.0,14.0,0.0,0,Finished,17.0,82.411,,,16.0,0.0
2024,23,Qatar Grand Prix,Qatar,2024-12-01 00:00:00,Qatar Grand Prix,ALB,23,Williams,16.0,15.0,0.0,0,Lapped,16.0,82.39,,,15.0,0.0
2024,23,Qatar Grand Prix,Qatar,2024-12-01 00:00:00,Qatar Grand Prix,HUL,27,Haas F1 Team,18.0,16.0,0.0,1,Retired,18.0,82.442,,,7.0,2.0
2024,23,Qatar Grand Prix,Qatar,2024-12-01 00:00:00,Qatar Grand Prix,PER,11,Red Bull Racing,9.0,17.0,0.0,1,Retired,9.0,81.675,81.425,81.425,20.0,0.0
2024,23,Qatar Grand Prix,Qatar,2024-12-01 00:00:00,Qatar Grand Prix,STR,18,Aston Martin,15.0,18.0,0.0,1,Retired,15.0,82.011,81.911,,13.0,0.0
2024,23,Qatar Grand Prix,Qatar,2024-12-01 00:00:00,Qatar Grand Prix,COL,43,Williams,19.0,19.0,0.0,1,Retired,19.0,82.594,,,18.0,0.0
2024,23,Qatar Grand Prix,Qatar,2024-12-01 00:00:00,Qatar Grand Prix,OCO,31,Alpine,20.0,20.0,0.0,1,Retired,20.0,82.714,,,14.0,0.0
2024,24,Abu Dhabi Grand Prix,United Arab Emirates,2024-12-08 00:00:00,Abu Dhabi Grand Prix,NOR,4,McLaren,1.0,1.0,25.0,0,Finished,1.0,83.682,83.098,82.595,,0.0
2024,24,Abu Dhabi Grand Prix,United Arab Emirates,2024-12-08 00:00:00,Abu Dhabi Grand Prix,SAI,55,Ferrari,3.0,2.0,18.0,0,Finished,3.0,83.487,82.985,82.824,,0.0
2024,24,Abu Dhabi Grand Prix,United Arab Emirates,2024-12-08 00:00:00,Abu Dhabi Grand Prix,LEC,16,Ferrari,19.0,3.0,15.0,0,Finished,14.0,83.302,83.833,,,0.0
2024,24,Abu Dhabi Grand Prix,United Arab Emirates,2024-12-08 00:00:00,Abu Dhabi Grand Prix,HAM,44,Mercedes,16.0,4.0,12.0,0,Finished,18.0,83.887,,,,0.0
2024,24,Abu Dhabi Grand Prix,United Arab Emirates,2024-12-08 00:00:00,Abu Dhabi Grand Prix,RUS,63,Mercedes,6.0,5.0,10.0,0,Finished,7.0,83.678,83.283,83.132,,0.0
2024,24,Abu Dhabi Grand Prix,United Arab Emirates,2024-12-08 00:00:00,Abu Dhabi Grand Prix,VER,1,Red Bull Racing,4.0,6.0,8.0,0,Finished,5.0,83.516,82.998,82.945,,0.0
2024,24,Abu Dhabi Grand Prix,United Arab Emirates,2024-12-08 00:00:00,Abu Dhabi Grand Prix,GAS,10,Alpine,5.0,7.0,6.0,0,Finished,6.0,83.548,83.086,82.984,,0.0
2024,24,Abu Dhabi Grand Prix,United Arab Emirates,2024-12-08 00:00:00,Abu Dhabi Grand Prix,HUL,27,Haas F1 Team,7.0,8.0,4.0,0,Finished,4.0,83.722,83.04,82.886,,0.0
2024,24,Abu Dhabi Grand Prix,United Arab Emirates,2024-12-08 00:00:00,Abu Dhabi Grand Prix,ALO,14,Aston Martin,8.0,9.0,2.0,0,Finished,8.0,83.794,83.268,83.196,,0.0
2024,24,Abu Dhabi Grand Prix,United Arab Emirates,2024-12-08 00:00:00,Abu Dhabi Grand Prix,PIA,81,McLaren,2.0,10.0,1.0,0,Finished,2.0,83.64,83.199,82.804,,0.0
2024,24,Abu Dhabi Grand Prix,United Arab Emirates,2024-12-08 00:00:00,Abu Dhabi Grand Prix,ALB,23,Williams,18.0,11.0,0.0,0,Lapped,16.0,83.821,,,,0.0
2024,24,Abu Dhabi Grand Prix,United Arab Emirates,2024-12-08 00:00:00,Abu Dhabi Grand Prix,TSU,22,RB,11.0,12.0,0.0,0,Lapped,11.0,83.735,83.419,,,0.0
2024,24,Abu Dhabi Grand Prix,United Arab Emirates,2024-12-08 00:00:00,Abu Dhabi Grand Prix,ZHO,24,Kick Sauber,15.0,13.0,0.0,0,Lapped,17.0,83.88,,,,0.0
2024,24,Abu Dhabi Grand Prix,United Arab Emirates,2024-12-08 00:00:00,Abu Dhabi Grand Prix,STR,18,Aston Martin,13.0,14.0,0.0,0,Lapped,13.0,83.729,83.784,,,0.0
2024,24,Abu Dhabi Grand Prix,United Arab Emirates,2024-12-08 00:00:00,Abu Dhabi Grand Prix,DOO,61,Alpine,17.0,15.0,0.0,0,Lapped,20.0,84.105,,,,0.0
2024,24,Abu Dhabi Grand Prix,United Arab Emirates,2024-12-08 00:00:00,Abu Dhabi Grand Prix,MAG,20,Haas F1 Team,14.0,16.0,0.0,0,Lapped,15.0,83.632,83.877,,,0.0
2024,24,Abu Dhabi Grand Prix,United Arab Emirates,2024-12-08 00:00:00,Abu Dhabi Grand Prix,LAW,30,RB,12.0,17.0,0.0,1,Retired,12.0,83.733,83.472,,,0.0
2024,24,Abu Dhabi Grand Prix,United Arab Emirates,2024-12-08 00:00:00,Abu Dhabi Grand Prix,BOT,77,Kick Sauber,9.0,18.0,0.0,1,Retired,9.0,83.481,83.341,83.204,,0.0
2024,24,Abu Dhabi Grand Prix,United Arab Emirates,2024-12-08 00:00:00,Abu Dhabi Grand Prix,COL,43,Williams,20.0,19.0,0.0,1,Retired,19.0,83.912,,,,0.0
2024,24,Abu Dhabi Grand Prix,United Arab Emirates,2024-12-08 00:00:00,Abu Dhabi Grand Prix,PER,11,Red Bull Racing,10.0,20.0,0.0,1,Retired,10.0,83.559,83.379,83.264,,0.0
2025,1,Australian Grand Prix,Australia,2025-03-16 00:00:00,Australian Grand Prix,NOR,4,McLaren,1.0,1.0,25.0,0,Finished,1.0,75.912,75.415,75.096,,0.0
2025,1,Australian Grand Prix,Australia,2025-03-16 00:00:00,Australian Grand Prix,VER,1,Red Bull Racing,3.0,2.0,18.0,0,Finished,3.0,76.018,75.565,75.481,,0.0
2025,1,Australian Grand Prix,Australia,2025-03-16 00:00:00,Australian Grand Prix,RUS,63,Mercedes,4.0,3.0,15.0,0,Finished,4.0,75.971,75.798,75.546,,0.0
2025,1,Australian Grand Prix,Australia,2025-03-16 00:00:00,Australian Grand Prix,ANT,12,Mercedes,16.0,4.0,12.0,0,Finished,16.0,76.525,,,,0.0
2025,1,Australian Grand Prix,Australia,2025-03-16 00:00:00,Australian Grand Prix,ALB,23,Williams,6.0,5.0,10.0,0,Finished,6.0,76.245,76.017,75.737,,0.0
2025,1,Australian Grand Prix,Australia,2025-03-16 00:00:00,Australian Grand Prix,STR,18,Aston Martin,13.0,6.0,8.0,0,Finished,13.0,76.369,76.483,,,0.0
2025,1,Australian Grand Prix,Australia,2025-03-16 00:00:00,Australian Grand Prix,HUL,27,Kick Sauber,17.0,7.0,6.0,0,Finished,17.0,76.579,,,,0.0
2025,1,Australian Grand Prix,Australia,2025-03-16 00:00:00,Australian Grand Prix,LEC,16,Ferrari,7.0,8.0,4.0,0,Finished,7.0,76.029,75.827,75.755,,0.0
2025,1,Australian Grand Prix,Australia,2025-03-16 00:00:00,Australian Grand Prix,PIA,81,McLaren,2.0,9.0,2.0,0,Finished,2.0,76.062,75.468,75.18,,0.0
2025,1,Australian Grand Prix,Australia,2025-03-16 00:00:00,Australian Grand Prix,HAM,44,Ferrari,8.0,10.0,1.0,0,Finished,8.0,76.213,75.919,75.973,,0.0
2025,1,Australian Grand Prix,Australia,2025-03-16 00:00:00,Australian Grand Prix,GAS,10,Alpine,9.0,11.0,0.0,0,Finished,9.0,76.328,76.112,75.98,,0.0
2025,1,Australian Grand Prix,Australia,2025-03-16 00:00:00,Australian Grand Prix,TSU,22,Racing Bulls,5.0,12.0,0.0,0,Finished,5.0,76.225,76.009,75.67,,0.0
2025,1,Australian Grand Prix,Australia,2025-03-16 00:00:00,Australian Grand Prix,OCO,31,Haas F1 Team,19.0,13.0,0.0,0,Finished,19.0,77.147,,,,0.0
2025,1,Australian Grand Prix,Australia,2025-03-16 00:00:00,Australian Grand Prix,BEA,87,Haas F1 Team,20.0,14.0,0.0,0,Finished,20.0,,,,,0.0
2025,1,Australian Grand Prix,Australia,2025-03-16 00:00:00,Australian Grand Prix,LAW,30,Red Bull Racing,18.0,15.0,0.0,1,Retired,18.0,77.094,,,,0.0
2025,1,Australian Grand Prix,Australia,2025-03-16 00:00:00,Australian Grand Prix,BOR,5,Kick Sauber,15.0,16.0,0.0,1,Retired,15.0,76.516,77.52,,,0.0
2025,1,Australian Grand Prix,Australia,2025-03-16 00:00:00,Australian Grand Prix,ALO,14,Aston Martin,12.0,17.0,0.0,1,Retired,12.0,76.288,76.453,,,0.0
2025,1,Australian Grand Prix,Australia,2025-03-16 00:00:00,Australian Grand Prix,SAI,55,Williams,10.0,18.0,0.0,1,Retired,10.0,76.36,75.931,76.062,,0.0
2025,1,Australian Grand Prix,Australia,2025-03-16 00:00:00,Australian Grand Prix,DOO,7,Alpine,14.0,19.0,0.0,1,Retired,14.0,76.315,76.863,,,0.0
2025,1,Australian Grand Prix,Australia,2025-03-16 00:00:00,Australian Grand Prix,HAD,6,Racing Bulls,11.0,20.0,0.0,1,Retired,11.0,76.354,76.175,,,0.0
2025,2,Chinese Grand Prix,China,2025-03-23 00:00:00,Chinese Grand Prix,PIA,81,McLaren,1.0,1.0,25.0,0,Finished,1.0,91.591,91.2,90.641,2.0,7.0
2025,2,Chinese Grand Prix,China,2025-03-23 00:00:00,Chinese Grand Prix,NOR,4,McLaren,3.0,2.0,18.0,0,Finished,3.0,90.983,90.787,90.793,8.0,1.0
2025,2,Chinese Grand Prix,China,2025-03-23 00:00:00,Chinese Grand Prix,RUS,63,Mercedes,2.0,3.0,15.0,0,Finished,2.0,91.295,91.307,90.723,4.0,5.0
2025,2,Chinese Grand Prix,China,2025-03-23 00:00:00,Chinese Grand Prix,VER,1,Red Bull Racing,4.0,4.0,12.0,0,Finished,4.0,91.424,91.142,90.817,3.0,6.0
2025,2,Chinese Grand Prix,China,2025-03-23 00:00:00,Chinese Grand Prix,OCO,31,Haas F1 Team,11.0,5.0,10.0,0,Finished,11.0,91.876,91.625,,16.0,0.0
2025,2,Chinese Grand Prix,China,2025-03-23 00:00:00,Chinese Grand Prix,ANT,12,Mercedes,8.0,6.0,8.0,0,Finished,8.0,91.676,91.59,91.103,7.0,2.0
2025,2,Chinese Grand Prix,China,2025-03-23 00:00:00,Chinese Grand Prix,ALB,23,Williams,10.0,7.0,6.0,0,Finished,10.0,91.503,91.595,91.706,11.0,0.0
2025,2,Chinese Grand Prix,China,2025-03-23 00:00:00,Chinese Grand Prix,BEA,87,Haas F1 Team,17.0,8.0,4.0,0,Finished,17.0,92.018,,,15.0,0.0
2025,2,Chinese Grand Prix,China,2025-03-23 00:00:00,Chinese Grand Prix,STR,18,Aston Martin,14.0,9.0,2.0,0,Finished,14.0,91.923,91.773,,9.0,0.0
2025,2,Chinese Grand Prix,China,2025-03-23 00:00:00,Chinese Grand Prix,SAI,55,Williams,15.0,10.0,1.0,0,Finished,15.0,91.628,91.84,,17.0,0.0
2025,2,Chinese Grand Prix,China,2025-03-23 00:00:00,Chinese Grand Prix,HAD,6,Racing Bulls,7.0,11.0,0.0,0,Finished,7.0,91.162,91.253,91.079,13.0,0.0
2025,2,Chinese Grand Prix,China,2025-03-23 00:00:00,Chinese Grand Prix,LAW,30,Red Bull Racing,20.0,12.0,0.0,0,Finished,20.0,92.174,,,14.0,0.0
2025,2,Chinese Grand Prix,China,2025-03-23 00:00:00,Chinese Grand Prix,DOO,7,Alpine,18.0,13.0,0.0,0,Finished,18.0,92.092,,,20.0,0.0
2025,2,Chinese Grand Prix,China,2025-03-23 00:00:00,Chinese Grand Prix,BOR,5,Kick Sauber,19.0,14.0,0.0,0,Lapped,19.0,92.141,,,18.0,0.0
2025,2,Chinese Grand Prix,China,2025-03-23 00:00:00,Chinese Grand Prix,HUL,27,Kick Sauber,12.0,15.0,0.0,0,Lapped,12.0,91.921,91.632,,19.0,0.0
2025,2,Chinese Grand Prix,China,2025-03-23 00:00:00,Chinese Grand Prix,TSU,22,Racing Bulls,9.0,16.0,0.0,0,Lapped,9.0,91.238,91.26,91.638,6.0,3.0
2025,2,Chinese Grand Prix,China,2025-03-23 00:00:00,Chinese Grand Prix,ALO,14,Aston Martin,13.0,17.0,0.0,1,Retired,13.0,91.719,91.688,,10.0,0.0
2025,2,Chinese Grand Prix,China,2025-03-23 00:00:00,Chinese Grand Prix,LEC,16,Ferrari,6.0,18.0,0.0,1,Disqualified,6.0,91.579,91.45,91.021,5.0,4.0
2025,2,Chinese Grand Prix,China,2025-03-23 00:00:00,Chinese Grand Prix,HAM,44,Ferrari,5.0,19.0,0.0,1,Disqualified,5.0,91.69,91.501,90.927,1.0,8.0
2025,2,Chinese Grand Prix,China,2025-03-23 00:00:00,Chinese Grand Prix,GAS,10,Alpine,16.0,20.0,0.0,1,Disqualified,16.0,91.992,,,12.0,0.0
2025,3,Japanese Grand Prix,Japan,2025-04-06 00:00:00,Japanese Grand Prix,VER,1,Red Bull Racing,1.0,1.0,25.0,0,Finished,1.0,87.943,87.502,86.983,,0.0
2025,3,Japanese Grand Prix,Japan,2025-04-06 00:00:00,Japanese Grand Prix,NOR,4,McLaren,2.0,2.0,18.0,0,Finished,2.0,87.845,87.146,86.995,,0.0
2025,3,Japanese Grand Prix,Japan,2025-04-06 00:00:00,Japanese Grand Prix,PIA,81,McLaren,3.0,3.0,15.0,0,Finished,3.0,87.687,87.507,87.027,,0.0
2025,3,Japanese Grand Prix,Japan,2025-04-06 00:00:00,Japanese Grand Prix,LEC,16,Ferrari,4.0,4.0,12.0,0,Finished,4.0,87.92,87.555,87.299,,0.0
2025,3,Japanese Grand Prix,Japan,2025-04-06 00:00:00,Japanese Grand Prix,RUS,63,Mercedes,5.0,5.0,10.0,0,Finished,5.0,87.843,87.4,87.318,,0.0
2025,3,Japanese Grand Prix,Japan,2025-04-06 00:00:00,Japanese Grand Prix,ANT,12,Mercedes,6.0,6.0,8.0,0,Finished,6.0,87.968,87.639,87.555,,0.0
2025,3,Japanese Grand Prix,Japan,2025-04-06 00:00:00,Japanese Grand Prix,HAM,44,Ferrari,8.0,7.0,6.0,0,Finished,8.0,87.942,87.61,87.61,,0.0
2025,3,Japanese Grand Prix,Japan,2025-04-06 00:00:00,Japanese Grand Prix,HAD,6,Racing Bulls,7.0,8.0,4.0,0,Finished,7.0,88.278,87.775,87.569,,0.0
2025,3,Japanese Grand Prix,Japan,2025-04-06 00:00:00,Japanese Grand Prix,ALB,23,Williams,9.0,9.0,2.0,0,Finished,9.0,88.218,87.783,87.615,,0.0
2025,3,Japanese Grand Prix,Japan,2025-04-06 00:00:00,Japanese Grand Prix,BEA,87,Haas F1 Team,10.0,10.0,1.0,0,Finished,10.0,88.228,87.711,87.867,,0.0
2025,3,Japanese Grand Prix,Japan,2025-04-06 00:00:00,Japanese Grand Prix,ALO,14,Aston Martin,12.0,11.0,0.0,0,Finished,13.0,88.337,87.897,,,0.0
2025,3,Japanese Grand Prix,Japan,2025-04-06 00:00:00,Japanese Grand Prix,TSU,22,Red Bull Racing,14.0,12.0,0.0,0,Finished,15.0,87.967,88.0,,,0.0
2025,3,Japanese Grand Prix,Japan,2025-04-06 00:00:00,Japanese Grand Prix,GAS,10,Alpine,11.0,13.0,0.0,0,Finished,11.0,88.186,87.822,,,0.0
2025,3,Japanese Grand Prix,Japan,2025-04-06 00:00:00,Japanese Grand Prix,SAI,55,Williams,15.0,14.0,0.0,0,Finished,12.0,88.209,87.836,,,0.0
2025,3,Japanese Grand Prix,Japan,2025-04-06 00:00:00,Japanese Grand Prix,DOO,7,Alpine,19.0,15.0,0.0,0,Finished,19.0,88.877,,,,0.0
2025,3,Japanese Grand Prix,Japan,2025-04-06 00:00:00,Japanese Grand Prix,HUL,27,Kick Sauber,16.0,16.0,0.0,0,Finished,16.0,88.57,,,,0.0
2025,3,Japanese Grand Prix,Japan,2025-04-06 00:00:00,Japanese Grand Prix,LAW,30,Racing Bulls,13.0,17.0,0.0,0,Finished,14.0,88.554,87.906,,,0.0
2025,3,Japanese Grand Prix,Japan,2025-04-06 00:00:00,Japanese Grand Prix,OCO,31,Haas F1 Team,18.0,18.0,0.0,0,Finished,18.0,88.696,,,,0.0
2025,3,Japanese Grand Prix,Japan,2025-04-06 00:00:00,Japanese Grand Prix,BOR,5,Kick Sauber,17.0,19.0,0.0,0,Finished,17.0,88.622,,,,0.0
2025,3,Japanese Grand Prix,Japan,2025-04-06 00:00:00,Japanese Grand Prix,STR,18,Aston Martin,20.0,20.0,0.0,0,Lapped,20.0,89.271,,,,0.0
2025,4,Bahrain Grand Prix,Bahrain,2025-04-13 00:00:00,Bahrain Grand Prix,PIA,81,McLaren,1.0,1.0,25.0,0,Finished,1.0,91.392,90.454,89.841,,0.0
2025,4,Bahrain Grand Prix,Bahrain,2025-04-13 00:00:00,Bahrain Grand Prix,RUS,63,Mercedes,3.0,2.0,18.0,0,Finished,2.0,91.494,90.664,90.009,,0.0
2025,4,Bahrain Grand Prix,Bahrain,2025-04-13 00:00:00,Bahrain Grand Prix,NOR,4,McLaren,6.0,3.0,15.0,0,Finished,6.0,91.107,90.56,90.267,,0.0
2025,4,Bahrain Grand Prix,Bahrain,2025-04-13 00:00:00,Bahrain Grand Prix,LEC,16,Ferrari,2.0,4.0,12.0,0,Finished,3.0,91.454,90.724,90.175,,0.0
2025,4,Bahrain Grand Prix,Bahrain,2025-04-13 00:00:00,Bahrain Grand Prix,HAM,44,Ferrari,9.0,5.0,10.0,0,Finished,9.0,91.219,91.009,90.772,,0.0
2025,4,Bahrain Grand Prix,Bahrain,2025-04-13 00:00:00,Bahrain Grand Prix,VER,1,Red Bull Racing,7.0,6.0,8.0,0,Finished,7.0,91.303,91.019,90.423,,0.0
2025,4,Bahrain Grand Prix,Bahrain,2025-04-13 00:00:00,Bahrain Grand Prix,GAS,10,Alpine,4.0,7.0,6.0,0,Finished,5.0,91.462,90.643,90.216,,0.0
2025,4,Bahrain Grand Prix,Bahrain,2025-04-13 00:00:00,Bahrain Grand Prix,OCO,31,Haas F1 Team,14.0,8.0,4.0,0,Finished,14.0,91.594,,,,0.0
2025,4,Bahrain Grand Prix,Bahrain,2025-04-13 00:00:00,Bahrain Grand Prix,TSU,22,Red Bull Racing,10.0,9.0,2.0,0,Finished,10.0,91.751,91.228,91.303,,0.0
2025,4,Bahrain Grand Prix,Bahrain,2025-04-13 00:00:00,Bahrain Grand Prix,BEA,87,Haas F1 Team,20.0,10.0,1.0,0,Finished,20.0,92.373,,,,0.0
2025,4,Bahrain Grand Prix,Bahrain,2025-04-13 00:00:00,Bahrain Grand Prix,ANT,12,Mercedes,5.0,11.0,0.0,0,Finished,4.0,91.415,90.716,90.213,,0.0
2025,4,Bahrain Grand Prix,Bahrain,2025-04-13 00:00:00,Bahrain Grand Prix,ALB,23,Williams,15.0,12.0,0.0,0,Finished,15.0,92.04,,,,0.0
2025,4,Bahrain Grand Prix,Bahrain,2025-04-13 00:00:00,Bahrain Grand Prix,HAD,6,Racing Bulls,12.0,13.0,0.0,0,Finished,12.0,91.591,91.271,,,0.0
2025,4,Bahrain Grand Prix,Bahrain,2025-04-13 00:00:00,Bahrain Grand Prix,DOO,7,Alpine,11.0,14.0,0.0,0,Finished,11.0,91.414,91.245,,,0.0
2025,4,Bahrain Grand Prix,Bahrain,2025-04-13 00:00:00,Bahrain Grand Prix,ALO,14,Aston Martin,13.0,15.0,0.0,0,Finished,13.0,91.634,91.886,,,0.0
2025,4,Bahrain Grand Prix,Bahrain,2025-04-13 00:00:00,Bahrain Grand Prix,LAW,30,Racing Bulls,17.0,16.0,0.0,0,Finished,17.0,92.165,,,,0.0
2025,4,Bahrain Grand Prix,Bahrain,2025-04-13 00:00:00,Bahrain Grand Prix,STR,18,Aston Martin,19.0,17.0,0.0,0,Finished,19.0,92.283,,,,0.0
2025,4,Bahrain Grand Prix,Bahrain,2025-04-13 00:00:00,Bahrain Grand Prix,BOR,5,Kick Sauber,18.0,18.0,0.0,0,Finished,18.0,92.186,,,,0.0
2025,4,Bahrain Grand Prix,Bahrain,2025-04-13 00:00:00,Bahrain Grand Prix,SAI,55,Williams,8.0,19.0,0.0,1,Retired,8.0,91.591,90.844,90.68,,0.0
2025,4,Bahrain Grand Prix,Bahrain,2025-04-13 00:00:00,Bahrain Grand Prix,HUL,27,Kick Sauber,16.0,20.0,0.0,1,Disqualified,16.0,92.067,,,,0.0
2025,5,Saudi Arabian Grand Prix,Saudi Arabia,2025-04-20 00:00:00,Saudi Arabian Grand Prix,PIA,81,McLaren,2.0,1.0,25.0,0,Finished,2.0,87.901,87.545,87.304,,0.0
2025,5,Saudi Arabian Grand Prix,Saudi Arabia,2025-04-20 00:00:00,Saudi Arabian Grand Prix,VER,1,Red Bull Racing,1.0,2.0,18.0,0,Finished,1.0,87.778,87.529,87.294,,0.0
2025,5,Saudi Arabian Grand Prix,Saudi Arabia,2025-04-20 00:00:00,Saudi Arabian Grand Prix,LEC,16,Ferrari,4.0,3.0,15.0,0,Finished,4.0,88.552,87.866,87.67,,0.0
2025,5,Saudi Arabian Grand Prix,Saudi Arabia,2025-04-20 00:00:00,Saudi Arabian Grand Prix,NOR,4,McLaren,10.0,4.0,12.0,0,Finished,10.0,87.805,87.481,,,0.0
2025,5,Saudi Arabian Grand Prix,Saudi Arabia,2025-04-20 00:00:00,Saudi Arabian Grand Prix,RUS,63,Mercedes,3.0,5.0,10.0,0,Finished,3.0,88.282,87.599,87.407,,0.0
2025,5,Saudi Arabian Grand Prix,Saudi Arabia,2025-04-20 00:00:00,Saudi Arabian Grand Prix,ANT,12,Mercedes,5.0,6.0,8.0,0,Finished,5.0,88.128,87.798,87.866,,0.0
2025,5,Saudi Arabian Grand Prix,Saudi Arabia,2025-04-20 00:00:00,Saudi Arabian Grand Prix,HAM,44,Ferrari,7.0,7.0,6.0,0,Finished,7.0,88.372,88.102,88.201,,0.0
2025,5,Saudi Arabian Grand Prix,Saudi Arabia,2025-04-20 00:00:00,Saudi Arabian Grand Prix,SAI,55,Williams,6.0,8.0,4.0,0,Finished,6.0,88.354,88.024,88.164,,0.0
2025,5,Saudi Arabian Grand Prix,Saudi Arabia,2025-04-20 00:00:00,Saudi Arabian Grand Prix,ALB,23,Williams,11.0,9.0,2.0,0,Finished,11.0,88.279,88.109,,,0.0
2025,5,Saudi Arabian Grand Prix,Saudi Arabia,2025-04-20 00:00:00,Saudi Arabian Grand Prix,HAD,6,Racing Bulls,14.0,10.0,1.0,0,Finished,14.0,88.571,88.418,,,0.0
2025,5,Saudi Arabian Grand Prix,Saudi Arabia,2025-04-20 00:00:00,Saudi Arabian Grand Prix,ALO,14,Aston Martin,13.0,11.0,0.0,0,Finished,13.0,88.548,88.303,,,0.0
2025,5,Saudi Arabian Grand Prix,Saudi Arabia,2025-04-20 00:00:00,Saudi Arabian Grand Prix,LAW,30,Racing Bulls,12.0,12.0,0.0,0,Finished,12.0,88.561,88.191,,,0.0
2025,5,Saudi Arabian Grand Prix,Saudi Arabia,2025-04-20 00:00:00,Saudi Arabian Grand Prix,BEA,87,Haas F1 Team,15.0,13.0,0.0,0,Finished,15.0,88.536,88.648,,,0.0
2025,5,Saudi Arabian Grand Prix,Saudi Arabia,2025-04-20 00:00:00,Saudi Arabian Grand Prix,OCO,31,Haas F1 Team,19.0,14.0,0.0,0,Finished,19.0,89.092,,,,0.0
2025,5,Saudi Arabian Grand Prix,Saudi Arabia,2025-04-20 00:00:00,Saudi Arabian Grand Prix,HUL,27,Kick Sauber,18.0,15.0,0.0,0,Lapped,18.0,88.782,,,,0.0
2025,5,Saudi Arabian Grand Prix,Saudi Arabia,2025-04-20 00:00:00,Saudi Arabian Grand Prix,STR,18,Aston Martin,16.0,16.0,0.0,0,Lapped,16.0,88.645,,,,0.0
2025,5,Saudi Arabian Grand Prix,Saudi Arabia,2025-04-20 00:00:00,Saudi Arabian Grand Prix,DOO,7,Alpine,17.0,17.0,0.0,0,Lapped,17.0,88.739,,,,0.0
2025,5,Saudi Arabian Grand Prix,Saudi Arabia,2025-04-20 00:00:00,Saudi Arabian Grand Prix,BOR,5,Kick Sauber,20.0,18.0,0.0,0,Lapped,20.0,89.462,,,,0.0
2025,5,Saudi Arabian Grand Prix,Saudi Arabia,2025-04-20 00:00:00,Saudi Arabian Grand Prix,TSU,22,Red Bull Racing,8.0,19.0,0.0,1,Retired,8.0,88.226,87.99,88.204,,0.0
2025,5,Saudi Arabian Grand Prix,Saudi Arabia,2025-04-20 00:00:00,Saudi Arabian Grand Prix,GAS,10,Alpine,9.0,20.0,0.0,1,Retired,9.0,88.421,88.025,88.367,,0.0
2025,6,Miami Grand Prix,United States,2025-05-04 00:00:00,Miami Grand Prix,PIA,81,McLaren,4.0,1.0,25.0,0,Finished,4.0,87.006,86.269,86.375,2.0,7.0
2025,6,Miami Grand Prix,United States,2025-05-04 00:00:00,Miami Grand Prix,NOR,4,McLaren,2.0,2.0,18.0,0,Finished,2.0,86.955,86.499,86.269,1.0,8.0
2025,6,Miami Grand Prix,United States,2025-05-04 00:00:00,Miami Grand Prix,RUS,63,Mercedes,5.0,3.0,15.0,0,Finished,5.0,87.014,86.575,86.385,4.0,5.0
2025,6,Miami Grand Prix,United States,2025-05-04 00:00:00,Miami Grand Prix,VER,1,Red Bull Racing,1.0,4.0,12.0,0,Finished,1.0,86.87,86.643,86.204,17.0,0.0
2025,6,Miami Grand Prix,United States,2025-05-04 00:00:00,Miami Grand Prix,ALB,23,Williams,7.0,5.0,10.0,0,Finished,7.0,87.042,86.855,86.682,11.0,0.0
2025,6,Miami Grand Prix,United States,2025-05-04 00:00:00,Miami Grand Prix,ANT,12,Mercedes,3.0,6.0,8.0,0,Finished,3.0,87.077,86.606,86.271,7.0,2.0
2025,6,Miami Grand Prix,United States,2025-05-04 00:00:00,Miami Grand Prix,LEC,16,Ferrari,8.0,7.0,6.0,0,Finished,8.0,87.417,86.948,86.754,20.0,0.0
2025,6,Miami Grand Prix,United States,2025-05-04 00:00:00,Miami Grand Prix,HAM,44,Ferrari,12.0,8.0,4.0,0,Finished,12.0,87.279,87.006,,3.0,6.0
2025,6,Miami Grand Prix,United States,2025-05-04 00:00:00,Miami Grand Prix,SAI,55,Williams,6.0,9.0,2.0,0,Finished,6.0,87.098,86.847,86.569,19.0,0.0
2025,6,Miami Grand Prix,United States,2025-05-04 00:00:00,Miami Grand Prix,TSU,22,Red Bull Racing,10.0,10.0,1.0,0,Finished,10.0,87.298,86.959,86.943,6.0,3.0
2025,6,Miami Grand Prix,United States,2025-05-04 00:00:00,Miami Grand Prix,HAD,6,Racing Bulls,11.0,11.0,0.0,0,Finished,11.0,87.301,86.987,,10.0,0.0
2025,6,Miami Grand Prix,United States,2025-05-04 00:00:00,Miami Grand Prix,OCO,31,Haas F1 Team,9.0,12.0,0.0,0,Finished,9.0,87.45,86.967,86.824,12.0,0.0
2025,6,Miami Grand Prix,United States,2025-05-04 00:00:00,Miami Grand Prix,GAS,10,Alpine,20.0,13.0,0.0,0,Finished,18.0,87.71,,,8.0,1.0
2025,6,Miami Grand Prix,United States,2025-05-04 00:00:00,Miami Grand Prix,HUL,27,Kick Sauber,16.0,14.0,0.0,0,Lapped,16.0,87.473,,,9.0,0.0
2025,6,Miami Grand Prix,United States,2025-05-04 00:00:00,Miami Grand Prix,ALO,14,Aston Martin,17.0,15.0,0.0,0,Lapped,17.0,87.604,,,18.0,0.0
2025,6,Miami Grand Prix,United States,2025-05-04 00:00:00,Miami Grand Prix,STR,18,Aston Martin,18.0,16.0,0.0,0,Lapped,19.0,87.83,,,5.0,4.0
2025,6,Miami Grand Prix,United States,2025-05-04 00:00:00,Miami Grand Prix,LAW,30,Racing Bulls,15.0,17.0,0.0,1,Retired,15.0,87.444,87.363,,13.0,0.0
2025,6,Miami Grand Prix,United States,2025-05-04 00:00:00,Miami Grand Prix,BOR,5,Kick Sauber,13.0,18.0,0.0,1,Retired,13.0,87.343,87.151,,15.0,0.0
2025,6,Miami Grand Prix,United States,2025-05-04 00:00:00,Miami Grand Prix,BEA,87,Haas F1 Team,19.0,19.0,0.0,1,Retired,20.0,87.999,,,14.0,0.0
2025,6,Miami Grand Prix,United States,2025-05-04 00:00:00,Miami Grand Prix,DOO,7,Alpine,14.0,20.0,0.0,1,Retired,14.0,87.422,87.186,,16.0,0.0
2025,7,Emilia Romagna Grand Prix,Italy,2025-05-18 00:00:00,Emilia Romagna Grand Prix,VER,1,Red Bull Racing,2.0,1.0,25.0,0,Finished,2.0,75.175,75.394,74.704,,0.0
2025,7,Emilia Romagna Grand Prix,Italy,2025-05-18 00:00:00,Emilia Romagna Grand Prix,NOR,4,McLaren,4.0,2.0,18.0,0,Finished,4.0,75.894,75.261,74.962,,0.0
2025,7,Emilia Romagna Grand Prix,Italy,2025-05-18 00:00:00,Emilia Romagna Grand Prix,PIA,81,McLaren,1.0,3.0,15.0,0,Finished,1.0,75.5,75.214,74.67,,0.0
2025,7,Emilia Romagna Grand Prix,Italy,2025-05-18 00:00:00,Emilia Romagna Grand Prix,HAM,44,Ferrari,12.0,4.0,12.0,0,Finished,12.0,76.163,75.765,,,0.0
2025,7,Emilia Romagna Grand Prix,Italy,2025-05-18 00:00:00,Emilia Romagna Grand Prix,ALB,23,Williams,7.0,5.0,10.0,0,Finished,7.0,76.123,75.521,75.473,,0.0
2025,7,Emilia Romagna Grand Prix,Italy,2025-05-18 00:00:00,Emilia Romagna Grand Prix,LEC,16,Ferrari,11.0,6.0,8.0,0,Finished,11.0,76.108,75.604,,,0.0
2025,7,Emilia Romagna Grand Prix,Italy,2025-05-18 00:00:00,Emilia Romagna Grand Prix,RUS,63,Mercedes,3.0,7.0,6.0,0,Finished,3.0,75.852,75.334,74.807,,0.0
2025,7,Emilia Romagna Grand Prix,Italy,2025-05-18 00:00:00,Emilia Romagna Grand Prix,SAI,55,Williams,6.0,8.0,4.0,0,Finished,6.0,75.987,75.198,75.432,,0.0
2025,7,Emilia Romagna Grand Prix,Italy,2025-05-18 00:00:00,Emilia Romagna Grand Prix,HAD,6,Racing Bulls,9.0,9.0,2.0,0,Finished,9.0,76.253,75.51,75.746,,0.0
2025,7,Emilia Romagna Grand Prix,Italy,2025-05-18 00:00:00,Emilia Romagna Grand Prix,TSU,22,Red Bull Racing,20.0,10.0,1.0,0,Finished,20.0,,,,,0.0
2025,7,Emilia Romagna Grand Prix,Italy,2025-05-18 00:00:00,Emilia Romagna Grand Prix,ALO,14,Aston Martin,5.0,11.0,0.0,0,Finished,5.0,75.695,75.442,75.431,,0.0
2025,7,Emilia Romagna Grand Prix,Italy,2025-05-18 00:00:00,Emilia Romagna Grand Prix,HUL,27,Kick Sauber,17.0,12.0,0.0,0,Finished,17.0,76.518,,,,0.0
2025,7,Emilia Romagna Grand Prix,Italy,2025-05-18 00:00:00,Emilia Romagna Grand Prix,GAS,10,Alpine,10.0,13.0,0.0,0,Finished,10.0,75.937,75.505,75.787,,0.0
2025,7,Emilia Romagna Grand Prix,Italy,2025-05-18 00:00:00,Emilia Romagna Grand Prix,LAW,30,Racing Bulls,15.0,14.0,0.0,0,Finished,16.0,76.379,,,,0.0
2025,7,Emilia Romagna Grand Prix,Italy,2025-05-18 00:00:00,Emilia Romagna Grand Prix,STR,18,Aston Martin,8.0,15.0,0.0,0,Finished,8.0,75.817,75.497,75.581,,0.0
2025,7,Emilia Romagna Grand Prix,Italy,2025-05-18 00:00:00,Emilia Romagna Grand Prix,COL,43,Alpine,16.0,16.0,0.0,0,Finished,15.0,76.256,,,,0.0
2025,7,Emilia Romagna Grand Prix,Italy,2025-05-18 00:00:00,Emilia Romagna Grand Prix,BEA,87,Haas F1 Team,19.0,17.0,0.0,0,Finished,19.0,76.918,,,,0.0
2025,7,Emilia Romagna Grand Prix,Italy,2025-05-18 00:00:00,Emilia Romagna Grand Prix,BOR,5,Kick Sauber,14.0,18.0,0.0,0,Finished,14.0,76.34,76.26,,,0.0
2025,7,Emilia Romagna Grand Prix,Italy,2025-05-18 00:00:00,Emilia Romagna Grand Prix,ANT,12,Mercedes,13.0,19.0,0.0,1,Retired,13.0,75.943,75.772,,,0.0
2025,7,Emilia Romagna Grand Prix,Italy,2025-05-18 00:00:00,Emilia Romagna Grand Prix,OCO,31,Haas F1 Team,18.0,20.0,0.0,1,Retired,18.0,76.613,,,,0.0
2025,8,Monaco Grand Prix,Monaco,2025-05-25 00:00:00,Monaco Grand Prix,NOR,4,McLaren,1.0,1.0,25.0,0,Finished,1.0,71.285,70.57,69.954,,0.0
2025,8,Monaco Grand Prix,Monaco,2025-05-25 00:00:00,Monaco Grand Prix,LEC,16,Ferrari,2.0,2.0,18.0,0,Finished,2.0,71.229,70.581,70.063,,0.0
2025,8,Monaco Grand Prix,Monaco,2025-05-25 00:00:00,Monaco Grand Prix,PIA,81,McLaren,3.0,3.0,15.0,0,Finished,3.0,71.308,70.858,70.129,,0.0
2025,8,Monaco Grand Prix,Monaco,2025-05-25 00:00:00,Monaco Grand Prix,VER,1,Red Bull Racing,4.0,4.0,12.0,0,Finished,5.0,71.431,70.875,70.669,,0.0
2025,8,Monaco Grand Prix,Monaco,2025-05-25 00:00:00,Monaco Grand Prix,HAM,44,Ferrari,7.0,5.0,10.0,0,Finished,4.0,71.575,70.883,70.382,,0.0
2025,8,Monaco Grand Prix,Monaco,2025-05-25 00:00:00,Monaco Grand Prix,HAD,6,Racing Bulls,5.0,6.0,8.0,0,Lapped,6.0,71.811,71.04,70.923,,0.0
2025,8,Monaco Grand Prix,Monaco,2025-05-25 00:00:00,Monaco Grand Prix,OCO,31,Haas F1 Team,8.0,7.0,6.0,0,Lapped,8.0,71.839,71.262,70.942,,0.0
2025,8,Monaco Grand Prix,Monaco,2025-05-25 00:00:00,Monaco Grand Prix,LAW,30,Racing Bulls,9.0,8.0,4.0,0,Lapped,9.0,71.818,71.25,71.129,,0.0
2025,8,Monaco Grand Prix,Monaco,2025-05-25 00:00:00,Monaco Grand Prix,ALB,23,Williams,10.0,9.0,2.0,0,Lapped,10.0,71.629,70.732,71.213,,0.0
2025,8,Monaco Grand Prix,Monaco,2025-05-25 00:00:00,Monaco Grand Prix,SAI,55,Williams,11.0,10.0,1.0,0,Lapped,11.0,71.707,71.362,,,0.0
2025,8,Monaco Grand Prix,Monaco,2025-05-25 00:00:00,Monaco Grand Prix,RUS,63,Mercedes,14.0,11.0,0.0,0,Lapped,14.0,71.507,,,,0.0
2025,8,Monaco Grand Prix,Monaco,2025-05-25 00:00:00,Monaco Grand Prix,BEA,87,Haas F1 Team,20.0,12.0,0.0,0,Lapped,17.0,71.979,,,,0.0
2025,8,Monaco Grand Prix,Monaco,2025-05-25 00:00:00,Monaco Grand Prix,COL,43,Alpine,18.0,13.0,0.0,0,Lapped,20.0,72.597,,,,0.0
2025,8,Monaco Grand Prix,Monaco,2025-05-25 00:00:00,Monaco Grand Prix,BOR,5,Kick Sauber,16.0,14.0,0.0,0,Lapped,16.0,71.902,,,,0.0
2025,8,Monaco Grand Prix,Monaco,2025-05-25 00:00:00,Monaco Grand Prix,STR,18,Aston Martin,19.0,15.0,0.0,0,Lapped,19.0,72.563,,,,0.0
2025,8,Monaco Grand Prix,Monaco,2025-05-25 00:00:00,Monaco Grand Prix,HUL,27,Kick Sauber,13.0,16.0,0.0,0,Lapped,13.0,71.871,71.596,,,0.0
2025,8,Monaco Grand Prix,Monaco,2025-05-25 00:00:00,Monaco Grand Prix,TSU,22,Red Bull Racing,12.0,17.0,0.0,0,Lapped,12.0,71.8,71.415,,,0.0
2025,8,Monaco Grand Prix,Monaco,2025-05-25 00:00:00,Monaco Grand Prix,ANT,12,Mercedes,15.0,18.0,0.0,0,Lapped,15.0,71.88,,,,0.0
2025,8,Monaco Grand Prix,Monaco,2025-05-25 00:00:00,Monaco Grand Prix,ALO,14,Aston Martin,6.0,19.0,0.0,1,Retired,7.0,71.674,71.182,70.924,,0.0
2025,8,Monaco Grand Prix,Monaco,2025-05-25 00:00:00,Monaco Grand Prix,GAS,10,Alpine,17.0,20.0,0.0,1,Retired,18.0,71.994,,,,0.0
2025,9,Spanish Grand Prix,Spain,2025-06-01 00:00:00,Spanish Grand Prix,PIA,81,McLaren,1.0,1.0,25.0,0,Finished,1.0,72.551,71.998,71.546,,0.0
2025,9,Spanish Grand Prix,Spain,2025-06-01 00:00:00,Spanish Grand Prix,NOR,4,McLaren,2.0,2.0,18.0,0,Finished,2.0,72.799,72.056,71.755,,0.0
2025,9,Spanish Grand Prix,Spain,2025-06-01 00:00:00,Spanish Grand Prix,LEC,16,Ferrari,7.0,3.0,15.0,0,Finished,7.0,73.014,72.495,72.131,,0.0
2025,9,Spanish Grand Prix,Spain,2025-06-01 00:00:00,Spanish Grand Prix,RUS,63,Mercedes,4.0,4.0,12.0,0,Finished,4.0,72.806,72.407,71.848,,0.0
2025,9,Spanish Grand Prix,Spain,2025-06-01 00:00:00,Spanish Grand Prix,HUL,27,Kick Sauber,15.0,5.0,10.0,0,Finished,16.0,73.19,,,,0.0
2025,9,Spanish Grand Prix,Spain,2025-06-01 00:00:00,Spanish Grand Prix,HAM,44,Ferrari,5.0,6.0,8.0,0,Finished,5.0,73.058,72.447,72.045,,0.0
2025,9,Spanish Grand Prix,Spain,2025-06-01 00:00:00,Spanish Grand Prix,HAD,6,Racing Bulls,9.0,7.0,6.0,0,Finished,9.0,73.139,72.461,72.252,,0.0
2025,9,Spanish Grand Prix,Spain,2025-06-01 00:00:00,Spanish Grand Prix,GAS,10,Alpine,8.0,8.0,4.0,0,Finished,8.0,73.081,72.611,72.199,,0.0
2025,9,Spanish Grand Prix,Spain,2025-06-01 00:00:00,Spanish Grand Prix,ALO,14,Aston Martin,10.0,9.0,2.0,0,Finished,10.0,73.102,72.523,72.284,,0.0
2025,9,Spanish Grand Prix,Spain,2025-06-01 00:00:00,Spanish Grand Prix,VER,1,Red Bull Racing,3.0,10.0,1.0,0,Finished,3.0,72.798,72.358,71.848,,0.0
2025,9,Spanish Grand Prix,Spain,2025-06-01 00:00:00,Spanish Grand Prix,LAW,30,Racing Bulls,13.0,11.0,0.0,0,Finished,13.0,73.039,72.763,,,0.0
2025,9,Spanish Grand Prix,Spain,2025-06-01 00:00:00,Spanish Grand Prix,BOR,5,Kick Sauber,12.0,12.0,0.0,0,Finished,12.0,73.045,72.756,,,0.0
2025,9,Spanish Grand Prix,Spain,2025-06-01 00:00:00,Spanish Grand Prix,TSU,22,Red Bull Racing,19.0,13.0,0.0,0,Finished,20.0,73.385,,,,0.0
2025,9,Spanish Grand Prix,Spain,2025-06-01 00:00:00,Spanish Grand Prix,SAI,55,Williams,17.0,14.0,0.0,0,Finished,18.0,73.203,,,,0.0
2025,9,Spanish Grand Prix,Spain,2025-06-01 00:00:00,Spanish Grand Prix,COL,43,Alpine,18.0,15.0,0.0,0,Finished,19.0,73.334,,,,0.0
2025,9,Spanish Grand Prix,Spain,2025-06-01 00:00:00,Spanish Grand Prix,OCO,31,Haas F1 Team,16.0,16.0,0.0,0,Finished,17.0,73.201,,,,0.0
2025,9,Spanish Grand Prix,Spain,2025-06-01 00:00:00,Spanish Grand Prix,BEA,87,Haas F1 Team,14.0,17.0,0.0,0,Finished,15.0,73.074,73.315,,,0.0
2025,9,Spanish Grand Prix,Spain,2025-06-01 00:00:00,Spanish Grand Prix,ANT,12,Mercedes,6.0,18.0,0.0,1,Retired,6.0,72.815,72.585,72.111,,0.0
2025,9,Spanish Grand Prix,Spain,2025-06-01 00:00:00,Spanish Grand Prix,ALB,23,Williams,11.0,19.0,0.0,1,Retired,11.0,73.044,72.641,,,0.0
2025,10,Canadian Grand Prix,Canada,2025-06-15 00:00:00,Canadian Grand Prix,RUS,63,Mercedes,1.0,1.0,25.0,0,Finished,1.0,72.075,71.57,70.899,,0.0
2025,10,Canadian Grand Prix,Canada,2025-06-15 00:00:00,Canadian Grand Prix,VER,1,Red Bull Racing,2.0,2.0,18.0,0,Finished,2.0,72.054,71.638,71.059,,0.0
2025,10,Canadian Grand Prix,Canada,2025-06-15 00:00:00,Canadian Grand Prix,ANT,12,Mercedes,4.0,3.0,15.0,0,Finished,4.0,72.279,71.974,71.391,,0.0
2025,10,Canadian Grand Prix,Canada,2025-06-15 00:00:00,Canadian Grand Prix,PIA,81,McLaren,3.0,4.0,12.0,0,Finished,3.0,71.939,71.715,71.12,,0.0
2025,10,Canadian Grand Prix,Canada,2025-06-15 00:00:00,Canadian Grand Prix,LEC,16,Ferrari,8.0,5.0,10.0,0,Finished,8.0,72.038,71.626,71.682,,0.0
2025,10,Canadian Grand Prix,Canada,2025-06-15 00:00:00,Canadian Grand Prix,HAM,44,Ferrari,5.0,6.0,8.0,0,Finished,5.0,71.952,71.885,71.526,,0.0
2025,10,Canadian Grand Prix,Canada,2025-06-15 00:00:00,Canadian Grand Prix,ALO,14,Aston Martin,6.0,7.0,6.0,0,Finished,6.0,72.073,71.805,71.586,,0.0
2025,10,Canadian Grand Prix,Canada,2025-06-15 00:00:00,Canadian Grand Prix,HUL,27,Kick Sauber,11.0,8.0,4.0,0,Finished,13.0,72.323,72.183,,,0.0
2025,10,Canadian Grand Prix,Canada,2025-06-15 00:00:00,Canadian Grand Prix,OCO,31,Haas F1 Team,14.0,9.0,2.0,0,Lapped,15.0,72.378,72.634,,,0.0
2025,10,Canadian Grand Prix,Canada,2025-06-15 00:00:00,Canadian Grand Prix,SAI,55,Williams,16.0,10.0,1.0,0,Lapped,17.0,72.398,,,,0.0
2025,10,Canadian Grand Prix,Canada,2025-06-15 00:00:00,Canadian Grand Prix,BEA,87,Haas F1 Team,13.0,11.0,0.0,0,Lapped,14.0,72.306,72.34,,,0.0
2025,10,Canadian Grand Prix,Canada,2025-06-15 00:00:00,Canadian Grand Prix,TSU,22,Red Bull Racing,18.0,12.0,0.0,0,Lapped,11.0,72.334,72.102,,,0.0
2025,10,Canadian Grand Prix,Canada,2025-06-15 00:00:00,Canadian Grand Prix,COL,43,Alpine,10.0,13.0,0.0,0,Lapped,12.0,72.234,72.142,,,0.0
2025,10,Canadian Grand Prix,Canada,2025-06-15 00:00:00,Canadian Grand Prix,BOR,5,Kick Sauber,15.0,14.0,0.0,0,Lapped,16.0,72.385,,,,0.0
2025,10,Canadian Grand Prix,Canada,2025-06-15 00:00:00,Canadian Grand Prix,GAS,10,Alpine,20.0,15.0,0.0,0,Lapped,20.0,72.667,,,,0.0
2025,10,Canadian Grand Prix,Canada,2025-06-15 00:00:00,Canadian Grand Prix,HAD,6,Racing Bulls,12.0,16.0,0.0,0,Lapped,9.0,72.211,72.003,71.867,,0.0
2025,10,Canadian Grand Prix,Canada,2025-06-15 00:00:00,Canadian Grand Prix,STR,18,Aston Martin,17.0,17.0,0.0,0,Lapped,18.0,72.517,,,,0.0
2025,10,Canadian Grand Prix,Canada,2025-06-15 00:00:00,Canadian Grand Prix,NOR,4,McLaren,7.0,18.0,0.0,1,Retired,7.0,71.826,71.599,71.625,,0.0
2025,10,Canadian Grand Prix,Canada,2025-06-15 00:00:00,Canadian Grand Prix,LAW,30,Racing Bulls,19.0,19.0,0.0,1,Retired,19.0,72.525,,,,0.0
2025,10,Canadian Grand Prix,Canada,2025-06-15 00:00:00,Canadian Grand Prix,ALB,23,Williams,9.0,20.0,0.0,1,Retired,10.0,72.09,71.892,71.907,,0.0
2025,11,Austrian Grand Prix,Austria,2025-06-29 00:00:00,Austrian Grand Prix,NOR,4,McLaren,1.0,1.0,25.0,0,Finished,1.0,64.672,64.41,63.971,,0.0
2025,11,Austrian Grand Prix,Austria,2025-06-29 00:00:00,Austrian Grand Prix,PIA,81,McLaren,3.0,2.0,18.0,0,Finished,3.0,64.966,64.556,64.554,,0.0
2025,11,Austrian Grand Prix,Austria,2025-06-29 00:00:00,Austrian Grand Prix,LEC,16,Ferrari,2.0,3.0,15.0,0,Finished,2.0,65.197,64.734,64.492,,0.0
2025,11,Austrian Grand Prix,Austria,2025-06-29 00:00:00,Austrian Grand Prix,HAM,44,Ferrari,4.0,4.0,12.0,0,Finished,4.0,65.115,64.896,64.582,,0.0
2025,11,Austrian Grand Prix,Austria,2025-06-29 00:00:00,Austrian Grand Prix,RUS,63,Mercedes,5.0,5.0,10.0,0,Finished,5.0,65.189,64.86,64.763,,0.0
2025,11,Austrian Grand Prix,Austria,2025-06-29 00:00:00,Austrian Grand Prix,LAW,30,Racing Bulls,6.0,6.0,8.0,0,Finished,6.0,65.017,65.041,64.926,,0.0
2025,11,Austrian Grand Prix,Austria,2025-06-29 00:00:00,Austrian Grand Prix,ALO,14,Aston Martin,11.0,7.0,6.0,0,Lapped,11.0,65.197,65.128,,,0.0
2025,11,Austrian Grand Prix,Austria,2025-06-29 00:00:00,Austrian Grand Prix,BOR,5,Kick Sauber,8.0,8.0,4.0,0,Lapped,8.0,65.123,64.846,65.132,,0.0
2025,11,Austrian Grand Prix,Austria,2025-06-29 00:00:00,Austrian Grand Prix,HUL,27,Kick Sauber,20.0,9.0,2.0,0,Lapped,20.0,65.606,,,,0.0
2025,11,Austrian Grand Prix,Austria,2025-06-29 00:00:00,Austrian Grand Prix,OCO,31,Haas F1 Team,17.0,10.0,1.0,0,Lapped,17.0,65.364,,,,0.0
2025,11,Austrian Grand Prix,Austria,2025-06-29 00:00:00,Austrian Grand Prix,BEA,87,Haas F1 Team,15.0,11.0,0.0,0,Lapped,15.0,65.218,65.312,,,0.0
2025,11,Austrian Grand Prix,Austria,2025-06-29 00:00:00,Austrian Grand Prix,HAD,6,Racing Bulls,13.0,12.0,0.0,0,Lapped,13.0,65.063,65.226,,,0.0
2025,11,Austrian Grand Prix,Austria,2025-06-29 00:00:00,Austrian Grand Prix,GAS,10,Alpine,10.0,13.0,0.0,0,Lapped,10.0,65.054,64.846,65.649,,0.0
2025,11,Austrian Grand Prix,Austria,2025-06-29 00:00:00,Austrian Grand Prix,STR,18,Aston Martin,16.0,14.0,0.0,0,Lapped,16.0,65.329,,,,0.0
2025,11,Austrian Grand Prix,Austria,2025-06-29 00:00:00,Austrian Grand Prix,COL,43,Alpine,14.0,15.0,0.0,0,Lapped,14.0,65.278,65.288,,,0.0
2025,11,Austrian Grand Prix,Austria,2025-06-29 00:00:00,Austrian Grand Prix,TSU,22,Red Bull Racing,18.0,16.0,0.0,0,Lapped,18.0,65.369,,,,0.0
2025,11,Austrian Grand Prix,Austria,2025-06-29 00:00:00,Austrian Grand Prix,ALB,23,Williams,12.0,17.0,0.0,1,Retired,12.0,65.143,65.205,,,0.0
2025,11,Austrian Grand Prix,Austria,2025-06-29 00:00:00,Austrian Grand Prix,VER,1,Red Bull Racing,7.0,18.0,0.0,1,Retired,7.0,65.106,64.836,64.929,,0.0
2025,11,Austrian Grand Prix,Austria,2025-06-29 00:00:00,Austrian Grand Prix,ANT,12,Mercedes,9.0,19.0,0.0,1,Retired,9.0,65.178,65.052,65.276,,0.0
2025,11,Austrian Grand Prix,Austria,2025-06-29 00:00:00,Austrian Grand Prix,SAI,55,Williams,19.0,20.0,0.0,1,Did not start,19.0,65.582,,,,0.0
2025,12,British Grand Prix,United Kingdom,2025-07-06 00:00:00,British Grand Prix,NOR,4,McLaren,3.0,1.0,25.0,0,Finished,3.0,86.123,85.231,85.01,,0.0
2025,12,British Grand Prix,United Kingdom,2025-07-06 00:00:00,British Grand Prix,PIA,81,McLaren,2.0,2.0,18.0,0,Finished,2.0,85.963,85.316,84.995,,0.0
2025,12,British Grand Prix,United Kingdom,2025-07-06 00:00:00,British Grand Prix,HUL,27,Kick Sauber,19.0,3.0,15.0,0,Finished,19.0,86.574,,,,0.0
2025,12,British Grand Prix,United Kingdom,2025-07-06 00:00:00,British Grand Prix,HAM,44,Ferrari,5.0,4.0,12.0,0,Finished,5.0,86.296,85.084,85.095,,0.0
2025,12,British Grand Prix,United Kingdom,2025-07-06 00:00:00,British Grand Prix,VER,1,Red Bull Racing,1.0,5.0,10.0,0,Finished,1.0,85.886,85.316,84.892,,0.0
2025,12,British Grand Prix,United Kingdom,2025-07-06 00:00:00,British Grand Prix,GAS,10,Alpine,8.0,6.0,8.0,0,Finished,10.0,86.328,85.711,85.785,,0.0
2025,12,British Grand Prix,United Kingdom,2025-07-06 00:00:00,British Grand Prix,STR,18,Aston Martin,17.0,7.0,6.0,0,Finished,18.0,86.504,,,,0.0
2025,12,British Grand Prix,United Kingdom,2025-07-06 00:00:00,British Grand Prix,ALB,23,Williams,13.0,8.0,4.0,0,Finished,14.0,86.093,85.889,,,0.0
2025,12,British Grand Prix,United Kingdom,2025-07-06 00:00:00,British Grand Prix,ALO,14,Aston Martin,7.0,9.0,2.0,0,Finished,9.0,86.108,85.593,85.621,,0.0
2025,12,British Grand Prix,United Kingdom,2025-07-06 00:00:00,British Grand Prix,RUS,63,Mercedes,4.0,10.0,1.0,0,Finished,4.0,86.236,85.637,85.029,,0.0
2025,12,British Grand Prix,United Kingdom,2025-07-06 00:00:00,British Grand Prix,BEA,87,Haas F1 Team,18.0,11.0,0.0,0,Finished,8.0,86.005,85.534,85.471,,0.0
2025,12,British Grand Prix,United Kingdom,2025-07-06 00:00:00,British Grand Prix,SAI,55,Williams,9.0,12.0,0.0,0,Finished,11.0,86.175,85.746,,,0.0
2025,12,British Grand Prix,United Kingdom,2025-07-06 00:00:00,British Grand Prix,OCO,31,Haas F1 Team,14.0,13.0,0.0,0,Finished,15.0,86.136,85.95,,,0.0
2025,12,British Grand Prix,United Kingdom,2025-07-06 00:00:00,British Grand Prix,LEC,16,Ferrari,6.0,14.0,0.0,0,Finished,6.0,86.186,85.133,85.121,,0.0
2025,12,British Grand Prix,United Kingdom,2025-07-06 00:00:00,British Grand Prix,TSU,22,Red Bull Racing,11.0,15.0,0.0,0,Lapped,12.0,86.275,85.826,,,0.0
2025,12,British Grand Prix,United Kingdom,2025-07-06 00:00:00,British Grand Prix,ANT,12,Mercedes,10.0,16.0,0.0,1,Retired,7.0,86.265,85.62,85.374,,0.0
2025,12,British Grand Prix,United Kingdom,2025-07-06 00:00:00,British Grand Prix,HAD,6,Racing Bulls,12.0,17.0,0.0,1,Retired,13.0,86.177,85.864,,,0.0
2025,12,British Grand Prix,United Kingdom,2025-07-06 00:00:00,British Grand Prix,BOR,5,Kick Sauber,16.0,18.0,0.0,1,Retired,17.0,86.446,,,,0.0
2025,12,British Grand Prix,United Kingdom,2025-07-06 00:00:00,British Grand Prix,LAW,30,Racing Bulls,15.0,19.0,0.0,1,Retired,16.0,86.44,,,,0.0
2025,12,British Grand Prix,United Kingdom,2025-07-06 00:00:00,British Grand Prix,COL,43,Alpine,20.0,20.0,0.0,1,Did not start,20.0,87.06,,,,0.0
2025,13,Belgian Grand Prix,Belgium,2025-07-27 00:00:00,Belgian Grand Prix,PIA,81,McLaren,2.0,1.0,25.0,0,Finished,2.0,101.201,100.626,100.647,2.0,7.0
2025,13,Belgian Grand Prix,Belgium,2025-07-27 00:00:00,Belgian Grand Prix,NOR,4,McLaren,1.0,2.0,18.0,0,Finished,1.0,101.01,100.715,100.562,3.0,6.0
2025,13,Belgian Grand Prix,Belgium,2025-07-27 00:00:00,Belgian Grand Prix,LEC,16,Ferrari,3.0,3.0,15.0,0,Finished,3.0,101.635,101.084,100.9,4.0,5.0
2025,13,Belgian Grand Prix,Belgium,2025-07-27 00:00:00,Belgian Grand Prix,VER,1,Red Bull Racing,4.0,4.0,12.0,0,Finished,4.0,101.334,100.951,100.903,1.0,8.0
2025,13,Belgian Grand Prix,Belgium,2025-07-27 00:00:00,Belgian Grand Prix,RUS,63,Mercedes,6.0,5.0,10.0,0,Finished,6.0,101.784,101.254,101.26,12.0,0.0
2025,13,Belgian Grand Prix,Belgium,2025-07-27 00:00:00,Belgian Grand Prix,ALB,23,Williams,5.0,6.0,8.0,0,Finished,5.0,101.772,101.505,101.201,16.0,0.0
2025,13,Belgian Grand Prix,Belgium,2025-07-27 00:00:00,Belgian Grand Prix,HAM,44,Ferrari,18.0,7.0,6.0,0,Finished,16.0,101.939,,,15.0,0.0
2025,13,Belgian Grand Prix,Belgium,2025-07-27 00:00:00,Belgian Grand Prix,LAW,30,Racing Bulls,9.0,8.0,4.0,0,Finished,9.0,101.748,101.297,101.328,10.0,0.0
2025,13,Belgian Grand Prix,Belgium,2025-07-27 00:00:00,Belgian Grand Prix,BOR,5,Kick Sauber,10.0,9.0,2.0,0,Finished,10.0,101.908,101.336,102.387,9.0,0.0
2025,13,Belgian Grand Prix,Belgium,2025-07-27 00:00:00,Belgian Grand Prix,GAS,10,Alpine,13.0,10.0,1.0,0,Finished,13.0,101.8,101.633,,20.0,0.0
2025,13,Belgian Grand Prix,Belgium,2025-07-27 00:00:00,Belgian Grand Prix,BEA,87,Haas F1 Team,12.0,11.0,0.0,0,Finished,12.0,101.617,101.617,,7.0,2.0
2025,13,Belgian Grand Prix,Belgium,2025-07-27 00:00:00,Belgian Grand Prix,HUL,27,Kick Sauber,14.0,12.0,0.0,0,Finished,14.0,101.844,101.707,,18.0,0.0
2025,13,Belgian Grand Prix,Belgium,2025-07-27 00:00:00,Belgian Grand Prix,TSU,22,Red Bull Racing,7.0,13.0,0.0,0,Finished,7.0,101.84,101.245,101.284,11.0,0.0
2025,13,Belgian Grand Prix,Belgium,2025-07-27 00:00:00,Belgian Grand Prix,STR,18,Aston Martin,16.0,14.0,0.0,0,Finished,20.0,102.502,,,13.0,0.0
2025,13,Belgian Grand Prix,Belgium,2025-07-27 00:00:00,Belgian Grand Prix,OCO,31,Haas F1 Team,11.0,15.0,0.0,0,Finished,11.0,101.884,101.525,,5.0,4.0
2025,13,Belgian Grand Prix,Belgium,2025-07-27 00:00:00,Belgian Grand Prix,ANT,12,Mercedes,19.0,16.0,0.0,0,Finished,18.0,102.139,,,17.0,0.0
2025,13,Belgian Grand Prix,Belgium,2025-07-27 00:00:00,Belgian Grand Prix,ALO,14,Aston Martin,20.0,17.0,0.0,0,Finished,19.0,102.385,,,14.0,0.0
2025,13,Belgian Grand Prix,Belgium,2025-07-27 00:00:00,Belgian Grand Prix,SAI,55,Williams,17.0,18.0,0.0,0,Finished,15.0,101.691,101.758,,6.0,3.0
2025,13,Belgian Grand Prix,Belgium,2025-07-27 00:00:00,Belgian Grand Prix,COL,43,Alpine,15.0,19.0,0.0,0,Finished,17.0,102.022,,,19.0,0.0
2025,13,Belgian Grand Prix,Belgium,2025-07-27 00:00:00,Belgian Grand Prix,HAD,6,Racing Bulls,8.0,20.0,0.0,0,Lapped,8.0,101.572,101.281,101.31,8.0,1.0
2025,14,Hungarian Grand Prix,Hungary,2025-08-03 00:00:00,Hungarian Grand Prix,NOR,4,McLaren,3.0,1.0,25.0,0,Finished,3.0,75.523,74.89,75.413,,0.0
2025,14,Hungarian Grand Prix,Hungary,2025-08-03 00:00:00,Hungarian Grand Prix,PIA,81,McLaren,2.0,2.0,18.0,0,Finished,2.0,75.211,74.941,75.398,,0.0
2025,14,Hungarian Grand Prix,Hungary,2025-08-03 00:00:00,Hungarian Grand Prix,RUS,63,Mercedes,4.0,3.0,15.0,0,Finished,4.0,75.627,75.201,75.425,,0.0
2025,14,Hungarian Grand Prix,Hungary,2025-08-03 00:00:00,Hungarian Grand Prix,LEC,16,Ferrari,1.0,4.0,12.0,0,Finished,1.0,75.582,75.455,75.372,,0.0
2025,14,Hungarian Grand Prix,Hungary,2025-08-03 00:00:00,Hungarian Grand Prix,ALO,14,Aston Martin,5.0,5.0,10.0,0,Finished,5.0,75.281,75.395,75.481,,0.0
2025,14,Hungarian Grand Prix,Hungary,2025-08-03 00:00:00,Hungarian Grand Prix,BOR,5,Kick Sauber,7.0,6.0,8.0,0,Finished,7.0,75.586,75.687,75.725,,0.0
2025,14,Hungarian Grand Prix,Hungary,2025-08-03 00:00:00,Hungarian Grand Prix,STR,18,Aston Martin,6.0,7.0,6.0,0,Finished,6.0,75.673,75.129,75.498,,0.0
2025,14,Hungarian Grand Prix,Hungary,2025-08-03 00:00:00,Hungarian Grand Prix,LAW,30,Racing Bulls,9.0,8.0,4.0,0,Finished,9.0,75.849,75.63,75.821,,0.0
2025,14,Hungarian Grand Prix,Hungary,2025-08-03 00:00:00,Hungarian Grand Prix,VER,1,Red Bull Racing,8.0,9.0,2.0,0,Finished,8.0,75.736,75.547,75.728,,0.0
2025,14,Hungarian Grand Prix,Hungary,2025-08-03 00:00:00,Hungarian Grand Prix,ANT,12,Mercedes,15.0,10.0,1.0,0,Lapped,15.0,75.782,76.386,,,0.0
2025,14,Hungarian Grand Prix,Hungary,2025-08-03 00:00:00,Hungarian Grand Prix,HAD,6,Racing Bulls,10.0,11.0,0.0,0,Lapped,10.0,75.516,75.469,75.915,,0.0
2025,14,Hungarian Grand Prix,Hungary,2025-08-03 00:00:00,Hungarian Grand Prix,HAM,44,Ferrari,12.0,12.0,0.0,0,Lapped,12.0,75.733,75.702,,,0.0
2025,14,Hungarian Grand Prix,Hungary,2025-08-03 00:00:00,Hungarian Grand Prix,HUL,27,Kick Sauber,18.0,13.0,0.0,0,Lapped,19.0,76.081,,,,0.0
2025,14,Hungarian Grand Prix,Hungary,2025-08-03 00:00:00,Hungarian Grand Prix,SAI,55,Williams,13.0,14.0,0.0,0,Lapped,13.0,75.652,75.781,,,0.0
2025,14,Hungarian Grand Prix,Hungary,2025-08-03 00:00:00,Hungarian Grand Prix,ALB,23,Williams,19.0,15.0,0.0,0,Lapped,20.0,76.223,,,,0.0
2025,14,Hungarian Grand Prix,Hungary,2025-08-03 00:00:00,Hungarian Grand Prix,OCO,31,Haas F1 Team,17.0,16.0,0.0,0,Lapped,18.0,76.023,,,,0.0
2025,14,Hungarian Grand Prix,Hungary,2025-08-03 00:00:00,Hungarian Grand Prix,TSU,22,Red Bull Racing,20.0,17.0,0.0,0,Lapped,16.0,75.899,,,,0.0
2025,14,Hungarian Grand Prix,Hungary,2025-08-03 00:00:00,Hungarian Grand Prix,COL,43,Alpine,14.0,18.0,0.0,0,Lapped,14.0,75.875,76.159,,,0.0
2025,14,Hungarian Grand Prix,Hungary,2025-08-03 00:00:00,Hungarian Grand Prix,GAS,10,Alpine,16.0,19.0,0.0,0,Lapped,17.0,75.966,,,,0.0
2025,14,Hungarian Grand Prix,Hungary,2025-08-03 00:00:00,Hungarian Grand Prix,BEA,87,Haas F1 Team,11.0,20.0,0.0,1,Retired,11.0,75.75,75.694,,,0.0
2025,15,Dutch Grand Prix,Netherlands,2025-08-31 00:00:00,Dutch Grand Prix,PIA,81,McLaren,1.0,1.0,25.0,0,Finished,1.0,69.338,68.964,68.662,,0.0
2025,15,Dutch Grand Prix,Netherlands,2025-08-31 00:00:00,Dutch Grand Prix,VER,1,Red Bull Racing,3.0,2.0,18.0,0,Finished,3.0,69.696,69.122,68.925,,0.0
2025,15,Dutch Grand Prix,Netherlands,2025-08-31 00:00:00,Dutch Grand Prix,HAD,6,Racing Bulls,4.0,3.0,15.0,0,Finished,4.0,69.966,69.439,69.208,,0.0
2025,15,Dutch Grand Prix,Netherlands,2025-08-31 00:00:00,Dutch Grand Prix,RUS,63,Mercedes,5.0,4.0,12.0,0,Finished,5.0,69.676,69.313,69.255,,0.0
2025,15,Dutch Grand Prix,Netherlands,2025-08-31 00:00:00,Dutch Grand Prix,ALB,23,Williams,15.0,5.0,10.0,0,Finished,15.0,69.792,69.652,,,0.0
2025,15,Dutch Grand Prix,Netherlands,2025-08-31 00:00:00,Dutch Grand Prix,BEA,87,Haas F1 Team,20.0,6.0,8.0,0,Finished,19.0,70.262,,,,0.0
2025,15,Dutch Grand Prix,Netherlands,2025-08-31 00:00:00,Dutch Grand Prix,STR,18,Aston Martin,19.0,7.0,6.0,0,Finished,20.0,,,,,0.0
2025,15,Dutch Grand Prix,Netherlands,2025-08-31 00:00:00,Dutch Grand Prix,ALO,14,Aston Martin,10.0,8.0,4.0,0,Finished,10.0,69.95,69.366,69.63,,0.0
2025,15,Dutch Grand Prix,Netherlands,2025-08-31 00:00:00,Dutch Grand Prix,TSU,22,Red Bull Racing,12.0,9.0,2.0,0,Finished,12.0,69.954,69.622,,,0.0
2025,15,Dutch Grand Prix,Netherlands,2025-08-31 00:00:00,Dutch Grand Prix,OCO,31,Haas F1 Team,18.0,10.0,1.0,0,Finished,18.0,70.197,,,,0.0
2025,15,Dutch Grand Prix,Netherlands,2025-08-31 00:00:00,Dutch Grand Prix,COL,43,Alpine,16.0,11.0,0.0,0,Finished,16.0,70.104,,,,0.0
2025,15,Dutch Grand Prix,Netherlands,2025-08-31 00:00:00,Dutch Grand Prix,LAW,30,Racing Bulls,8.0,12.0,0.0,0,Finished,8.0,69.779,69.383,69.5,,0.0
2025,15,Dutch Grand Prix,Netherlands,2025-08-31 00:00:00,Dutch Grand Prix,SAI,55,Williams,9.0,13.0,0.0,0,Finished,9.0,69.98,69.472,69.505,,0.0
2025,15,Dutch Grand Prix,Netherlands,2025-08-31 00:00:00,Dutch Grand Prix,HUL,27,Kick Sauber,17.0,14.0,0.0,0,Finished,17.0,70.195,,,,0.0
2025,15,Dutch Grand Prix,Netherlands,2025-08-31 00:00:00,Dutch Grand Prix,BOR,5,Kick Sauber,13.0,15.0,0.0,0,Finished,13.0,70.037,69.622,,,0.0
2025,15,Dutch Grand Prix,Netherlands,2025-08-31 00:00:00,Dutch Grand Prix,ANT,12,Mercedes,11.0,16.0,0.0,0,Finished,11.0,69.845,69.493,,,0.0
2025,15,Dutch Grand Prix,Netherlands,2025-08-31 00:00:00,Dutch Grand Prix,GAS,10,Alpine,14.0,17.0,0.0,0,Finished,14.0,69.894,69.637,,,0.0
2025,15,Dutch Grand Prix,Netherlands,2025-08-31 00:00:00,Dutch Grand Prix,NOR,4,McLaren,2.0,18.0,0.0,1,Retired,2.0,69.469,68.874,68.674,,0.0
2025,15,Dutch Grand Prix,Netherlands,2025-08-31 00:00:00,Dutch Grand Prix,LEC,16,Ferrari,6.0,19.0,0.0,1,Retired,6.0,69.906,69.304,69.34,,0.0
2025,15,Dutch Grand Prix,Netherlands,2025-08-31 00:00:00,Dutch Grand Prix,HAM,44,Ferrari,7.0,20.0,0.0,1,Retired,7.0,69.9,69.261,69.39,,0.0
2025,16,Italian Grand Prix,Italy,2025-09-07 00:00:00,Italian Grand Prix,VER,1,Red Bull Racing,1.0,1.0,25.0,0,Finished,1.0,79.455,79.14,78.792,,0.0
2025,16,Italian Grand Prix,Italy,2025-09-07 00:00:00,Italian Grand Prix,NOR,4,McLaren,2.0,2.0,18.0,0,Finished,2.0,79.517,79.293,78.869,,0.0
2025,16,Italian Grand Prix,Italy,2025-09-07 00:00:00,Italian Grand Prix,PIA,81,McLaren,3.0,3.0,15.0,0,Finished,3.0,79.711,79.286,78.982,,0.0
2025,16,Italian Grand Prix,Italy,2025-09-07 00:00:00,Italian Grand Prix,LEC,16,Ferrari,4.0,4.0,12.0,0,Finished,4.0,79.689,79.31,79.007,,0.0
2025,16,Italian Grand Prix,Italy,2025-09-07 00:00:00,Italian Grand Prix,RUS,63,Mercedes,5.0,5.0,10.0,0,Finished,6.0,79.414,79.287,79.157,,0.0
2025,16,Italian Grand Prix,Italy,2025-09-07 00:00:00,Italian Grand Prix,HAM,44,Ferrari,10.0,6.0,8.0,0,Finished,5.0,79.765,79.371,79.124,,0.0
2025,16,Italian Grand Prix,Italy,2025-09-07 00:00:00,Italian Grand Prix,ALB,23,Williams,14.0,7.0,6.0,0,Finished,14.0,79.837,79.583,,,0.0
2025,16,Italian Grand Prix,Italy,2025-09-07 00:00:00,Italian Grand Prix,BOR,5,Kick Sauber,7.0,8.0,4.0,0,Finished,8.0,79.688,79.323,79.39,,0.0
2025,16,Italian Grand Prix,Italy,2025-09-07 00:00:00,Italian Grand Prix,ANT,12,Mercedes,6.0,9.0,2.0,0,Finished,7.0,79.747,79.245,79.2,,0.0
2025,16,Italian Grand Prix,Italy,2025-09-07 00:00:00,Italian Grand Prix,HAD,6,Racing Bulls,19.0,10.0,1.0,0,Finished,16.0,79.917,,,,0.0
2025,16,Italian Grand Prix,Italy,2025-09-07 00:00:00,Italian Grand Prix,SAI,55,Williams,13.0,11.0,0.0,0,Finished,13.0,79.644,79.528,,,0.0
2025,16,Italian Grand Prix,Italy,2025-09-07 00:00:00,Italian Grand Prix,BEA,87,Haas F1 Team,11.0,12.0,0.0,0,Finished,11.0,79.688,79.446,,,0.0
2025,16,Italian Grand Prix,Italy,2025-09-07 00:00:00,Italian Grand Prix,TSU,22,Red Bull Racing,9.0,13.0,0.0,0,Finished,10.0,79.619,79.433,79.519,,0.0
2025,16,Italian Grand Prix,Italy,2025-09-07 00:00:00,Italian Grand Prix,LAW,30,Racing Bulls,18.0,14.0,0.0,0,Finished,20.0,80.279,,,,0.0
2025,16,Italian Grand Prix,Italy,2025-09-07 00:00:00,Italian Grand Prix,OCO,31,Haas F1 Team,15.0,15.0,0.0,0,Lapped,15.0,79.816,79.707,,,0.0
2025,16,Italian Grand Prix,Italy,2025-09-07 00:00:00,Italian Grand Prix,GAS,10,Alpine,20.0,16.0,0.0,0,Lapped,19.0,80.103,,,,0.0
2025,16,Italian Grand Prix,Italy,2025-09-07 00:00:00,Italian Grand Prix,COL,43,Alpine,17.0,17.0,0.0,0,Lapped,18.0,79.992,,,,0.0
2025,16,Italian Grand Prix,Italy,2025-09-07 00:00:00,Italian Grand Prix,STR,18,Aston Martin,16.0,18.0,0.0,0,Lapped,17.0,79.948,,,,0.0
2025,16,Italian Grand Prix,Italy,2025-09-07 00:00:00,Italian Grand Prix,ALO,14,Aston Martin,8.0,19.0,0.0,1,Retired,9.0,79.658,79.362,79.424,,0.0
2025,16,Italian Grand Prix,Italy,2025-09-07 00:00:00,Italian Grand Prix,HUL,27,Kick Sauber,12.0,20.0,0.0,1,Did not start,12.0,79.777,79.498,,,0.0
2025,17,Azerbaijan Grand Prix,Azerbaijan,2025-09-21 00:00:00,Azerbaijan Grand Prix,VER,1,Red Bull Racing,1.0,1.0,25.0,0,Finished,1.0,101.331,101.255,101.117,,0.0
2025,17,Azerbaijan Grand Prix,Azerbaijan,2025-09-21 00:00:00,Azerbaijan Grand Prix,RUS,63,Mercedes,5.0,2.0,18.0,0,Finished,5.0,101.646,101.455,102.07,,0.0
2025,17,Azerbaijan Grand Prix,Azerbaijan,2025-09-21 00:00:00,Azerbaijan Grand Prix,SAI,55,Williams,2.0,3.0,15.0,0,Finished,2.0,102.635,101.675,101.595,,0.0
2025,17,Azerbaijan Grand Prix,Azerbaijan,2025-09-21 00:00:00,Azerbaijan Grand Prix,ANT,12,Mercedes,4.0,4.0,12.0,0,Finished,4.0,102.247,101.464,101.717,,0.0
2025,17,Azerbaijan Grand Prix,Azerbaijan,2025-09-21 00:00:00,Azerbaijan Grand Prix,LAW,30,Racing Bulls,3.0,5.0,10.0,0,Finished,3.0,102.257,101.537,101.707,,0.0
2025,17,Azerbaijan Grand Prix,Azerbaijan,2025-09-21 00:00:00,Azerbaijan Grand Prix,TSU,22,Red Bull Racing,6.0,6.0,8.0,0,Finished,6.0,102.347,101.788,102.143,,0.0
2025,17,Azerbaijan Grand Prix,Azerbaijan,2025-09-21 00:00:00,Azerbaijan Grand Prix,NOR,4,McLaren,7.0,7.0,6.0,0,Finished,7.0,101.322,101.396,102.239,,0.0
2025,17,Azerbaijan Grand Prix,Azerbaijan,2025-09-21 00:00:00,Azerbaijan Grand Prix,HAM,44,Ferrari,12.0,8.0,4.0,0,Finished,12.0,101.821,102.183,,,0.0
2025,17,Azerbaijan Grand Prix,Azerbaijan,2025-09-21 00:00:00,Azerbaijan Grand Prix,LEC,16,Ferrari,10.0,9.0,2.0,0,Finished,10.0,101.458,101.519,,,0.0
2025,17,Azerbaijan Grand Prix,Azerbaijan,2025-09-21 00:00:00,Azerbaijan Grand Prix,HAD,6,Racing Bulls,8.0,10.0,1.0,0,Finished,8.0,101.656,101.647,102.372,,0.0
2025,17,Azerbaijan Grand Prix,Azerbaijan,2025-09-21 00:00:00,Azerbaijan Grand Prix,BOR,5,Kick Sauber,13.0,11.0,0.0,0,Finished,13.0,102.511,102.277,,,0.0
2025,17,Azerbaijan Grand Prix,Azerbaijan,2025-09-21 00:00:00,Azerbaijan Grand Prix,BEA,87,Haas F1 Team,15.0,12.0,0.0,0,Finished,15.0,102.666,,,,0.0
2025,17,Azerbaijan Grand Prix,Azerbaijan,2025-09-21 00:00:00,Azerbaijan Grand Prix,ALB,23,Williams,19.0,13.0,0.0,0,Finished,19.0,103.778,,,,0.0
2025,17,Azerbaijan Grand Prix,Azerbaijan,2025-09-21 00:00:00,Azerbaijan Grand Prix,OCO,31,Haas F1 Team,20.0,14.0,0.0,0,Finished,20.0,,,,,0.0
2025,17,Azerbaijan Grand Prix,Azerbaijan,2025-09-21 00:00:00,Azerbaijan Grand Prix,ALO,14,Aston Martin,11.0,15.0,0.0,0,Finished,11.0,102.211,101.857,,,0.0
2025,17,Azerbaijan Grand Prix,Azerbaijan,2025-09-21 00:00:00,Azerbaijan Grand Prix,HUL,27,Kick Sauber,17.0,16.0,0.0,0,Finished,17.0,102.916,,,,0.0
2025,17,Azerbaijan Grand Prix,Azerbaijan,2025-09-21 00:00:00,Azerbaijan Grand Prix,STR,18,Aston Martin,14.0,17.0,0.0,0,Finished,14.0,102.101,103.061,,,0.0
2025,17,Azerbaijan Grand Prix,Azerbaijan,2025-09-21 00:00:00,Azerbaijan Grand Prix,GAS,10,Alpine,18.0,18.0,0.0,0,Lapped,18.0,103.139,,,,0.0
2025,17,Azerbaijan Grand Prix,Azerbaijan,2025-09-21 00:00:00,Azerbaijan Grand Prix,COL,43,Alpine,16.0,19.0,0.0,0,Lapped,16.0,102.779,,,,0.0
2025,17,Azerbaijan Grand Prix,Azerbaijan,2025-09-21 00:00:00,Azerbaijan Grand Prix,PIA,81,McLaren,9.0,20.0,0.0,1,Retired,9.0,101.839,101.414,,,0.0
2025,18,Singapore Grand Prix,Singapore,2025-10-05 00:00:00,Singapore Grand Prix,RUS,63,Mercedes,1.0,1.0,25.0,0,Finished,1.0,89.928,89.562,89.158,,0.0
2025,18,Singapore Grand Prix,Singapore,2025-10-05 00:00:00,Singapore Grand Prix,VER,1,Red Bull Racing,2.0,2.0,18.0,0,Finished,2.0,90.028,89.572,89.34,,0.0
2025,18,Singapore Grand Prix,Singapore,2025-10-05 00:00:00,Singapore Grand Prix,NOR,4,McLaren,5.0,3.0,15.0,0,Finished,5.0,89.932,89.809,89.586,,0.0
2025,18,Singapore Grand Prix,Singapore,2025-10-05 00:00:00,Singapore Grand Prix,PIA,81,McLaren,3.0,4.0,12.0,0,Finished,3.0,90.313,89.813,89.524,,0.0
2025,18,Singapore Grand Prix,Singapore,2025-10-05 00:00:00,Singapore Grand Prix,ANT,12,Mercedes,4.0,5.0,10.0,0,Finished,4.0,90.036,89.649,89.537,,0.0
2025,18,Singapore Grand Prix,Singapore,2025-10-05 00:00:00,Singapore Grand Prix,LEC,16,Ferrari,7.0,6.0,8.0,0,Finished,7.0,90.37,89.914,89.784,,0.0
2025,18,Singapore Grand Prix,Singapore,2025-10-05 00:00:00,Singapore Grand Prix,ALO,14,Aston Martin,10.0,7.0,6.0,0,Finished,10.0,90.745,90.054,89.955,,0.0
2025,18,Singapore Grand Prix,Singapore,2025-10-05 00:00:00,Singapore Grand Prix,HAM,44,Ferrari,6.0,8.0,4.0,0,Finished,6.0,89.765,89.936,89.688,,0.0
2025,18,Singapore Grand Prix,Singapore,2025-10-05 00:00:00,Singapore Grand Prix,BEA,87,Haas F1 Team,9.0,9.0,2.0,0,Finished,9.0,90.42,90.076,89.868,,0.0
2025,18,Singapore Grand Prix,Singapore,2025-10-05 00:00:00,Singapore Grand Prix,SAI,55,Williams,18.0,10.0,1.0,0,Lapped,20.0,,,,,0.0
2025,18,Singapore Grand Prix,Singapore,2025-10-05 00:00:00,Singapore Grand Prix,HAD,6,Racing Bulls,8.0,11.0,0.0,0,Lapped,8.0,90.214,90.016,89.846,,0.0
2025,18,Singapore Grand Prix,Singapore,2025-10-05 00:00:00,Singapore Grand Prix,TSU,22,Red Bull Racing,13.0,12.0,0.0,0,Lapped,13.0,90.574,90.353,,,0.0
2025,18,Singapore Grand Prix,Singapore,2025-10-05 00:00:00,Singapore Grand Prix,STR,18,Aston Martin,15.0,13.0,0.0,0,Lapped,15.0,90.949,,,,0.0
2025,18,Singapore Grand Prix,Singapore,2025-10-05 00:00:00,Singapore Grand Prix,ALB,23,Williams,20.0,14.0,0.0,0,Lapped,19.0,,,,,0.0
2025,18,Singapore Grand Prix,Singapore,2025-10-05 00:00:00,Singapore Grand Prix,LAW,30,Racing Bulls,12.0,15.0,0.0,0,Lapped,12.0,90.681,90.32,,,0.0
2025,18,Singapore Grand Prix,Singapore,2025-10-05 00:00:00,Singapore Grand Prix,COL,43,Alpine,16.0,16.0,0.0,0,Lapped,16.0,90.982,,,,0.0
2025,18,Singapore Grand Prix,Singapore,2025-10-05 00:00:00,Singapore Grand Prix,BOR,5,Kick Sauber,14.0,17.0,0.0,0,Lapped,14.0,90.82,,,,0.0
2025,18,Singapore Grand Prix,Singapore,2025-10-05 00:00:00,Singapore Grand Prix,OCO,31,Haas F1 Team,17.0,18.0,0.0,0,Lapped,17.0,90.989,,,,0.0
2025,18,Singapore Grand Prix,Singapore,2025-10-05 00:00:00,Singapore Grand Prix,GAS,10,Alpine,19.0,19.0,0.0,0,Lapped,18.0,91.261,,,,0.0
2025,18,Singapore Grand Prix,Singapore,2025-10-05 00:00:00,Singapore Grand Prix,HUL,27,Kick Sauber,11.0,20.0,0.0,0,Lapped,11.0,90.715,90.141,,,0.0
2025,19,United States Grand Prix,United States,2025-10-19 00:00:00,United States Grand Prix,VER,1,Red Bull Racing,1.0,1.0,25.0,0,Finished,1.0,93.207,92.701,92.51,1.0,8.0
2025,19,United States Grand Prix,United States,2025-10-19 00:00:00,United States Grand Prix,NOR,4,McLaren,2.0,2.0,18.0,0,Finished,2.0,93.843,92.876,92.801,18.0,0.0
2025,19,United States Grand Prix,United States,2025-10-19 00:00:00,United States Grand Prix,LEC,16,Ferrari,3.0,3.0,15.0,0,Finished,3.0,93.525,92.869,92.807,5.0,4.0
2025,19,United States Grand Prix,United States,2025-10-19 00:00:00,United States Grand Prix,HAM,44,Ferrari,5.0,4.0,12.0,0,Finished,5.0,93.685,92.914,92.912,4.0,5.0
2025,19,United States Grand Prix,United States,2025-10-19 00:00:00,United States Grand Prix,PIA,81,McLaren,6.0,5.0,10.0,0,Finished,6.0,93.746,93.228,93.084,19.0,0.0
2025,19,United States Grand Prix,United States,2025-10-19 00:00:00,United States Grand Prix,RUS,63,Mercedes,4.0,6.0,8.0,0,Finished,4.0,93.311,93.058,92.826,2.0,7.0
2025,19,United States Grand Prix,United States,2025-10-19 00:00:00,United States Grand Prix,TSU,22,Red Bull Racing,13.0,7.0,6.0,0,Finished,13.0,93.935,93.466,,7.0,2.0
2025,19,United States Grand Prix,United States,2025-10-19 00:00:00,United States Grand Prix,HUL,27,Kick Sauber,11.0,8.0,4.0,0,Finished,11.0,93.551,93.334,,13.0,0.0
2025,19,United States Grand Prix,United States,2025-10-19 00:00:00,United States Grand Prix,BEA,87,Haas F1 Team,8.0,9.0,2.0,0,Finished,8.0,93.921,93.238,93.139,15.0,0.0
2025,19,United States Grand Prix,United States,2025-10-19 00:00:00,United States Grand Prix,ALO,14,Aston Martin,10.0,10.0,1.0,0,Finished,10.0,93.741,93.237,93.16,20.0,0.0
2025,19,United States Grand Prix,United States,2025-10-19 00:00:00,United States Grand Prix,LAW,30,Racing Bulls,12.0,11.0,0.0,0,Finished,12.0,93.549,93.36,,9.0,0.0
2025,19,United States Grand Prix,United States,2025-10-19 00:00:00,United States Grand Prix,STR,18,Aston Martin,19.0,12.0,0.0,0,Finished,18.0,94.54,,,17.0,0.0
2025,19,United States Grand Prix,United States,2025-10-19 00:00:00,United States Grand Prix,ANT,12,Mercedes,7.0,13.0,0.0,0,Finished,7.0,93.501,93.044,93.114,8.0,1.0
2025,19,United States Grand Prix,United States,2025-10-19 00:00:00,United States Grand Prix,ALB,23,Williams,18.0,14.0,0.0,0,Finished,19.0,94.69,,,6.0,3.0
2025,19,United States Grand Prix,United States,2025-10-19 00:00:00,United States Grand Prix,OCO,31,Haas F1 Team,17.0,15.0,0.0,0,Finished,17.0,94.136,,,16.0,0.0
2025,19,United States Grand Prix,United States,2025-10-19 00:00:00,United States Grand Prix,HAD,6,Racing Bulls,20.0,16.0,0.0,0,Finished,20.0,,,,12.0,0.0
2025,19,United States Grand Prix,United States,2025-10-19 00:00:00,United States Grand Prix,COL,43,Alpine,15.0,17.0,0.0,0,Lapped,15.0,94.039,94.044,,14.0,0.0
2025,19,United States Grand Prix,United States,2025-10-19 00:00:00,United States Grand Prix,BOR,5,Kick Sauber,16.0,18.0,0.0,0,Lapped,16.0,94.125,,,11.0,0.0
2025,19,United States Grand Prix,United States,2025-10-19 00:00:00,United States Grand Prix,GAS,10,Alpine,14.0,19.0,0.0,0,Lapped,14.0,93.599,93.651,,10.0,0.0
2025,19,United States Grand Prix,United States,2025-10-19 00:00:00,United States Grand Prix,SAI,55,Williams,9.0,20.0,0.0,1,Retired,9.0,93.739,93.124,93.15,3.0,6.0
2025,20,Mexico City Grand Prix,Mexico,2025-10-26 00:00:00,Mexico City Grand Prix,NOR,4,McLaren,1.0,1.0,25.0,0,Finished,1.0,76.899,76.252,75.586,,0.0
2025,20,Mexico City Grand Prix,Mexico,2025-10-26 00:00:00,Mexico City Grand Prix,LEC,16,Ferrari,2.0,2.0,18.0,0,Finished,2.0,77.024,76.658,75.848,,0.0
2025,20,Mexico City Grand Prix,Mexico,2025-10-26 00:00:00,Mexico City Grand Prix,VER,1,Red Bull Racing,5.0,3.0,15.0,0,Finished,5.0,77.076,76.605,76.07,,0.0
2025,20,Mexico City Grand Prix,Mexico,2025-10-26 00:00:00,Mexico City Grand Prix,BEA,87,Haas F1 Team,9.0,4.0,12.0,0,Finished,10.0,77.04,76.787,76.46,,0.0
2025,20,Mexico City Grand Prix,Mexico,2025-10-26 00:00:00,Mexico City Grand Prix,PIA,81,McLaren,7.0,5.0,10.0,0,Finished,8.0,77.158,76.737,76.174,,0.0
2025,20,Mexico City Grand Prix,Mexico,2025-10-26 00:00:00,Mexico City Grand Prix,ANT,12,Mercedes,6.0,6.0,8.0,0,Finished,6.0,77.291,76.773,76.118,,0.0
2025,20,Mexico City Grand Prix,Mexico,2025-10-26 00:00:00,Mexico City Grand Prix,RUS,63,Mercedes,4.0,7.0,6.0,0,Finished,4.0,76.895,76.537,76.034,,0.0
2025,20,Mexico City Grand Prix,Mexico,2025-10-26 00:00:00,Mexico City Grand Prix,HAM,44,Ferrari,3.0,8.0,4.0,0,Finished,3.0,76.736,76.458,75.938,,0.0
2025,20,Mexico City Grand Prix,Mexico,2025-10-26 00:00:00,Mexico City Grand Prix,OCO,31,Haas F1 Team,11.0,9.0,2.0,0,Finished,12.0,76.948,76.837,,,0.0
2025,20,Mexico City Grand Prix,Mexico,2025-10-26 00:00:00,Mexico City Grand Prix,BOR,5,Kick Sauber,16.0,10.0,1.0,0,Finished,16.0,77.412,,,,0.0
2025,20,Mexico City Grand Prix,Mexico,2025-10-26 00:00:00,Mexico City Grand Prix,TSU,22,Red Bull Racing,10.0,11.0,0.0,0,Finished,11.0,77.234,76.816,,,0.0
2025,20,Mexico City Grand Prix,Mexico,2025-10-26 00:00:00,Mexico City Grand Prix,ALB,23,Williams,17.0,12.0,0.0,0,Lapped,17.0,77.49,,,,0.0
2025,20,Mexico City Grand Prix,Mexico,2025-10-26 00:00:00,Mexico City Grand Prix,HAD,6,Racing Bulls,8.0,13.0,0.0,0,Lapped,9.0,76.733,76.804,76.252,,0.0
2025,20,Mexico City Grand Prix,Mexico,2025-10-26 00:00:00,Mexico City Grand Prix,STR,18,Aston Martin,19.0,14.0,0.0,0,Lapped,19.0,77.606,,,,0.0
2025,20,Mexico City Grand Prix,Mexico,2025-10-26 00:00:00,Mexico City Grand Prix,GAS,10,Alpine,18.0,15.0,0.0,0,Lapped,18.0,77.546,,,,0.0
2025,20,Mexico City Grand Prix,Mexico,2025-10-26,Mexico City Grand Prix,COL,43,Alpine,20.0,16.0,0.0,0,Lapped,20.0,77.67,,,,0.0
2025,20,Mexico City Grand Prix,Mexico,2025-10-26,Mexico City Grand Prix,SAI,55,Williams,12.0,17.0,0.0,1,Retired,7.0,77.171,76.607,76.172,,0.0
2025,20,Mexico City Grand Prix,Mexico,2025-10-26,Mexico City Grand Prix,ALO,14,Aston Martin,14.0,18.0,0.0,1,Retired,14.0,77.232,77.103,,,0.0
2025,20,Mexico City Grand Prix,Mexico,2025-10-26,Mexico City Grand Prix,HUL,27,Kick Sauber,13.0,19.0,0.0,1,Retired,13.0,77.251,77.016,,,0.0
2025,20,Mexico City Grand Prix,Mexico,2025-10-26,Mexico City Grand Prix,LAW,30,Racing Bulls,15.0,20.0,0.0,1,Retired,15.0,76.961,78.072,,,0.0
2025,21,São Paulo Grand Prix,Brazil,2025-11-09,São Paulo Grand Prix,NOR,4,McLaren,1.0,1.0,25.0,0,Finished,1.0,69.656,69.616,69.511,1.0,8.0
2025,21,São Paulo Grand Prix,Brazil,2025-11-09,São Paulo Grand Prix,ANT,12,Mercedes,2.0,2.0,18.0,0,Finished,2.0,70.192,69.774,69.685,2.0,7.0
2025,21,São Paulo Grand Prix,Brazil,2025-11-09,São Paulo Grand Prix,VER,1,Red Bull Racing,19.0,3.0,15.0,0,Finished,16.0,70.403,,,4.0,5.0
2025,21,São Paulo Grand Prix,Brazil,2025-11-09,São Paulo Grand Prix,RUS,63,Mercedes,6.0,4.0,12.0,0,Finished,6.0,69.935,69.88,69.942,3.0,6.0
2025,21,São Paulo Grand Prix,Brazil,2025-11-09,São Paulo Grand Prix,PIA,81,McLaren,4.0,5.0,10.0,0,Finished,4.0,69.928,69.835,69.886,19.0,0.0
2025,21,São Paulo Grand Prix,Brazil,2025-11-09,São Paulo Grand Prix,BEA,87,Haas F1 Team,8.0,6.0,8.0,0,Finished,8.0,69.891,69.755,69.977,12.0,0.0
2025,21,São Paulo Grand Prix,Brazil,2025-11-09,São Paulo Grand Prix,LAW,30,Racing Bulls,7.0,7.0,6.0,0,Finished,7.0,70.108,69.95,69.962,16.0,0.0
2025,21,São Paulo Grand Prix,Brazil,2025-11-09,São Paulo Grand Prix,HAD,6,Racing Bulls,5.0,8.0,4.0,0,Finished,5.0,70.083,69.97,69.931,10.0,0.0
2025,21,São Paulo Grand Prix,Brazil,2025-11-09,São Paulo Grand Prix,HUL,27,Kick Sauber,10.0,9.0,2.0,0,Finished,10.0,70.337,69.985,70.039,15.0,0.0
2025,21,São Paulo Grand Prix,Brazil,2025-11-09,São Paulo Grand Prix,GAS,10,Alpine,9.0,10.0,1.0,0,Finished,9.0,69.885,69.857,70.002,8.0,1.0
2025,21,São Paulo Grand Prix,Brazil,2025-11-09,São Paulo Grand Prix,ALB,23,Williams,12.0,11.0,0.0,0,Finished,12.0,70.115,70.053,,17.0,0.0
2025,21,São Paulo Grand Prix,Brazil,2025-11-09,São Paulo Grand Prix,OCO,31,Haas F1 Team,20.0,12.0,0.0,0,Finished,17.0,70.438,,,11.0,0.0
2025,21,São Paulo Grand Prix,Brazil,2025-11-09,São Paulo Grand Prix,SAI,55,Williams,15.0,13.0,0.0,0,Finished,15.0,70.184,70.472,,14.0,0.0
2025,21,São Paulo Grand Prix,Brazil,2025-11-09,São Paulo Grand Prix,ALO,14,Aston Martin,11.0,14.0,0.0,0,Finished,11.0,70.181,70.001,,6.0,3.0
2025,21,São Paulo Grand Prix,Brazil,2025-11-09,São Paulo Grand Prix,COL,43,Alpine,16.0,15.0,0.0,0,Finished,18.0,70.632,,,20.0,0.0
2025,21,São Paulo Grand Prix,Brazil,2025-11-09,São Paulo Grand Prix,STR,18,Aston Martin,14.0,16.0,0.0,0,Finished,14.0,70.041,70.161,,9.0,0.0
2025,21,São Paulo Grand Prix,Brazil,2025-11-09,São Paulo Grand Prix,TSU,22,Red Bull Racing,17.0,17.0,0.0,0,Finished,19.0,70.711,,,13.0,0.0
2025,21,São Paulo Grand Prix,Brazil,2025-11-09,São Paulo Grand Prix,HAM,44,Ferrari,13.0,18.0,0.0,1,Retired,13.0,70.016,70.1,,7.0,2.0
2025,21,São Paulo Grand Prix,Brazil,2025-11-09,São Paulo Grand Prix,LEC,16,Ferrari,3.0,19.0,0.0,1,Retired,3.0,69.934,69.801,69.805,5.0,4.0
2025,21,São Paulo Grand Prix,Brazil,2025-11-09,São Paulo Grand Prix,BOR,5,Kick Sauber,18.0,20.0,0.0,1,Retired,,,,,18.0,0.0
2025,22,Las Vegas Grand Prix,United States,2025-11-22,Las Vegas Grand Prix,VER,1,Red Bull Racing,2.0,1.0,25.0,0,Finished,2.0,113.458,111.593,108.257,,0.0
2025,22,Las Vegas Grand Prix,United States,2025-11-22,Las Vegas Grand Prix,RUS,63,Mercedes,4.0,2.0,18.0,0,Finished,4.0,113.144,110.935,108.803,,0.0
2025,22,Las Vegas Grand Prix,United States,2025-11-22,Las Vegas Grand Prix,ANT,12,Mercedes,17.0,3.0,15.0,0,Finished,17.0,116.314,,,,0.0
2025,22,Las Vegas Grand Prix,United States,2025-11-22,Las Vegas Grand Prix,LEC,16,Ferrari,9.0,4.0,12.0,0,Finished,9.0,114.814,111.952,109.872,,0.0
2025,22,Las Vegas Grand Prix,United States,2025-11-22,Las Vegas Grand Prix,SAI,55,Williams,3.0,5.0,10.0,0,Finished,3.0,114.873,111.144,108.296,,0.0
2025,22,Las Vegas Grand Prix,United States,2025-11-22,Las Vegas Grand Prix,HAD,6,Racing Bulls,8.0,6.0,8.0,0,Finished,8.0,115.613,111.12,109.554,,0.0
2025,22,Las Vegas Grand Prix,United States,2025-11-22,Las Vegas Grand Prix,HUL,27,Kick Sauber,11.0,7.0,6.0,0,Finished,11.0,114.555,112.781,,,0.0
2025,22,Las Vegas Grand Prix,United States,2025-11-22,Las Vegas Grand Prix,HAM,44,Ferrari,19.0,8.0,4.0,0,Finished,20.0,117.115,,,,0.0
2025,22,Las Vegas Grand Prix,United States,2025-11-22,Las Vegas Grand Prix,OCO,31,Haas F1 Team,13.0,9.0,2.0,0,Finished,13.0,114.635,112.987,,,0.0
2025,22,Las Vegas Grand Prix,United States,2025-11-22,Las Vegas Grand Prix,BEA,87,Haas F1 Team,14.0,10.0,1.0,0,Finished,14.0,116.016,113.094,,,0.0
2025,22,Las Vegas Grand Prix,United States,2025-11-22,Las Vegas Grand Prix,ALO,14,Aston Martin,7.0,11.0,0.0,0,Finished,7.0,113.739,111.865,109.466,,0.0
2025,22,Las Vegas Grand Prix,United States,2025-11-22,Las Vegas Grand Prix,TSU,22,Red Bull Racing,20.0,12.0,0.0,0,Finished,19.0,116.798,,,,0.0
2025,22,Las Vegas Grand Prix,United States,2025-11-22,Las Vegas Grand Prix,GAS,10,Alpine,10.0,13.0,0.0,0,Finished,10.0,114.432,111.76,111.54,,0.0
2025,22,Las Vegas Grand Prix,United States,2025-11-22,Las Vegas Grand Prix,LAW,30,Racing Bulls,6.0,14.0,0.0,0,Lapped,6.0,114.828,111.621,109.062,,0.0
2025,22,Las Vegas Grand Prix,United States,2025-11-22,Las Vegas Grand Prix,COL,43,Alpine,15.0,15.0,0.0,0,Lapped,15.0,114.847,113.683,,,0.0
2025,22,Las Vegas Grand Prix,United States,2025-11-22,Las Vegas Grand Prix,ALB,23,Williams,16.0,16.0,0.0,1,Retired,16.0,116.22,,,,0.0
2025,22,Las Vegas Grand Prix,United States,2025-11-22,Las Vegas Grand Prix,BOR,5,Kick Sauber,18.0,17.0,0.0,1,Retired,18.0,116.674,,,,0.0
2025,22,Las Vegas Grand Prix,United States,2025-11-22,Las Vegas Grand Prix,STR,18,Aston Martin,12.0,18.0,0.0,1,Retired,12.0,114.416,112.85,,,0.0
2025,22,Las Vegas Grand Prix,United States,2025-11-22,Las Vegas Grand Prix,NOR,4,McLaren,1.0,19.0,0.0,1,Disqualified,1.0,115.473,111.379,107.934,,0.0
2025,22,Las Vegas Grand Prix,United States,2025-11-22,Las Vegas Grand Prix,PIA,81,McLaren,5.0,20.0,0.0,1,Disqualified,5.0,114.544,112.126,108.961,,0.0
2025,23,Qatar Grand Prix,Qatar,2025-11-30,Qatar Grand Prix,VER,1,Red Bull Racing,3.0,1.0,25.0,0,Finished,3.0,80.472,79.985,79.651,4.0,5.0
2025,23,Qatar Grand Prix,Qatar,2025-11-30,Qatar Grand Prix,PIA,81,McLaren,1.0,2.0,18.0,0,Finished,1.0,80.234,79.65,79.387,1.0,8.0
2025,23,Qatar Grand Prix,Qatar,2025-11-30,Qatar Grand Prix,SAI,55,Williams,7.0,3.0,15.0,0,Finished,7.0,80.52,80.251,80.287,8.0,1.0
2025,23,Qatar Grand Prix,Qatar,2025-11-30,Qatar Grand Prix,NOR,4,McLaren,2.0,4.0,12.0,0,Finished,2.0,80.157,79.861,79.495,3.0,6.0
2025,23,Qatar Grand Prix,Qatar,2025-11-30,Qatar Grand Prix,ANT,12,Mercedes,5.0,5.0,10.0,0,Finished,5.0,80.576,80.084,79.846,6.0,3.0
2025,23,Qatar Grand Prix,Qatar,2025-11-30,Qatar Grand Prix,RUS,63,Mercedes,4.0,6.0,8.0,0,Finished,4.0,80.074,80.186,79.662,2.0,7.0
2025,23,Qatar Grand Prix,Qatar,2025-11-30,Qatar Grand Prix,ALO,14,Aston Martin,8.0,7.0,6.0,0,Finished,8.0,80.598,80.219,80.418,7.0,2.0
2025,23,Qatar Grand Prix,Qatar,2025-11-30,Qatar Grand Prix,LEC,16,Ferrari,10.0,8.0,4.0,0,Finished,10.0,80.564,80.343,80.561,13.0,0.0
2025,23,Qatar Grand Prix,Qatar,2025-11-30,Qatar Grand Prix,LAW,30,Racing Bulls,12.0,9.0,2.0,0,Finished,12.0,80.539,80.433,,14.0,0.0
2025,23,Qatar Grand Prix,Qatar,2025-11-30,Qatar Grand Prix,TSU,22,Red Bull Racing,15.0,10.0,1.0,0,Finished,16.0,80.761,,,5.0,4.0
2025,23,Qatar Grand Prix,Qatar,2025-11-30,Qatar Grand Prix,ALB,23,Williams,14.0,11.0,0.0,0,Finished,15.0,80.629,80.629,,10.0,0.0
2025,23,Qatar Grand Prix,Qatar,2025-11-30,Qatar Grand Prix,HAM,44,Ferrari,17.0,12.0,0.0,0,Finished,18.0,80.907,,,17.0,0.0
2025,23,Qatar Grand Prix,Qatar,2025-11-30,Qatar Grand Prix,BOR,5,Kick Sauber,19.0,13.0,0.0,0,Finished,14.0,80.653,80.534,,11.0,0.0
2025,23,Qatar Grand Prix,Qatar,2025-11-30,Qatar Grand Prix,COL,43,Alpine,20.0,14.0,0.0,0,Lapped,20.0,81.137,,,20.0,0.0
2025,23,Qatar Grand Prix,Qatar,2025-11-30,Qatar Grand Prix,OCO,31,Haas F1 Team,16.0,15.0,0.0,0,Lapped,17.0,80.864,,,15.0,0.0
2025,23,Qatar Grand Prix,Qatar,2025-11-30,Qatar Grand Prix,GAS,10,Alpine,9.0,16.0,0.0,0,Lapped,9.0,80.681,80.324,80.477,18.0,0.0
2025,23,Qatar Grand Prix,Qatar,2025-11-30,Qatar Grand Prix,STR,18,Aston Martin,18.0,17.0,0.0,1,Retired,19.0,81.058,,,19.0,0.0
2025,23,Qatar Grand Prix,Qatar,2025-11-30,Qatar Grand Prix,HAD,6,Racing Bulls,6.0,18.0,0.0,1,Retired,6.0,80.603,80.35,80.114,9.0,0.0
2025,23,Qatar Grand Prix,Qatar,2025-11-30,Qatar Grand Prix,BEA,87,Haas F1 Team,13.0,19.0,0.0,1,Retired,13.0,80.548,80.438,,12.0,0.0
2025,23,Qatar Grand Prix,Qatar,2025-11-30,Qatar Grand Prix,HUL,27,Kick Sauber,11.0,20.0,0.0,1,Retired,11.0,80.63,80.353,,16.0,0.0
2025,24,Abu Dhabi Grand Prix,United Arab Emirates,2025-12-07,Abu Dhabi Grand Prix,VER,1,Red Bull Racing,1.0,1.0,25.0,0,Finished,1.0,82.877,82.752,82.207,,0.0
2025,24,Abu Dhabi Grand Prix,United Arab Emirates,2025-12-07,Abu Dhabi Grand Prix,PIA,81,McLaren,3.0,2.0,18.0,0,Finished,3.0,82.605,83.021,82.437,,0.0
2025,24,Abu Dhabi Grand Prix,United Arab Emirates,2025-12-07,Abu Dhabi Grand Prix,NOR,4,McLaren,2.0,3.0,15.0,0,Finished,2.0,83.178,82.804,82.408,,0.0
2025,24,Abu Dhabi Grand Prix,United Arab Emirates,2025-12-07,Abu Dhabi Grand Prix,LEC,16,Ferrari,5.0,4.0,12.0,0,Finished,5.0,83.163,82.948,82.73,,0.0
2025,24,Abu Dhabi Grand Prix,United Arab Emirates,2025-12-07,Abu Dhabi Grand Prix,RUS,63,Mercedes,4.0,5.0,10.0,0,Finished,4.0,83.247,82.73,82.645,,0.0
2025,24,Abu Dhabi Grand Prix,United Arab Emirates,2025-12-07,Abu Dhabi Grand Prix,ALO,14,Aston Martin,6.0,6.0,8.0,0,Finished,6.0,83.071,82.861,82.902,,0.0
2025,24,Abu Dhabi Grand Prix,United Arab Emirates,2025-12-07,Abu Dhabi Grand Prix,OCO,31,Haas F1 Team,8.0,7.0,6.0,0,Finished,8.0,83.334,83.023,82.913,,0.0
2025,24,Abu Dhabi Grand Prix,United Arab Emirates,2025-12-07,Abu Dhabi Grand Prix,HAM,44,Ferrari,16.0,8.0,4.0,0,Finished,16.0,83.394,,,,0.0
2025,24,Abu Dhabi Grand Prix,United Arab Emirates,2025-12-07,Abu Dhabi Grand Prix,HUL,27,Kick Sauber,18.0,9.0,2.0,0,Finished,18.0,83.45,,,,0.0
2025,24,Abu Dhabi Grand Prix,United Arab Emirates,2025-12-07,Abu Dhabi Grand Prix,STR,18,Aston Martin,15.0,10.0,1.0,0,Finished,15.0,83.316,83.097,,,0.0
2025,24,Abu Dhabi Grand Prix,United Arab Emirates,2025-12-07,Abu Dhabi Grand Prix,BOR,5,Kick Sauber,7.0,11.0,0.0,0,Finished,7.0,83.374,82.874,82.904,,0.0
2025,24,Abu Dhabi Grand Prix,United Arab Emirates,2025-12-07,Abu Dhabi Grand Prix,BEA,87,Haas F1 Team,11.0,12.0,0.0,0,Finished,11.0,83.254,83.041,,,0.0
2025,24,Abu Dhabi Grand Prix,United Arab Emirates,2025-12-07,Abu Dhabi Grand Prix,SAI,55,Williams,12.0,13.0,0.0,0,Finished,12.0,83.187,83.042,,,0.0
2025,24,Abu Dhabi Grand Prix,United Arab Emirates,2025-12-07,Abu Dhabi Grand Prix,TSU,22,Red Bull Racing,10.0,14.0,0.0,0,Finished,10.0,83.386,83.034,,,0.0
2025,24,Abu Dhabi Grand Prix,United Arab Emirates,2025-12-07,Abu Dhabi Grand Prix,ANT,12,Mercedes,14.0,15.0,0.0,0,Finished,14.0,82.894,83.08,,,0.0
2025,24,Abu Dhabi Grand Prix,United Arab Emirates,2025-12-07,Abu Dhabi Grand Prix,ALB,23,Williams,17.0,16.0,0.0,0,Finished,17.0,83.416,,,,0.0
2025,24,Abu Dhabi Grand Prix,United Arab Emirates,2025-12-07,Abu Dhabi Grand Prix,HAD,6,Racing Bulls,9.0,17.0,0.0,0,Lapped,9.0,83.373,82.997,83.072,,0.0
2025,24,Abu Dhabi Grand Prix,United Arab Emirates,2025-12-07,Abu Dhabi Grand Prix,LAW,30,Racing Bulls,13.0,18.0,0.0,0,Lapped,13.0,83.265,83.077,,,0.0
2025,24,Abu Dhabi Grand Prix,United Arab Emirates,2025-12-07,Abu Dhabi Grand Prix,GAS,10,Alpine,19.0,19.0,0.0,0,Lapped,19.0,83.468,,,,0.0
2025,24,Abu Dhabi Grand Prix,United Arab Emirates,2025-12-07,Abu Dhabi Grand Prix,COL,43,Alpine,20.0,20.0,0.0,0,Lapped,20.0,83.89,,,,0.0
